,title,type,episodes
16829,"""Aesop"" no Ohanashi yori: Ushi to Kaeru, Yokubatta Inu",movie,1.0
4246,"""Bungaku Shoujo"" Kyou no Oyatsu: Hatsukoi",ova,1.0
9969,"""Uchuu Senkan Yamato"" to Iu Jidai: Seireki 2202-nen no Sentaku",movie,1.0
18919,#Compass 2.0: Sentou Setsuri Kaiseki System,,
6911,.hack//G.U. Trilogy: Parody Mode,special,1.0
7749,.hack//Quantum: Sore ike! Bokura no Chimuchimu-chan!!,special,3.0
7675,.hack//Tasogare no Udewa Densetsu: Offline de Aimashou,special,1.0
3965,.hack//The Movie: Sekai no Mukou ni,movie,1.0
7870,.hack//Versus: The Thanatos Report,special,1.0
6125,009 Re:Cyborg,movie,1.0
13837,009 Re:Cyborg x Zip,ona,10.0
8014,009-1: R&B,special,1.0
10088,00:08,movie,1.0
9581,10-pun de Oitsukeru: Shingeki no Kyojin,ona,1.0
10149,100-man-nen Chikyuu no Tabi: Bander Book,special,1.0
6890,1000-nen Joou: Queen Millennia,movie,1.0
14599,11:08,ona,1.0
6596,11eyes: Momoiro Genmutan,special,1.0
20576,12 Shengxiao Guanjiafu: Wangluo Shijie Lixian,tv,12.0
5481,12-sai.: Chicchana Mune no Tokimeki,tv,12.0
5362,12-sai.: Chicchana Mune no Tokimeki 2nd Season,tv,12.0
13602,15-fun de Wakaru Inazuma Eleven: Ares no Tenbin,ona,1.0
12419,15-fun de Wakaru: Kami no Tou,ona,2.0
9668,15-pun de Oitsukeru: Shingeki no Kyojin,ona,1.0
16357,16bit Sensation: Another Layer,tv,
14414,2.43 Mini Anime: Fukui-ben Kouza,ona,8.0
14210,2.43 Mini Anime: Inside Story,ona,10.0
13895,2.43 Mini Anime: Volleyball Kouza,ona,10.0
5706,2.43: Seiin Koukou Danshi Volley-bu,tv,12.0
13550,2.43: Seiin Koukou Danshi Volley-bu Mini Anime,ona,8.0
9837,20-pun de Oitsukeru: Shingeki no Kyojin,ona,1.0
10200,21-ji no Onna: Newscaster Katsuragi Miki,ova,3.0
6661,22/7: 8＋3=?,special,1.0
22234,23:60,movie,1.0
11966,3 Choume no Tama: Onegai! Momo-chan wo Sagashite!!,movie,1.0
7755,3 Choume no Tama: Uchi no Tama Shirimasen ka?,tv,36.0
9370,3-gatsu no Lion: Ugoku! Nya Shogi,special,10.0
15072,3-nen D-gumi Glass no Kamen: Tobidase! Watashitachi no Victory Road,movie,1.0
2481,3D Kanojo: Real Girl,tv,12.0
803,3D Kanojo: Real Girl 2nd Season,tv,12.0
4409,3x3 Eyes: Seima Densetsu,ova,3.0
21396,5 Dong 32 Hao: Hesui Fan,ona,4.0
9168,8-gatsu no Symphony: Shibuya 2002-2003,movie,1.0
6922,8-shaku 8-wa Kerakumeguri: Igyou Kaikitan The Animation,ova,3.0
20207,81 Hao Nongchang: Baowei Mai Ji,movie,1.0
20354,81 Hao Nongchang: Fengkuang de Mai Ji,movie,1.0
3454,86 Special Edition: Senya ni Akaku Hinageshi no Saku,special,1.0
4991,91 Days: Mijikai Rousoku,special,1.0
3292,"91 Days: Toki no Asase/Subete no Kinou/Ashita, Mata Ashita",special,1.0
21933,A Cappella Samurai: Harmony-tai wa Edo wo Sukuu,ona,
22325,A Fu Man Youji: Wuxi Renjie,tv,80.0
22883,A Mi Luo: Ge Hai Qi Yuan,tv,13.0
22801,A Mi Luo: Kongzhong Dalu,tv,13.0
3996,A-Channel: +A-Channel,special,11.0
5561,A-Channel: Nabe wo Tabeyou,special,1.0
10488,A-ra-shi: Reborn,music,1.0
17250,AAA de Ikou!!: Yuuna & Akiko,ova,1.0
969,ACCA: 13-ku Kansatsu-ka,tv,12.0
3820,ACCA: 13-ku Kansatsu-ka - Regards,ova,1.0
5675,ACCA: 13-ku Kansatsu-ka Specials,special,6.0
20162,AEIOUdan: Douro no Tadashii Watari Kata,ova,1.0
7681,AIKa R-16: Virgin Mission,ova,3.0
9614,AIKa: Special Trial,ova,1.0
11481,AIUEO Anime Sekai no Douwa: Aesop Monogatari Anime Series,tv,26.0
1744,AKB0048: Next Stage,tv,13.0
21128,AOTU Xueyuan: Ge Rui de Xinnian,ona,1.0
13535,ARP Backstage Pass: Celebrate Good Time - Short Stories,special,1.0
12425,ARP Backstage Pass: Paradise,special,1.0
21004,AU: Baoxiao Xiaoyuan,tv,60.0
22210,AU: De Fannao,tv,26.0
22270,AU: De Fannao 2nd Season,tv,26.0
22212,AU: De Richang,tv,5.0
21970,AU: Kaixin Tongnian,tv,60.0
22138,AU: Mengxiang Xilie,tv,40.0
22209,AU: Shen Qihuan Jing,tv,26.0
22024,AU: Shenqi Luobo,tv,52.0
22207,AU: Shenqi Luobo 2nd Season,tv,26.0
22136,AU: Shenqi Luobo 3rd Season,tv,26.0
22137,AU: Tong Qu Xilie,tv,100.0
22208,AU: Tu Zhi Lai Le,tv,26.0
22268,AU: Tu Zhi Lai Le 2nd Season,tv,26.0
21903,AU: Wei Cengzhang Jia You,tv,60.0
22269,AU: Xue Kexue,tv,32.0
22211,AU: Xue Kexue 2nd Season,tv,30.0
4161,Aa! Megami-sama!: Chichaitte Koto wa Benri da ne,tv,48.0
9118,Abandon: 100 Nuki Shinai to Derarenai Fushigi na Kyoushitsu,ova,
15655,Abe George Kattobi Seishun Ki: Shibuya Honky Tonk,ova,4.0
10814,Abunai Sisters: Koko & Mika,ova,10.0
6200,Accel World: Acchel World.,special,8.0
4160,Accel World: Infinite∞Burst,movie,1.0
4918,Accelerando: Datenshi-tachi no Sasayaki,ova,4.0
1699,Acchi Kocchi: Place=Princess,special,1.0
7138,Active Raid: Kidou Kyoushuushitsu Dai Hachi Gakari,tv,12.0
6410,Active Raid: Kidou Kyoushuushitsu Dai Hachi Gakari 2nd,tv,12.0
6912,Actors: Songs Connection,tv,12.0
18723,Aerover: Pinigseuui Buhwal,tv,13.0
18463,Aerover: Seupeiseu Drone Gwihwan,tv,13.0
17064,Afghanistan Paghman-mura no Monogatari: Boku no Mura ni Circus ga Kita,ova,1.0
16934,Afghanistan Paghman-mura no Monogatari: Sekaiichi Utsukushii Boku no Mura,ova,1.0
1602,Afro Samurai: Resurrection,movie,1.0
15080,Age of Obscure: Boubaku Jidai,movie,1.0
2205,Aggressive Retsuko: We Wish You a Metal Christmas,ona,1.0
15013,Agukaru: Play with Ibaraki-hen,ona,20.0
15692,Agukaru: Play with Ibaraki-hen Episode 0,ona,1.0
10663,Aguu: Tensai Ningyou,tv,12.0
7630,Ai Monogatari: 9 Love Stories,ova,1.0
6610,Ai Shimai 2: Futari no Kajitsu,ova,2.0
6392,Ai Shimai: Futari no Kajitsu,ova,3.0
13995,Ai Uta: Since 2007,music,1.0
2612,Ai Yori Aoshi: Enishi,tv,12.0
4189,Ai Yori Aoshi: Enishi - Miyuki,special,1.0
5304,Ai Yori Aoshi: Yumegatari,special,1.0
8267,Ai no Katachi: Ecchi na Onnanoko wa Kirai... desu ka?,ova,2.0
16996,Ai no Kiseki: Doctor Norman Monogatari,special,1.0
14037,Ai to Ken no Camelot: Mangaka Marina Time Slip Jiken,ova,1.0
19812,Ai to Yuuto: Hajimete no Otsukai,movie,1.0
5204,Aikatsu Friends!: Kagayaki no Jewel,tv,26.0
16611,Aikatsu! 10th Story: Mirai e no Starway,movie,1.0
9890,Aikatsu! 10th Story: Mirai e no Starway (2023),movie,1.0
6326,Aikatsu! Music Award: Minna de Shou wo MoracchaimaShow!,movie,1.0
8967,Aikatsu!: Dai Starmiya Ichigo Matsuri Zenyasai!!,special,1.0
5574,Aikatsu!: Nerawareta Mahou no Aikatsu! Card,movie,1.0
11902,Ail Maniax: Inma Seifukugari & Majogari no Yoru ni,ova,3.0
1472,Air Gear: Kuro no Hane to Nemuri no Mori - Break on the Sky,ova,3.0
10152,Aisei Tenshi Love Mary: Akusei Jutai - The Animation,ova,2.0
8304,Aishen Qiaokeli-ing: Wanjie Jinian,ona,1.0
19997,Aishiteru yo McCrea: McCrea no Koutsuu Anzen,ova,1.0
12399,Aitsu to Lullaby: Suiyobi no Cinderella,movie,1.0
6675,Ajimu: Kaigan Monogatari,ona,4.0
2222,Ajin Part 1: Shoudou,movie,1.0
3686,Ajin Part 2: Shoutotsu,movie,1.0
3739,Ajin Part 3: Shougeki,movie,1.0
17847,Akagaki Genzou: Tokuri no Wakare,movie,1.0
1204,"Akagami no Shirayuki-hime: Nandemonai Takaramono, Kono Page",ova,1.0
8009,Akage no Anne: Green Gables e no Michi,movie,1.0
18929,Akai Hoshi Aoi Hoshi: Tenmon Carat no Hoshi kara,music,1.0
9313,Akai Kiba: Blue Sonnet,ova,5.0
11897,Akai Koudan Zillion: Utahime Yakyoku,ova,1.0
11145,"Akai Shouzou: Char, Soshite Frontal e",special,1.0
5288,Akaneiro ni Somaru Saka: Hardcore,special,1.0
8367,Akashic Re:cords,ona,1.0
9938,Akebi no Hana: Maho,ova,1.0
6258,Aki-Sora: Yume no Naka,ova,2.0
10271,Akichi Asobi: Playground,movie,1.0
7538,Akihabara Dennou-gumi: 2011-nen no Natsuyasumi,movie,1.0
6354,Akikan!: Kan Ippatsu!? Onsen Panic,ova,1.0
18354,Akita Kenritsu Iburi Gakkou Chuutou-bu: Web-ban Omake,ona,27.0
5564,Aku no Onna Kanbu: Full Moon Night,ova,1.0
5876,Aku no Onna Kanbu: Full Moon Night R,ova,2.0
18193,Akuei to Gacchinpo The Movie: Chelsea no Gyakushuu/Akuei to Mahou no Hammer,movie,1.0
17560,Akuei to Gacchinpo: Tenkomori,tv,12.0
18274,Akuei to Gacchinpo: Tenkomori - Maboroshi no Omake Episode,special,1.0
10951,Akuma Tou no Prince: Mitsume ga Tooru,special,1.0
4890,Akuma no Riddle: Shousha wa Dare? Nukiuchi Test,special,1.0
12265,Akuma-kun: Youkoso Akuma Land e!!,movie,1.0
16256,Akuyaku Reijou Level 99: Watashi wa Ura-Boss desu ga Maou dewa Arimasen,tv,
22495,Ali Meng Zhi Dao: Wo de Yun,ona,10.0
22078,Alibaba 2: Solomon Fengyin,movie,1.0
11550,Alice Gear Aegis: Doki! Actress Darake no Mermaid Grand Prix♥,ova,1.0
13527,Aloha! Youkai Watch: Rakuen Hawaii de Geragerapou!!,ona,1.0
6790,Alps Monogatari: Watashi no Annette,tv,48.0
13669,Alps Monogatari: Watashi no Annette Specials,special,2.0
8312,Alps no Shoujo Heidi: Alm no Yama-hen,movie,1.0
7974,Alps no Shoujo Heidi: Heidi to Clara-hen,movie,1.0
6340,Altered Carbon: Resleeved,ona,1.0
12016,Amada Anime Series: Super Mario Brothers,ova,3.0
5646,Amaenaide yo!! Katsu!!: Damasarenaide yo!!,special,1.0
5257,Amaenaide yo!!: Yasumanaide yo!!,special,1.0
2783,Amagami SS+ Plus: Extra Episode+ Plus,special,6.0
2437,Amagami SS: Tachibana Miya-hen - Imouto,special,1.0
1996,Amagi Brilliant Park: Nonbirishiteiru Hima ga Nai!,special,1.0
4407,Amagi Brilliant Park: Wakuwaku Mini Theater - Rakugaki Backstage,special,7.0
8382,Amai Choubatsu: Watashi wa Kanshu Senyou Pet,ona,13.0
19583,Amanchu!: Upyopyo Dive Tsukkome! Amazon no Sekai!,special,1.0
9760,Amanchu!: Upyopyo Dive Tsukkome! Umi no Sekai!,special,6.0
3053,Amanchu!: Yakusoku no Natsu to Atarashii Omoide no Koto,ova,1.0
4025,Amanee!: Tomodachinchi de Konna Koto ni Naru Nante!,ova,1.0
11651,Ame-iro Cocoa Series: Ame-con!!,tv,12.0
10432,Ame-iro Cocoa: Rainy Color e Youkoso!,tv,12.0
11039,Ame-iro Cocoa: Side G,tv,12.0
5491,Amon: Devilman Mokushiroku,ova,1.0
9275,Anata no Shiranai Kangofu: Seiteki Byoutou 24 Ji,ova,2.0
10489,Anata wo Hitokoto de Arawashite Kudasai: no Shitsumon ga Nigate da.,ona,1.0
9301,Ancien to Mahou no Tablet: Mou Hitotsu no Hirune Hime,ona,2.0
5731,Andersen Douwa: Ningyohime,movie,1.0
4740,Ane Jiru 2 The Animation: Shirakawa Sanshimai ni Omakase,ova,2.0
4554,Ane Jiru The Animation: Shirakawa Sanshimai ni Omakase,ova,2.0
4704,Ane Koi: Suki Kirai Daisuki.,ova,2.0
5886,Ane Kyun!: Joshi ga Ie ni Kita!,ova,1.0
8579,Ane Log: Moyako Neesan no Honpen wo Tobidashite Tomaranai Monologue,ova,6.0
10877,Ane Log: Moyako Neesan no Honpen wo Tobidashite Tomaranai Monologue Specials,special,3.0
6902,Ane Log: Moyako Neesan no Tomaranai Monologue,ova,3.0
4703,Anehame: Ore no Hatsukoi ga Jisshi na Wake ga Nai,ova,
9716,Angel Blade: Ultimate Edition - Tokuteneizou,special,1.0
10233,Angel Core: Tenshi-tachi no Sumika,ova,2.0
10093,Angelique: Seichi yori Ai wo Komete,ova,3.0
10725,Angelique: Shiroi Tsubasa no Memoire,ova,2.0
11654,Angelique: Twin Collection,ova,8.0
2772,Angolmois: Genkou Kassenki,tv,12.0
9779,Ani x Para: Anata no Hero wa Dare desu ka,special,16.0
11941,Animation Kikou: Marco Polo no Bouken,tv,43.0
17030,Animation de Tsutaeru: Hibakusha kara no Tegami,ona,9.0
16754,Anime Document: München e no Michi,tv,16.0
9766,Anime Koukyoushi: Jungle Taitei,ova,1.0
9052,Anime Sanjuushi: Aramis no Bouken,movie,1.0
19807,Anime de Tanoshiku Manabu Koutsuu Anzen: Tenshi no Kotencotenco,ova,1.0
18131,Anime-ban Little★Nicky: Henachoko Akuma Nicky no NY Taikenki,ona,6.0
11922,"Animegataris: Yuku Toshi, Kuru Toshi",ona,1.0
10849,Animentary: Ketsudan,tv,25.0
12000,Anitore! EX: Jigoku no Training,special,5.0
9022,Anitore! XX: Hitotsu Yane no Shita de,tv,12.0
12967,Anitore! XX: Hitotsu Yane no Shita de Specials,special,6.0
11686,Anne no Nikki: Anne Frank Monogatari,special,1.0
22225,Annyeong Jadoo: Eondeo Deo Ssi,special,1.0
22336,Annyeong Jadoo: Hyonyeojadu & Eomjigongju,special,1.0
22089,Annyeong Jadoo: In-eogongju Pyeon,special,1.0
22901,Annyeong Jadoo: Jindallaeui Bimil,special,1.0
22154,Annyeong Jadoo: Seoyugi Eojjeoda Yeong-ung,special,1.0
16511,"Annyeong, Tyrano: Yeong-wonhi, Hamkke",movie,1.0
3672,Ano Hi Mita Hana no Namae wo Bokutachi wa Mada Shiranai.: Menma e no Tegami,special,1.0
17077,"Ano Hi, Bokura wa Senjou de: Shounenhei no Kokuhaku",special,1.0
2636,"Ano Natsu de Matteru: Bokutachi wa Koukou Saigo no Natsu wo Sugoshinagara, Ano Natsu de Matteiru.",special,1.0
6725,Another: Misaki Mei - Shizukani,music,1.0
1475,Another: The Other - Inga,ova,1.0
1718,Ansatsu Kyoushitsu: 365-nichi no Jikan,movie,1.0
1378,Ansatsu Kyoushitsu: Deai no Jikan,special,1.0
2367,Ansatsu Kyoushitsu: Jump Festa 2013 Special,special,1.0
1530,Ansatsu Kyoushitsu: Kagaijugyou-hen,ona,8.0
18961,Anzen Kakunin: Kenta to Nyanta no Koutsuu Anzen,ova,1.0
1710,Ao no Exorcist: Kuro no Iede,special,1.0
945,Ao no Exorcist: Kyoto Fujouou-hen,tv,12.0
2843,Ao no Exorcist: Kyoto Fujouou-hen OVA,ova,2.0
2660,Ao no Exorcist: Ura Ex,special,10.0
19316,Ao no Orchestra: 5-bu de Tanoshii Classic,ona,19.0
2797,Aoharu x Kikanjuu: Kemono-tachi no Senjou da na!,special,1.0
16653,Aoi Kioku: Manmou Kaitaku to Shounen-tachi,movie,1.0
1500,Aoki Hagane no Arpeggio: Ars Nova,tv,12.0
7674,Aoki Hagane no Arpeggio: Ars Nova - Kirikumas,special,13.0
2603,Aoki Hagane no Arpeggio: Ars Nova Movie 1 - DC,movie,1.0
1852,Aoki Hagane no Arpeggio: Ars Nova Movie 2 - Cadenza,movie,1.0
16475,Aoki Uru: Overture,special,1.0
17819,Apo Apo World: Giant Baba 90-bun 1-hon Shoubu,movie,1.0
9024,Appleseed XIII Remix Movie 1: Yuigon,movie,1.0
8898,Appleseed XIII Remix Movie 2: Yogen,movie,1.0
10798,Aquarian Age: Saga II - Don't Forget Me...,ova,1.0
7924,Aquarian Age: Sign for Evolution,tv,13.0
6439,Aquarion Movie: Ippatsu Gyakuten-hen,movie,1.0
7337,Ar Tonelico: Sekai no Owari de Utai Tsuzukeru Shoujo,ova,1.0
16433,Ar:pieL - 6-seosgae-ui Unmyeong,ona,3.0
12374,Arabian Night: Sindbad no Bouken,movie,1.0
4350,Arabian Nights: Sindbad no Bouken (TV),tv,52.0
5237,Arad Senki: Slap Up Party,tv,26.0
13300,Arad: Gyakuten no Wa,tv,13.0
11812,Arad: Suming Zhi Men,ona,20.0
4620,Araiya-san!: Ore to Aitsu ga Onnayu de!?,ona,8.0
9283,"Arano no Sakebi Koe: Hoero, Buck",special,1.0
8025,Arashi no Yoru ni: Himitsu no Tomodachi,tv,26.0
6609,Arata naru Sekai: World's/Start/Load/End,ova,1.0
4639,Arcana Famiglia: Capriccio - stile Arcana Famiglia,ova,1.0
12147,Arei no Kagami: Way to the Virgin Space,movie,1.0
8156,Argento Soma: Hitori to Hitori,special,1.0
16324,Argonavis Movie: Axia,movie,1.0
16385,Argonavis Movie: Ryuusei no Obligato,movie,1.0
3216,Aria the Natural: Sono Futatabi Deaeru Kiseki ni...,special,1.0
1492,Aria the OVA: Arietta,ova,1.0
1984,Aria the Origination: Sono Choppiri Himitsu no Basho ni...,special,1.0
16798,Aries: Shinwa no Seizakyuu,ova,1.0
3559,Arifureta Shokugyou de Sekai Saikyou: Arifureta Yorimichi de Sekai Saikyou,special,1.0
3516,Arifureta Shokugyou de Sekai Saikyou: Maboroshi no Bouken to Kiseki no Kaigou,ova,1.0
5146,Arifureta Shokugyou de Sekai Saikyou: Prologue,ona,1.0
20585,Arigatou: Kokoro no Bara,music,1.0
16172,Arknights: Fuyukomori Kaerimichi,tv,
2677,Arknights: Reimei Zensou,tv,8.0
4446,Armitage III: Dual-Matrix,movie,1.0
3953,Armitage III: Poly-Matrix,movie,1.0
14309,Armored Core: Fort Tower Song,ona,1.0
6053,Arslan Senki (TV): Arsen 4-koma Gekijou,special,8.0
1135,Arslan Senki (TV): Fuujin Ranbu,tv,8.0
9013,Arslan Senki (TV): Fuujin Ranbu - Arsen 4-koma Gekijou,special,4.0
5791,Arslan Senki (TV): Tsuioku no Shou - Dakkan no Yaiba,special,1.0
19692,Aru Mori no wo Hanashi: Rururu no Rule,ova,1.0
6436,Arve Rezzle: Kikaijikake no Yousei-tachi,movie,1.0
13548,Asa ga Kuru mae ni: Sasurai Version,music,1.0
14413,Asari-chan: Ai no Marchen Shoujo,movie,1.0
9838,Asatir: Mirai no Mukashi Banashi,tv,13.0
11360,Asgaldh: The Distortion Testament,ova,3.0
11506,Ashita Genki ni Nare!: Hanbun no Satsumaimo,movie,1.0
17033,Ashita no Kibou: Kanashimi yo Arigatou - Takae Tsuneo Monogatari,movie,1.0
8137,Asience: Kami wa Onna no Inochi,special,1.0
1781,Asobi Asobase: Cosplay Taikai/Otona no Watashi e,ova,1.0
3904,Asobi ni Iku yo!: Asobi ni Oide,ova,1.0
7204,Asobi ni Iku yo!: Asobi ni Oide - Owari,special,1.0
4719,Assault Lily: Bouquet,tv,12.0
8798,Assault Lily: Fruits,ona,13.0
3727,Astro Boy: Tetsuwan Atom,tv,50.0
10008,Astro Boy: Tetsuwan Atom - 10-man Kounen no Raihousha - IGZA,movie,1.0
9218,Astro Boy: Tetsuwan Atom - Getsumen Kichi - Kieta Robot no Nazo,movie,1.0
17093,Asu wo Tsukutta Otoko: Tanabe Sakurou to Biwako Sosui,movie,1.0
17668,Asuka: Nihon no Rekishi,ova,20.0
9310,Atasha Kawashiri Kodama da yo: Dangerous Lifehacker no Tadareta Seikatsu,tv,24.0
10750,Atashin'chi 3D Movie: Jounetsu no Chou Chounouryoku Haha Dai Bousou,movie,1.0
14550,Atelier Petros Joukuu Gekijou: Sentaku Shima no Sentaku Tori,ona,1.0
4285,Atom: The Beginning,tv,12.0
16207,Atri: My Dear Moments,tv,
23244,Atsumare! Kakkoii Ichinensei Power!: Korasho Kyuushutsu Daisakusen,ova,1.0
11946,Attack No.1: Namida no Fushichou,movie,1.0
11363,Attack No.1: Namida no Kaiten Receive,movie,1.0
11560,Attack No.1: Namida no Sekai Senshuken,movie,1.0
13164,Auction: Bijo Dorei,ova,1.0
21335,Aura Xing: Jinji Sheng Dian,movie,1.0
1862,Aura: Maryuuin Kouga Saigo no Tatakai,movie,1.0
7721,Avengers Confidential: Black Widow to Punisher,movie,1.0
18094,Aware! Meisaku-kun: DVD Hatsubai Kettei!,ona,
18615,Aware! Meisaku-kun: Human Academy Robot Kyoushitsu,ona,2.0
16017,Aware! Meisaku-kun: Ito-Yokado no Randsell,ona,1.0
17763,Aware! Meisaku-kun: Meiji Saite Oishii Mozzarella,special,1.0
17816,Aware! Meisaku-kun: Oronamin C,special,1.0
18718,Aware! Meisaku-kun: Q&A Corner,ona,
19670,Aware! Meisaku-kun: Ryuuguuchuu-hen,ona,14.0
17906,Aware! Meisaku-kun: Short Douga,ona,
2044,Ayakashi: Japanese Classic Horror,tv,11.0
3064,Azumanga Daiou: Gekijou Tanpen,special,1.0
3255,Azur Lane: Bisoku Zenshin!,tv,12.0
5883,Azur Lane: Bisoku Zenshin! Hokorashiki Bokou ni Shukusai wo,special,1.0
8558,Azur Lane: Queen's Orders,ova,2.0
4723,B-Project: Kodou*Ambitious,tv,12.0
16307,B-Project: Netsuretsu*Love Call,tv,
5571,B-Project: Zecchou*Emotion,tv,12.0
1584,B: The Beginning,ona,12.0
5833,B: The Beginning Succession,ona,6.0
10250,BaBuKa: Gokudou no Tsuma,ova,2.0
2534,Back Street Girls: Gokudolls,tv,10.0
14326,Backkom: Jung-gug Gijeogwi,special,1.0
21574,Bai Bian Ji Shou: Luo Luo Lixian Ji,tv,52.0
23147,Bai Bian Xiao Ba: Chao Xue Xianfeng,tv,26.0
23148,Bai Bian Xiao Ba: Chao Xue Xianfeng 2nd Season,tv,26.0
23940,Bai Bian Xiao Jia: Xiao Jia Xiang Qian Chong,ona,52.0
23765,Bai Li Xiong: Meili de Da Senlin,tv,26.0
23658,Bai Li Xiong: Shenmi Hei Yi Ren,tv,26.0
23562,Bai Li Xiong: Yunwu Shan De Mimi,tv,26.0
16583,Bai She Chuan: Bai Suzhen,movie,1.0
4650,Bai She II: Qing She Jie Qi,movie,1.0
3682,Bai She: Yuan Qi,movie,1.0
21308,Bai Shou Zong Dong Yuan: Konglong Yongshi Dang An,ona,10.0
22456,Bai Yue Lixian Ji: Zhuang Jin Mima,tv,13.0
23493,Baitou Ye Hou: Jia Hou Zhuang Zhuang,tv,26.0
22263,Baixue Gongzhu: Airen Liliang,movie,1.0
22132,Baixue Gongzhu: Shenmi Baba,movie,1.0
7649,Baja no Studio: Baja no Mita Umi,ova,1.0
17647,Baka Mukashibanashi Movie: Jijii Wars,movie,1.0
22744,Baka Mukashibanashi: Sono Ni,ova,4.0
3702,Baka to Test to Shoukanjuu Ni!: Mahou Hideyoshi Hideyoshi,special,1.0
1064,Baka to Test to Shoukanjuu: Matsuri,ova,2.0
4347,"Baka to Test to Shoukanjuu: Matsuri - Sentaku ni Yotte Tenkai ga Kawaru ""LIPS Eizou""",ona,1.0
4695,Baka to Test to Shoukanjuu: Matsuri - Sentakushi Ikou nomi,special,6.0
4449,Baka to Test to Shoukanjuu: Mondai - Christmas ni Tsuite Kotae Nasai,ona,1.0
3028,Baka to Test to Shoukanjuu: Spinout! Sore ga Bokura no Nichijou,special,6.0
902,Baki: Dai Raitaisai-hen,ona,13.0
5264,Baki: Most Evil Death Row Convicts Special Anime,ova,1.0
3376,Baku Ane 2: Otouto Ippai Shibocchau zo! The Animation,ova,1.0
2307,Baku Ane: Otouto Shibocchau zo! The Animation,ova,1.0
5390,Bakugan Battle Brawlers: Gundalian Invaders,tv,39.0
5804,Bakugan Battle Brawlers: Mechtanium Surge,ona,46.0
4282,Bakugan Battle Brawlers: New Vestroia,tv,52.0
10894,Bakugan: Armored Alliance,tv,52.0
10032,Bakugan: Battle Planet,tv,50.0
14152,Bakugan: Battle Planet Short Anime,ona,50.0
13479,Bakugan: Evolutions,ona,26.0
12411,Bakugan: Geogan Rising,ona,26.0
17643,Bakugan: Legends,ona,13.0
4070,Bakuman.: Deraman.,special,2.0
11203,Bakumatsu Rock: Mystery! Onsen Kaijiken ze yo!!,ova,1.0
21407,Bakuon Otoko: Bommerman,music,1.0
4930,Bakuretsu Tenshi: Infinity,ova,1.0
6913,Bakuretsu Tenshi: Infinity Special,special,1.0
5467,Bakuten Shoot Beyblade the Movie: Gekitou!! Takao vs. Daichi,movie,1.0
19122,Bakutsuri Bar Hunter Movie: Nazo no Barcode Trial! Bakutsure! Shinkaigyo Poseidon,movie,1.0
12696,Balala Xiao Mo Xian Zhi: Feiyue Cai Ling Bao,tv,26.0
11135,Balala Xiao Mo Xian Zhi: Meng Huan Xuan Lu,tv,52.0
12148,Balala Xiao Mo Xian: Caihong Xin Shi,tv,36.0
13781,Balala Xiao Mo Xian: Feiyue Cai Ling Bao 2nd Season,tv,26.0
16414,Balala Xiao Mo Xian: Mofa Hai Ying Bao,tv,26.0
22060,Balala Xiao Mo Xian: Mofa Hai Ying Bao 2nd Season,tv,26.0
24564,Balala Xiao Mo Xian: Mofa Xing Yuan Bao,tv,26.0
12567,Balala Xiao Mo Xian: Qiji Wubu,tv,52.0
12764,Balthus: Tia no Kagayaki,ova,1.0
12927,Bamboo Blade: CM Fanfu-Fufe-Fo,special,24.0
13266,Bamboo Blade: Fanfu-Fufe-Fo,special,2.0
4316,BanG Dream! 5th Anniversary Animation: CiRCLE Thanks Party!,ona,2.0
2659,BanG Dream! Garupa☆Pico: Oomori,ona,26.0
3293,BanG Dream! Movie: Episode of Roselia - I: Yakusoku,movie,1.0
3121,BanG Dream! Movie: Episode of Roselia - II: Song I Am.,movie,1.0
3811,BanG Dream! Movie: Poppin' Dream!,movie,1.0
4016,BanG Dream!: Asonjatta!,special,1.0
5225,Bananya: Fushigi na Nakama-tachi,tv,13.0
21598,Bang Bang Long Chudong: Chuanshuo Zhong De Longwang,ona,16.0
23414,Bao Chong Huojian Che: Che Wang Zhi Zhan,tv,26.0
23415,Bao Chong Huojian Che: Fei Qing de Zhaohuan,tv,26.0
23138,Bao Ji Qiangshou: AK Xiyou,ona,12.0
23776,Bao Ji Qiangshou: T de Richang,ona,6.0
24129,Baobao Bashi: Qimiao Hanzi,ona,48.0
23979,Baobao Bashi: Qimiao Hao Xiguan,ona,17.0
23838,Baobao Bashi: Qimiao Jiuyuan Dui,ona,32.0
23978,Baobao Bashi: Qimiao Shuxue Da Maoxian,ona,24.0
23839,Baobao Bashi: Qimiao de Jieri,ona,9.0
23837,Baobao Bashi: Xiongmao Qi Qi,ona,16.0
20777,Baobao Yue Xuetang: Binfen Kuaile Hao,tv,180.0
21005,Baobao Yue Xuetang: Fengkuang Tushu Guan,tv,150.0
20743,Baobao Yue Xuetang: Kuaile Tonghua Cheng,tv,250.0
21006,Baobao Yue Xuetang: Qimiao Wanhuatong,tv,150.0
20882,Baobao Yue Xuetang: Xiha Maoxian Dao,tv,100.0
20981,Baobao Yue Xuetang: Zhihui Xingyun Xing,tv,150.0
21760,Baobei Nuer Hao Mama: Chi Jiyi De Daxue Qiu,movie,1.0
22429,Baobei Nuer Hao Mama: Kuaile De Jiating,tv,100.0
19380,Baolie Feiche 3: Shou Shen Heti,ona,52.0
19457,Baolie Feiche II: Xing Neng Juexing,ona,26.0
23899,Baosheng Dadi: Qi Er Duo Bao,tv,52.0
16241,Bartender: Kami no Glass,tv,
15781,Bary-san x Gospe Rats: Tonde Bary Bary Monogatari,music,1.0
1087,Basilisk: Kouga Ninpou Chou,tv,24.0
8661,Basilisk: Ouka Ninpouchou,tv,24.0
3517,Batman: Gotham Knight,ova,6.0
5680,Battle Spirits: Brave,tv,50.0
7187,Battle Spirits: Burning Soul,tv,51.0
12275,Battle Spirits: Double Drive,tv,51.0
10178,Battle Spirits: Heroes,tv,50.0
10606,Battle Spirits: Kakumei no Galette,ona,5.0
12027,Battle Spirits: Mirage,ona,4.0
11816,Battle Spirits: Ryuuko no Ken,special,1.0
8453,Battle Spirits: Saga Brave,ona,3.0
6484,Battle Spirits: Shounen Gekiha Dan,tv,50.0
8653,Battle Spirits: Shounen Toppa Bashin,tv,50.0
8344,Battle Spirits: Sword Eyes,tv,29.0
8631,Battle Spirits: Sword Eyes Gekitouden,tv,21.0
4303,Bayonetta: Bloody Fate,movie,1.0
10760,Beast Wars Second Chou Seimeitai Transformers: Lio Convoy Kiki Ippatsu! Movie,movie,1.0
2537,Beelzebub: Hirotta Akachan wa Daimaou!?,special,1.0
18405,Bei Ken Xiong 2: Jinpai Tegong,movie,1.0
5905,Bem Movie: Become Human,movie,1.0
22379,Ben Ben You Youji: Chuanyue Huaxia,tv,42.0
22506,Ben Ben You Youji: Mala Xialingying,tv,50.0
22329,Ben Ben Yu Jiling: Yishi Xingqiu Xin,tv,27.0
23770,Ben Ben de Xingfu Shenghuo: Kaixin Linju,ona,50.0
23901,Ben Ben de Xingfu Shenghuo: Xingfu Huayuan,ona,50.0
10185,Bermuda Triangle: Colorful Pastrale,tv,12.0
11564,Bernard-jou Iwaku.: Ofuro Dokusho,special,1.0
8153,Berserk: Majo no Tsuisou,special,1.0
1758,Berserk: Ougon Jidai-hen - Memorial Edition,tv,13.0
642,Berserk: Ougon Jidai-hen I - Haou no Tamago,movie,1.0
527,Berserk: Ougon Jidai-hen II - Doldrey Kouryaku,movie,1.0
351,Berserk: Ougon Jidai-hen III - Kourin,movie,1.0
18431,Bessatsu Kamen Rider Saber: Tanpen Katsudou Manga Shuu,ona,6.0
24911,BeyWarriors: Cyborg,ona,26.0
12476,Bi-Indoushi Miija: Injoku no Gakuen,ova,2.0
7626,Bi-chiku Beach: Nangoku Nyuujoku Satsueikai,ova,1.0
22974,Biancheng Mao: Cheng Chang Riji,ona,10.0
5764,Biao Ren: Blades of the Guardians,ona,14.0
6120,Bible Black: Imari Ryoujoku Genba,special,1.0
4556,Bible Black: New Testament,ova,6.0
7780,Bible Black: New Testament Recap,ova,1.0
11271,Big Wars: Kami Utsu Akaki Kouya ni,ova,1.0
18658,Bikkuriman Kids: Theme Fighter Nyander,ona,4.0
17545,Bikkuriman: Daiichiji Seima Taisen,movie,1.0
17556,Bikkuriman: Moen Zone no Himitsu,movie,1.0
14706,Binetsu Hime: Zange no Shou,ova,1.0
15113,Binetsu: Yakusoku no Toki,ova,1.0
23218,Binggan Jing Zhang: Leyuan Jihua,tv,52.0
8121,Biohazard 4: Incubate,ova,1.0
3090,Biohazard: Damnation,movie,1.0
7580,Biohazard: Death Island,movie,1.0
3227,Biohazard: Degeneration,movie,1.0
6659,Biohazard: Infinite Darkness,ona,4.0
3736,Biohazard: Vendetta,movie,1.0
1855,Birdie Wing: Golf Girls' Story,tv,13.0
2211,Birdie Wing: Golf Girls' Story Season 2,tv,12.0
15219,Bishoujo Animerama: Gokkun Doll - Choujigen Pico-chan Toujou!!,ova,1.0
15491,Bishoujo Animerama: Manami no Michi Tono Sou Nyuu!?,ova,1.0
15348,Bishoujo Animerama: Minami no Watashi no Heart ni Tacchi Shite...,ova,1.0
15328,Bishoujo Animerama: Miyuki-chan SOS-H Shichauzo,ova,1.0
11593,Bishoujo Comic Lolicon Angel: Mitsu no Aji,ova,1.0
11704,Bishoujo Mobage: Mobami-chan,ona,1.0
3868,Bishoujo Senshi Sailor Moon R: Make Up! Sailor Senshi,special,1.0
1230,Bishoujo Senshi Sailor Moon R: The Movie,movie,1.0
1418,Bishoujo Senshi Sailor Moon S: Kaguya-hime no Koibito,movie,1.0
12416,Bishoujo Senshi Sailor Moon S: Kotaete Moon Call!,ova,1.0
2785,Bishoujo Senshi Sailor Moon SuperS Gaiden: Ami-chan no Hatsukoi,special,1.0
1820,Bishoujo Senshi Sailor Moon SuperS: Sailor 9 Senshi Shuuketsu! Black Dream Hole no Kiseki,movie,1.0
804,Bishoujo Senshi Sailor Moon: Sailor Stars,tv,34.0
4289,Bishoujo Senshi Sailor Moon: Sailor Stars - Hero Club,ova,3.0
7399,Black Bullet: Tenchuu＊Girls,special,1.0
3640,Black Cat (TV): Toozakaru Neko,special,1.0
4022,Black Clover: Jump Festa 2016 Special,ova,1.0
5505,Black Clover: Jump Festa 2018 Special,special,1.0
670,Black Clover: Mahou Tei no Ken,movie,1.0
9724,Black Gate: Kanin no Gakuen,ova,2.0
6721,Black Jack (TV): Hizouban Specials,special,2.0
4965,Black Jack Specials: Inochi wo Meguru Yottsu no Kiseki,special,4.0
9610,Black Jack: Dr. Pinoko no Mori no Bouken,movie,1.0
5332,Black Jack: Futari no Kuroi Isha,movie,1.0
12504,Black Jack: Futari no Kuroi Isha - Manner Movie,movie,1.0
8972,Black Jack: Heian Sento,movie,1.0
11139,Black Jack: Karte NG Extras,special,1.0
7176,Black Jack: Sora kara Kita Kodomo,ova,1.0
388,Black Lagoon: Roberta's Blood Trail,ova,5.0
210,Black Lagoon: The Second Barrage,tv,12.0
7877,Black★★Rock Shooter: Dawn Fall,tv,12.0
7222,Blade Runner: Black Lotus,tv,13.0
3570,Blade Runner: Black Out 2022,ona,1.0
8819,Blassreiter: Navi,special,1.0
6019,BlazBlue: Alter Memory,tv,12.0
10046,BlazBlue: Alter Memory Specials,special,6.0
5556,Bleach KaraBuri!: Gotei Juusan Yatai Daisakusen!,ova,1.0
963,Bleach Movie 1: Memories of Nobody,movie,1.0
1004,Bleach Movie 2: The DiamondDust Rebellion - Mou Hitotsu no Hyourinmaru,movie,1.0
907,Bleach Movie 3: Fade to Black - Kimi no Na wo Yobu,movie,1.0
791,Bleach Movie 4: Jigoku-hen,movie,1.0
5989,Bleach: Gotei 13 Omake,special,1.0
2014,Bleach: Memories in the Rain,special,1.0
114,Bleach: Sennen Kessen-hen,tv,13.0
956,Bleach: Sennen Kessen-hen - Ketsubetsu-tan,tv,13.0
10801,Bleach: Shuku! Rukia Dakkan! Kagayaku! Shinigami Juuban Shoubu! Mitai Shinigami Doon to Misemasu Special,special,1.0
2583,Bleach: The Sealed Sword Frenzy,special,1.0
6051,Blood Lad: Kanketsu Kinen,ona,1.0
2268,Blood Lad: Wagahai wa Neko de wa Nai,ova,1.0
8490,Blood-C: None-None Gekijou,ona,7.0
5316,Blood-C: Special Edition,special,2.0
2230,Blood-C: The Last Dark,movie,1.0
2851,Blood: The Last Vampire,movie,1.0
4673,Bloods: Inraku no Ketsuzoku 2,ova,2.0
16568,Bloody Escape: Jigoku no Tousou Geki,movie,1.0
7189,Blue Archive: 1.5-shuunen Kinen Short Animation,ona,1.0
7056,Blue Archive: Beautiful Day Dreamer,ona,1.0
5637,Blue Dragon: Tenkai no Shichi Ryuu,tv,51.0
4625,Blue Drop: Tenshi-tachi no Gikyoku,tv,13.0
21366,Blue Eyes: In Harbor Tale,movie,1.0
7241,Blue Gender: The Warrior,movie,1.0
16165,Blue Lock: Episode Nagi,movie,1.0
11619,Blue: Line Step Brush,ona,1.0
23629,Bodhi Yu Haoyou: Chao Yuan Neng Xing Zhan,tv,52.0
23630,Bodhi Yu Haoyou: Mengxiang Lianmeng,tv,26.0
23549,Bodhi Yu Haoyou: Mengxiang Yingxiong,tv,26.0
12154,Body Jack: Tanoshii Yutai Ridatsu,ova,1.0
8875,"Boku no Chikyuu wo Mamotte: Alice kara, Rin-kun e",movie,1.0
9602,Boku no Chikyuu wo Mamotte: Kiniro no Toki Nagarete,special,1.0
600,Boku no Hero Academia the Movie 1: Futari no Hero,movie,1.0
1565,Boku no Hero Academia the Movie 1: Futari no Hero Specials,special,2.0
289,Boku no Hero Academia the Movie 2: Heroes:Rising,movie,1.0
2076,Boku no Hero Academia the Movie 2: Heroes:Rising - Epilogue Plus - Yume wo Genjitsu ni,special,1.0
901,Boku no Hero Academia the Movie 3: World Heroes' Mission,movie,1.0
2653,Boku no Hero Academia the Movie 3: World Heroes' Mission - Tabidachi,special,1.0
1547,Boku no Hero Academia: Hero Note,special,1.0
1921,Boku no Hero Academia: Ikinokore! Kesshi no Survival Kunren,ona,2.0
1680,Boku no Hero Academia: Sukue! Kyuujo Kunren!,ova,1.0
16183,Boku no Hero Academia: The Movie,movie,
1638,Boku no Hero Academia: Training of the Dead,ova,1.0
10047,"Boku no Imouto wa ""Osaka Okan"": Haishin Gentei Osaka Okan.",ona,1.0
9941,"Boku no Imouto wa ""Osaka Okan"": Uchi no Oniichan wa Tokyo Rule",special,1.0
18051,Boku to Gaku: Ano Natsu no Monogatari,ova,1.0
19064,Boku wa Sugu ni Nigetanda: Higashi Nihon Daishinsai kara Mananda Koto,ova,1.0
2447,Boku wa Tomodachi ga Sukunai: Relay Shousetsu wa Ketsumatsu ga Hanpanai,ova,1.0
3296,Boku wa Tomodachi ga Sukunai: Yaminabe wa Bishoujo ga Zannen na Nioi,ova,1.0
16849,Bokura Mangaka: Tokiwasou Monogatari,special,1.0
18477,Bokura no Ashita: Freeter no Genjou ni Kansuru Wakamono e no Shuuchi Kouhou Jigyou,ona,1.0
9817,Bokura no: Tsuisou,special,1.0
1524,Bokura wa Minna Kawai-sou: Hajimete no,special,1.0
2176,Bokutachi wa Benkyou ga Dekinai: Nagisa ni Usemono Arite Senjin wa Enzen to [X] Suru,ova,1.0
17322,Bomberman: Yuuki wo Arigatou - Watashi ga Mimi ni Naru,movie,1.0
10395,Bondage Game: Shinsou no Reijou-tachi,ova,2.0
12523,Bondage Game: Shinsou no Reijou-tachi - Shinsou no Dorei-tachi,special,1.0
16900,Bonobono: Kumomo no Ki no Koto,movie,1.0
17778,Bonobono: Uchuu kara Kita Tomodachi,movie,1.0
20102,Bonus Track: Atarashii Yoru no Hanabi,special,4.0
20284,Bonus Track: Atarashii Yoru no Hanami,special,5.0
11553,Boogiepop and Others: Promotional Trailer,ona,1.0
24042,Booky Le Leyuan Xilie: Hao Xiguan Gushi,ona,20.0
24043,Booky Le Leyuan Xilie: Shuxue Tiandi,ona,16.0
7194,Boruto: Jump Festa 2016 Special,special,1.0
5113,Boruto: Naruto Next Generations,tv,293.0
16141,Boruto: Naruto Next Generations Part 2,tv,
888,Boruto: Naruto the Movie,movie,1.0
1617,Boruto: Naruto the Movie - Naruto ga Hokage ni Natta Hi,special,1.0
13976,Bouken Dankichi: Hyouryuu no Maki,movie,1.0
10313,Boukensha: The Man Was from Spain,tv,26.0
10485,Boukentai: Mori no Yuusha,music,1.0
10919,Bounty Dog: Getsumen no Ibu,ova,2.0
11678,Bounty Hunter: The Hard,ova,1.0
15935,BraFro x Taka no Tsume: Brave Funding Prologue,ona,1.0
4955,Brave Witches: Petersburg Daisenryaku,special,1.0
1226,Break Blade Movie 1: Kakusei no Toki,movie,1.0
1211,Break Blade Movie 2: Ketsubetsu no Michi,movie,1.0
1165,Break Blade Movie 3: Kyoujin no Ato,movie,1.0
1137,Break Blade Movie 4: Sanka no Chi,movie,1.0
1185,Break Blade Movie 5: Shisen no Hate,movie,1.0
1345,Break Blade Movie 6: Doukoku no Toride,movie,1.0
7790,Break Blade: Virgins War,special,1.0
9850,Bremen 4: Jigoku no Naka no Tenshi-tachi,special,1.0
4288,Brigadoon: Marin to Melan,tv,26.0
11010,Bright: Samurai Soul,ona,1.0
8429,Bronze: Kouji Nanjo Cathexis,ova,1.0
6688,Bronze: Zetsuai Since 1989,ova,1.0
2942,Brotherhood: Final Fantasy XV,ona,5.0
5630,Brothers Conflict: Setsubou,special,1.0
9286,Btooom!: Bakusatsu Digest,ona,2.0
22962,Bu Lu Ke Zhandui: Yuan Xing Shi Shouwei,ona,20.0
19781,Bu Xing Si: Yuan Qi,ona,18.0
22590,Bu Ya Duanpian: Bajiu Buli Shi,ona,10.0
4473,Bubuki Buranki: Hoshi no Kyojin,tv,12.0
23892,Budai Heshang Yun Youji: Kanghong Fengyun,tv,36.0
6570,Buddy Complex: Daremo Shiranai Ashita e,ona,1.0
2648,Buddy Complex: Kanketsu-hen - Ano Sora ni Kaeru Mirai de,special,2.0
6839,Buddy Daddies Intermission: Cherry-Pick,special,1.0
23222,Buding Xiao Zhen: Anquan Changshi Ketang,tv,75.0
23381,Buding Xiao Zhen: Baike Changshi Ketang,tv,75.0
23481,Buding Xiao Zhen: Chengyu Juchang,tv,75.0
23290,Buding Xiao Zhen: Quwei Zhishi Wu,tv,72.0
17266,Bug tte Honey: Megarom Shoujo Mai 4622,movie,1.0
5668,Build Divide: Code Black,tv,12.0
5701,Build Divide: Code White,tv,12.0
12972,Build Divide: Code White Recap,special,1.0
448,Bungou Stray Dogs: Dead Apple,movie,1.0
855,Bungou Stray Dogs: Hitori Ayumu,ova,1.0
5268,Bungou to Alchemist: Shinpan no Haguruma,tv,13.0
9846,Busou Chuugakusei: Basket Army,ona,5.0
11954,Busou Renkin: Mahiro no Busou Renkin Kouza,special,11.0
6861,Busou Shinki: Install x Dream,ova,1.0
3715,"Busou Shoujo Machiavellianism: Doki! ""Goken-darake"" no Ian Ryokou",ova,1.0
11337,Busou Shoujotai: Blade Briders The Animation,ova,1.0
5546,Bust to Bust: Chichi wa Chichi ni,ova,3.0
8789,Butlers: Chitose Momotose Monogatari,tv,12.0
10408,Byston Well Monogatari: Garzey no Tsubasa,ova,3.0
1657,C: The Money of Soul and Possibility Control,tv,11.0
12085,CCW: Crazy Clay Wrestling,ona,1.0
16366,CMFU Xueyuan: Shenshi Ji Jijian,ona,24.0
10205,CMFU Xueyuan: Wangzi Peng Peng Qiu,ona,24.0
23491,Caihong Xianzi: Kuaile Mofa Pai,tv,52.0
22327,Caihong Xiong: Jizhan Huanying Guai,tv,26.0
9696,California Crisis: Tsuigeki no Juuka,ova,1.0
7551,Can Ci Pin: Fangzhu Xingkong,ona,16.0
22723,Can Wa Yu Tianchi Guaishou: Ruixue Zhao Fengnian,movie,1.0
7330,Canaan: Minorikawa Report 201X Shanghai,special,1.0
4253,Candy Boy Episode: EX01 - Mirai Yohouzu,ova,1.0
4428,Candy Boy Episode: EX02 - Shiawase Kyouyuu Riron,special,1.0
3482,Candy Boy: Nonchalant Talk of the Certain Twin Sisters in Daily Life,ona,7.0
7564,Candy Candy: Candy no Natsu Yasumi,movie,1.0
8206,Candy Candy: Haru no Yobigoe,movie,1.0
4006,Candy☆Boy: Side Story For Archive,ona,1.0
19161,Canon T-70: Mirai Toshi-hen,special,2.0
4558,Canvas 2: Nijiiro no Sketch,tv,24.0
9573,Canvas: Sepia-iro no Motif,ova,2.0
23120,Caomei Leyuan: Binfen Mengxiang,tv,52.0
23286,Caomei Leyuan: Duocai Tongnian,tv,52.0
23119,Caomei Leyuan: Kuaile Shenghuo,tv,52.0
23474,Caomei Leyuan: Xingfu Shiguang,tv,52.0
23748,Caoyuan Dou Si: Dou Si Niu Yu Gui Huli,tv,26.0
23749,Caoyuan Dou Si: Shenmi Guodu,tv,30.0
23554,Caoyuan Dou Si: Weiji Pojin,tv,30.0
23647,Caoyuan Dou Si: X Jiong Tegong,tv,30.0
19399,Cap Kakumei Bottleman DX: Side Story,ona,8.0
19152,Capsule Boy 2: Ujuleul Jikyeola,tv,26.0
11543,Captain Future: Kareinaru Taiyokei Race,special,1.0
16263,Captain Tsubasa (2018) Season 2: Junior Youth-hen,tv,
6538,Captain Tsubasa: Asu ni Mukatte Hashire!,movie,1.0
6160,Captain Tsubasa: Ayaushi! Zen Nihon Jr.,movie,1.0
5590,Captain Tsubasa: Europe Daikessen,movie,1.0
1687,Captain Tsubasa: Road to 2002,tv,52.0
6080,Captain Tsubasa: Saikyou no Teki! Holland Youth,ova,1.0
5934,Captain Tsubasa: Sekai Daikessen!! Jr. World Cup,movie,1.0
9329,Card Wang: Mix Master,tv,39.0
605,Cardcaptor Sakura Movie 2: Fuuin Sareta Card,movie,1.0
1179,Cardcaptor Sakura: Clear Card-hen,tv,22.0
16219,Cardcaptor Sakura: Clear Card-hen (Zoku-hen),,
1609,Cardcaptor Sakura: Clear Card-hen Prologue - Sakura to Futatsu no Kuma,ova,1.0
5936,Cardcaptor Sakura: Clear Card-hen Recap,special,1.0
2540,Cardcaptor Sakura: Kero-chan ni Omakase!,movie,1.0
5560,Cardfight!! Vanguard G: GIRS Crisis-hen,tv,26.0
5678,Cardfight!! Vanguard G: Stride Gate-hen,tv,24.0
7966,Cardfight!! Vanguard Gaiden: If,tv,25.0
5923,Cardfight!! Vanguard Movie: Neon Messiah,movie,1.0
4178,Cardfight!! Vanguard: Asia Circuit-hen,tv,39.0
17153,Cardfight!! Vanguard: D Series Season 6,tv,
17934,Cardfight!! Vanguard: D Series Season 7,tv,
17961,Cardfight!! Vanguard: D Series Season 8,tv,
17935,Cardfight!! Vanguard: D Series Season 9,tv,
4855,Cardfight!! Vanguard: Legion Mate-hen,tv,33.0
3304,Cardfight!! Vanguard: Link Joker-hen,tv,59.0
7105,Cardfight!! Vanguard: Shinemon-hen,tv,31.0
7760,Cardfight!! Vanguard: Zoku Koukousei-hen,tv,14.0
8216,Cardfight!! Vanguard: overDress,tv,12.0
6576,Cardfight!! Vanguard: overDress Season 2,tv,13.0
6475,Cardfight!! Vanguard: will+Dress,tv,13.0
7598,Cardfight!! Vanguard: will+Dress Season 2,tv,12.0
11472,Cardfight!! Vanguard: will+Dress Season 3,tv,
2407,Carnival Phantasm: HibiChika Special,special,1.0
7561,Carole & Tuesday: Gus to Roddy no Kaisouroku,special,1.0
10494,Cartagra: Tsuki Gurui no Yamai,ova,2.0
23275,Caslon: Xun Long Ji,tv,26.0
7400,Casshern: Robot Hunter,ova,4.0
12427,Castle Fantasia: Seima Taisen,ova,3.0
10516,Catblue: Dynamite,ona,1.0
15794,Catch: Tsugi no Natsu ga Kuru You ni,music,1.0
7737,Cestvs: The Roman Fighter,tv,11.0
23131,Cha A Er Zhong: Ba Ba Ba,ona,20.0
23909,Cha A Er Zhong: Baoxiao Xiao Shipin,ona,47.0
23224,Cha A Er Zhong: Gaga Yi Ga Si,ona,20.0
22886,Cha A Er Zhong: Nan Qin 501,ona,20.0
22955,Cha A Er Zhong: Pao Mian Fan,ona,21.0
4144,Chain Chronicle: Haecceitas no Hikari,tv,12.0
4147,Chain Chronicle: Haecceitas no Hikari Part 1,movie,1.0
4522,Chain Chronicle: Haecceitas no Hikari Part 2,movie,1.0
4585,Chain Chronicle: Haecceitas no Hikari Part 3,movie,1.0
8774,Chain Chronicle: Short Animation,ova,8.0
13965,Chainsaw Bunny: Deleted Scene,ona,1.0
16875,Chamebou Shin Gachou: Nomi Fuufu Shikaeshi no Maki,movie,1.0
11751,Change Our Mirai!: Our 7 Lights,music,1.0
2621,Change!! Getter Robo: Sekai Saigo no Hi,ova,13.0
22437,Changjiang 7 Hao: Chao Meng Tegong Dui,movie,1.0
22131,Changjiang 7 Hao: Qi Zi Ai Diqiu,tv,45.0
15691,Channel 5.5 Prologue: Shin Bangumi Start!,ona,1.0
24070,Chao Bian Zhan Tuo: Bao Jia Zhan Tuo,tv,30.0
23056,Chao Jiachong Zhan Ji: Sheng Yu Chuanshuo,tv,26.0
23391,Chao Neng Xing: Shikong Yingxiong,tv,28.0
18772,Chao Shen Xueyuan: Shen yu Shen,ona,10.0
18403,Chao Shen Xueyuan: Zhi Hei Jia,ona,10.0
19040,Chao Shou Wuzhuang: Renzhe Wudi,tv,33.0
21171,Chao Shou Wuzhuang: Yongzhe Wu Ju,tv,33.0
18450,Chao Wa Zhanshi: Weiwu Jiaoguan,movie,1.0
21643,Chao Wa Zhanshi: Xingji Jiayuan,tv,25.0
11202,Chao Zhi Neng Zu Qiu 2: Shijie Dasai Pian,tv,52.0
21309,Chaoji Fei Xia: Kan Zhong Guo,tv,12.0
7324,Chaos Dragon: Sekiryuu Seneki,tv,12.0
1033,Charlotte: Tsuyoimono-tachi,special,1.0
12308,Charm Point 1: Sister's Rondo,ova,1.0
4374,Cheat Kusushi no Slow Life: Isekai ni Tsukurou Drugstore,tv,12.0
2051,Chi's Sweet Home: Atarashii Ouchi,tv,104.0
4233,"Chi's Sweet Home: Chi to Kocchi, Deau.",ova,1.0
16326,Chi.: Chikyuu no Undou ni Tsuite,,
7991,Chiba Pedal: Yowamushi Pedal to Manabu Jitensha Koutsuu Anzen,ona,6.0
10723,Chibi Kero: Kerobouru no Himitsu!?,special,1.0
9031,Chibi Maruko-chan Movie: Italia kara Kita Shounen,movie,1.0
18061,Chibi Maruko-chan: Hi no Youjin,ova,1.0
18153,Chibi Maruko-chan: Jishin wo Kangaeru,ova,1.0
6787,Chibi Maruko-chan: Watashi no Suki na Uta,movie,1.0
17609,Chibi Neko Tomu no Daibouken: Chikyuu wo Sukue! Nakama-tachi,special,1.0
16781,Chie-chan Funsenki: Jarinko Chie,tv,39.0
23133,Chifan Shuijiao Da Dou Dou: Dou Te Me Hei,ona,20.0
23134,Chifan Shuijiao Da Dou Dou: Shenjing Dou,ona,11.0
3201,Chihayafuru 2: Waga Miyo ni Furu Nagame Shima ni,ova,1.0
5704,Chihayafuru 3: Ima Hitotabi no,special,1.0
4073,Chiisana Ahiru no Ooki na Ai no Monogatari: Ahiru no Kwak,tv,52.0
4037,Chiisana Eiyuu: Kani to Tamago to Toumei Ningen,movie,3.0
12284,Chiisana Koi no Monogatari: Chichi to Sally Hatsukoi no Shiki,special,1.0
17224,Chiisana Kyojin Microman: Daigekisen! Microman vs. Saikyou Senshi Gorgon,movie,1.0
17413,Chiisana Love Letter: Mariko to Nemunoki no Kodomo-tachi,special,1.0
10636,"Chiisana Obake: Acchi, Kocchi, Socchi",tv,50.0
8880,Chika Gentou Gekiga: Shoujo Tsubaki,movie,1.0
22888,Chikool Baobei Jihua: Da Ai Wujiang,tv,5.0
20571,Chikyuu SOS: Chikyuu ga Netsu wo Dashite Iru,ova,1.0
20051,Chikyuu ni Yasashii Shopping: Midori-chan to Recycle-ku Shopping,ova,1.0
13058,Chimera: Target I Datenshi Kourin,ova,1.0
7082,Chinetsu Karte: The Devilish Cherry,ova,2.0
12966,Chinpui: Eri-sama Katsudou Daishashin,movie,1.0
17002,Chinyuuki: Tarou to Yukai na Nakama-tachi,ova,3.0
19710,Chirorin Mura Monogatari: Tomkurupii no Jishin Youjin,ova,1.0
9620,Chiruran: Nibun no Ichi,tv,12.0
14068,Chiruran: Nibun no Ichi Special,special,1.0
16226,Chiyu Mahou no Machigatta Tsukaikata: Senjou wo Kakeru Kaifuku Youin,tv,
3129,Chobits: Chibits,special,1.0
7902,Choboraunyopomi Gekijou Dai Ni Maku Ai Mai Mii: Mousou Catastrophe,tv,12.0
10562,Choboraunyopomi Gekijou Dai Ni Maku Ai Mai Mii: Mousou Catastrophe - Shojo Kuriya,special,1.0
7951,Choboraunyopomi Gekijou Dai San Maku Ai Mai Mii: Surgical Friends,tv,12.0
10836,Chocolate Underground: Bokura no Chocolate Sensou,movie,1.0
12354,Chocomatsu-san: Valentine's Day-hen,ona,3.0
13464,Chocomatsu-san: White Day-hen,ona,3.0
12896,Choegang Habche: Mix Master,tv,39.0
23223,Choegangjeonsa Miniteuggongdae: Yeong-ung-ui Tansaeng,movie,1.0
11260,Chokkyuu Hyoudai Robot Anime: Straight Title,tv,12.0
24306,Chongwu Zhuangyuan Jizhen Shi: Xiong Boshi Di Yinmou,tv,20.0
18065,Chou Futsuu Toshi Kashiwa Densetsu: Ekimae Housou UDC2-hen,ona,11.0
17933,Chou Futsuu Toshi Kashiwa Densetsu: Kashiwa no Gotouji Yuru Anime,ona,18.0
14714,Chou Kidougai-ku: Kashiwa-no-Ha,ona,1.0
7863,Chou Yuu Sekai: Being the Reality,ona,20.0
15975,Chou Zenmairobo: Patrasche,tv,13.0
14929,Choubakuretsu Ijigen Menko Battle: Gigant Shooter Tsukasa,tv,32.0
2786,Choujigen Game Neptune The Animation: Yakusoku no Eien - True End,ova,1.0
7858,Choujigen Game Neptune: Hi☆Light,special,2.0
10842,Choujigen Kakumei Anime: Dimension High School,tv,11.0
13326,Choujikuu Romanesque Samy: Missing 99,ova,1.0
12393,Choujin Densetsu Urotsukidouji 5: Kanketsu-hen,ova,1.0
11876,Choujin Densetsu Urotsukidouji: Inferno Road,ova,3.0
10611,Choujin Densetsu Urotsukidouji: Mirai-hen,ova,4.0
11913,Choujin Gakuen Gowcaizer: The Voltage Fighters,ova,3.0
10806,Choujin Locke: Lord Leon,ova,3.0
13418,Choujin Locke: Mirror Ring,ova,1.0
11477,Choujin Locke: Shinsekai Sentai,ova,2.0
8574,Choujuu Kishin Dancougar: God Bless Dancougar,ova,1.0
11793,Choujuu Kishin Dancougar: Hakunetsu no Shuushou,ova,4.0
13221,Choujuu Kishin Dancougar: Juusenki-tai Songs,ova,1.0
9961,Choujuu Kishin Dancougar: Ushinawareta Mono-tachi e no Requiem,ova,1.0
20820,Choukadou Girl ⅙: Nona Omoide Kiroku,ona,12.0
16768,Choukadou Girl ⅙: Nona Video Nikki,ona,40.0
13407,Chouon Senshi Borgman 2: Shinseiki 2058,ova,3.0
12716,Chouon Senshi Borgman: Lovers Rain,movie,1.0
13173,Chouon Senshi Borgman: Madnight☆Gigs!,ova,1.0
2774,Chouyaku Hyakuninisshu: Uta Koi.,tv,13.0
9672,Chouyaku Hyakuninisshu: Uta Koi. - Sake to Kikoushi: Murasaki Kishikibu to Kintou,special,1.0
6565,Chrno Crusade: Az demo Wakaru Chrno Crusade Kouza,special,11.0
21056,Chu Feng Xiao Juchang: Shengli Shi Zhong Bagua Bu!,ona,4.0
8443,Chu Feng: B.E.E,ona,6.0
12996,Chu Feng: Yi Dian Zhi Zi,ona,12.0
5110,Chu Shite Agechau: Oshikake Oneesan no Seikou Chiryou,ova,2.0
16230,Chuan Shu Zijiu Zhinan: Xian Meng Pian,ona,
22940,Chuang Tang Tu 2: Fengkuang Maxi Tuan,movie,1.0
23098,Chuang Tang Tu 3: Jiong Jiong Shiguang Ji,movie,1.0
17341,Chuanyue Huoxian: Youling Jihua,ona,13.0
21785,Chuanyue Yunnan Sanqiannian: Yun Xiao Zhi Man Youji,ona,10.0
24361,Chun Chun Chengzhang Ji: Fangzhi Ertong Yiwai Pian,ona,28.0
24360,Chun Chun Chengzhang Ji: Qingchunqi Pian,ona,28.0
21799,Chunchun World: Magic Carnival,music,1.0
21868,Chunchun World: Ogenki Taisou,music,1.0
5715,Chuubyou Gekihatsu Boy: Otoko ni Umareta Shukumei Dakara,special,1.0
14661,Chuuhai Lemon: Love 30s - Ame ni Nurete mo,ova,1.0
6236,Chuukou Ikkan!! Kimetsu Gakuen Monogatari: Kimetsu no Utage Tokubetsu-hen,special,3.0
4145,Chuukou Ikkan!! Kimetsu Gakuen Monogatari: Valentine-hen,ona,4.0
3468,Chuunibyou demo Koi ga Shitai! Depth of Field: Ai to Nikushimi Gekijou,special,7.0
389,Chuunibyou demo Koi ga Shitai! Movie: Take On Me,movie,1.0
5953,"Chuunibyou demo Koi ga Shitai! Movie: Take On Me - Weekly Short Movie ""Kotatsu DE Photo Session""",movie,3.0
4559,Chuunibyou demo Koi ga Shitai! Movie: Take On Me Mini-Drama - Koukai Chokuzen no... Kaiko Gekijou,ona,24.0
1283,Chuunibyou demo Koi ga Shitai! Ren: The Rikka Wars,special,1.0
5617,ChäoS;Child: Silent Sky,movie,1.0
24062,Ci Du Chuanqi: Niuniu He Niuniu,tv,26.0
11087,Cinderella Girls Gekijou: 5-shuunen Kinen Short Anime,ona,1.0
7787,Cinderella Girls Gekijou: Climax Season,tv,13.0
13194,Cinderella Girls Gekijou: Climax Season Specials,special,3.0
11211,Cinderella Girls Gekijou: Extra Stage,ona,48.0
7496,Cinderella Girls Gekijou: Kayou Cinderella Theater,ona,13.0
7581,Cinderella Girls Gekijou: Kayou Cinderella Theater 2nd Season,ona,13.0
8406,Cinderella Girls Gekijou: Kayou Cinderella Theater 3rd Season,ona,7.0
9068,Cinderella Girls Gekijou: Kayou Cinderella Theater 4th Season,ona,7.0
12562,Circuit Angel: Ketsui no Starting Grid,ova,1.0
15198,Circuit no Ookami II: Modena no Ken,ova,1.0
3659,City Hunter Movie: Shinjuku Private Eyes,movie,1.0
16283,City Hunter Movie: Tenshi no Namida,movie,1.0
3762,City Hunter: Ai to Shukumei no Magnum,movie,1.0
3945,City Hunter: Bay City Wars,movie,1.0
3774,City Hunter: Goodbye My Sweetheart,special,1.0
4075,City Hunter: Hyakuman Dollar no Inbou,movie,1.0
4368,City Hunter: Kinkyuu Namachuukei!? Kyouakuhan Saeba Ryou no Saigo,special,1.0
8283,City Hunter: Ryou no Propose,ova,1.0
3865,City Hunter: The Secret Service,special,1.0
22716,Ciwei Xiao Zi: Tiansheng Wo Ci,movie,1.0
27,Clannad: After Story,tv,24.0
540,"Clannad: After Story - Mou Hitotsu no Sekai, Kyou-hen",special,1.0
380,"Clannad: Mou Hitotsu no Sekai, Tomoyo-hen",special,1.0
8099,Classroom☆Crisis: Tabi no Haji wa Uwanuri,special,1.0
8492,Closers: Side Blacklambs,ona,6.0
5924,Cobra The Animation: The Psycho-Gun,ova,4.0
6267,Cobra The Animation: Time Drive,ova,2.0
12736,Cocktail Prince: Making Love!!,music,1.0
12325,Cocktail Prince: Shaking Night!!,music,1.0
1362,Code Geass: Boukoku no Akito 1 - Yokuryuu wa Maiorita,movie,1.0
1256,Code Geass: Boukoku no Akito 2 - Hikisakareshi Yokuryuu,movie,1.0
4248,Code Geass: Boukoku no Akito 2 - Hikisakareshi Yokuryuu Picture Drama,special,1.0
1809,Code Geass: Boukoku no Akito 3 - Kagayaku Mono Ten yori Otsu,movie,1.0
5774,Code Geass: Boukoku no Akito 3 - Kagayaku Mono Ten yori Otsu Picture Drama,special,1.0
2077,Code Geass: Boukoku no Akito 4 - Nikushimi no Kioku kara,movie,1.0
6456,Code Geass: Boukoku no Akito 4 - Nikushimi no Kioku kara Picture Drama,special,1.0
2413,Code Geass: Boukoku no Akito 5 - Itoshiki Mono-tachi e,movie,1.0
7178,Code Geass: Boukoku no Akito 5 - Itoshiki Mono-tachi e Picture Drama,special,1.0
16100,Code Geass: Dakkan no Z,,
490,Code Geass: Fukkatsu no Lelouch,movie,1.0
6197,Code Geass: Fukkatsu no Lelouch Picture Drama,special,2.0
9,Code Geass: Hangyaku no Lelouch,tv,25.0
4126,Code Geass: Hangyaku no Lelouch - Kiseki no Birthday,special,1.0
9753,Code Geass: Hangyaku no Lelouch - Kiseki no Birthday Omake Flash,special,1.0
4671,Code Geass: Hangyaku no Lelouch - Nunnally in Wonderland,ova,1.0
12211,Code Geass: Hangyaku no Lelouch DVD Magazine Picture Drama,special,8.0
18994,Code Geass: Hangyaku no Lelouch DVD Magazine: Omake Flash - Baba Theater,special,2.0
1047,Code Geass: Hangyaku no Lelouch I - Koudou,movie,1.0
1510,Code Geass: Hangyaku no Lelouch II - Handou,movie,1.0
1056,Code Geass: Hangyaku no Lelouch III - Oudou,movie,1.0
3342,Code Geass: Hangyaku no Lelouch Picture Drama,special,9.0
8211,Code Geass: Hangyaku no Lelouch Picture Drama - Hajimari no Zenya,special,1.0
10414,Code Geass: Hangyaku no Lelouch Picture Drama - Kamen Kokuhaku Taikai,special,1.0
7940,Code Geass: Hangyaku no Lelouch Picture Drama - Kiseki no Anniversary,special,1.0
6,Code Geass: Hangyaku no Lelouch R2,tv,25.0
8681,Code Geass: Hangyaku no Lelouch R2 Omake Flash,special,9.0
3324,Code Geass: Hangyaku no Lelouch R2 Picture Drama,special,9.0
7827,Code Geass: Hangyaku no Lelouch R2 Picture Drama - Last Moratorium,special,1.0
1639,Code Geass: Hangyaku no Lelouch R2 Special Edition - Zero Requiem,ova,1.0
3397,Code Geass: Hangyaku no Lelouch Recaps,special,2.0
2040,Code Geass: Hangyaku no Lelouch Special Edition - Black Rebellion,ova,1.0
7682,Code Geass: Soubou no Oz Picture Drama,ova,5.0
2857,Code:Breaker,tv,13.0
4476,Code:Breaker OVA,ova,3.0
4097,Code:Realize - Sousei no Himegimi,tv,12.0
5859,Code:Realize - Sousei no Himegimi - Set a Thief to Catch a Thief,ova,1.0
18536,Cofun Gal no Coffy (TV): Christmas Daisakusen,special,1.0
18194,Cofun Gal no Coffy Campus Life: Intro,ona,1.0
17742,Cofun Gal no Coffy: Cofunderella,movie,1.0
17873,Cofun Gal no Coffy: Juuninin to Ikareru Cofun-tachi,movie,1.0
17941,Cofun Gal no Coffy: Okehazama no Tatakai,movie,1.0
16193,Collar x Malice Movie: Deep Cover,movie,2.0
9865,Colosseum no Senki: Another Story,ova,2.0
10153,Comet Lucifer: Garden Indigo no Shasou kara,ona,12.0
14127,Compiler: Music Clips in Trackdown,music,6.0
6702,Computer Kakumei: Saikyou x Saisoku no Zunou Tanjou,special,1.0
4069,Concrete Revolutio: Choujin Gensou,tv,13.0
3607,Concrete Revolutio: Choujin Gensou - The Last Song,tv,11.0
13256,Condom Battler Gorou: Revive,ona,2.0
23758,Congming Chongwu Dan: Qihuan Lucheng,tv,64.0
22963,Congming De Shunliu: Teshu Renwu,ona,10.0
7982,Coo: Tooi Umi kara Kita Coo,movie,1.0
9348,Cop Craft: Utsukushiki Onna Kishi! Toraware no Yousei wo Oe!,special,1.0
6029,Corpse Party: Missing Footage,ova,1.0
3827,Corpse Party: Tortured Souls - Bougyakusareta Tamashii no Jukyou,ova,4.0
7629,Coruscate: DNA,music,1.0
13486,Cosmic Fantasy: Ginga Mehyou no Wana,ova,1.0
11052,Cosplay Change: Pure-kei Joshidaisei no Kiken na Seiheki,ova,4.0
10632,Cosplay Complex: Extra Identification,ova,1.0
6134,Cowboy Bebop: Ein no Natsuyasumi,special,1.0
205,Cowboy Bebop: Tengoku no Tobira,movie,1.0
2210,Cowboy Bebop: Yose Atsume Blues,special,1.0
7379,Crayon Shin-chan Gaiden: Alien vs. Shinnosuke,ona,13.0
7842,Crayon Shin-chan Gaiden: Kazokuzure Ookami,ona,13.0
9840,Crayon Shin-chan Gaiden: O-o-o no Shinnosuke,ona,13.0
8270,Crayon Shin-chan Gaiden: Omocha Wars,ona,13.0
4579,Crayon Shin-chan Movie 01: Action Kamen vs. Haigure Maou,movie,1.0
4331,Crayon Shin-chan Movie 02: Buriburi Oukoku no Hihou,movie,1.0
5456,Crayon Shin-chan Movie 03: Unkokusai no Yabou,movie,1.0
3743,Crayon Shin-chan Movie 04: Henderland no Daibouken,movie,1.0
3738,Crayon Shin-chan Movie 05: Ankoku Tamatama Daitsuiseki,movie,1.0
5330,Crayon Shin-chan Movie 06: Dengeki! Buta no Hizume Daisakusen,movie,1.0
6502,Crayon Shin-chan Movie 07: Bakuhatsu! Onsen Wakuwaku Daikessen,movie,1.0
3694,Crayon Shin-chan Movie 08: Arashi wo Yobu Jungle,movie,1.0
2618,Crayon Shin-chan Movie 09: Arashi wo Yobu Mouretsu! Otona Teikoku no Gyakushuu,movie,1.0
4120,Crayon Shin-chan Movie 10: Arashi wo Yobu Appare! Sengoku Daikassen,movie,1.0
4737,Crayon Shin-chan Movie 11: Arashi wo Yobu Eikou no Yakiniku Road,movie,1.0
5360,Crayon Shin-chan Movie 12: Arashi wo Yobu! Yuuhi no Kasukabe Boys,movie,1.0
7018,Crayon Shin-chan Movie 13: Densetsu wo Yobu Buriburi 3 Pun Dai Shingeki,movie,1.0
6382,Crayon Shin-chan Movie 14: Densetsu wo Yobu Odore! Amigo!,movie,1.0
6720,Crayon Shin-chan Movie 15: Arashi wo Yobu Utau Ketsu dake Bakudan!,movie,1.0
5875,Crayon Shin-chan Movie 16: Chou Arashi wo Yobu Kinpoko no Yuusha,movie,1.0
6428,Crayon Shin-chan Movie 17: Otakebe! Kasukabe Yasei Oukoku,movie,1.0
3629,Crayon Shin-chan Movie 18: Chou Jikuu! Arashi wo Yobu Ora no Hanayome,movie,1.0
5543,Crayon Shin-chan Movie 19: Arashi wo Yobu Ougon no Spy Daisakusen,movie,1.0
5946,Crayon Shin-chan Movie 20: Arashi wo Yobu! Ora to Uchuu no Princess,movie,1.0
4912,Crayon Shin-chan Movie 21: Bakauma! B-Kyuu Gourmet Survival Battle!!,movie,1.0
3929,Crayon Shin-chan Movie 22: Gachinko! Gyakushuu no Robo To-chan,movie,1.0
5151,Crayon Shin-chan Movie 23: Ora no Hikkoshi Monogatari - Saboten Daisuugeki,movie,1.0
5854,Crayon Shin-chan Movie 24: Bakusui! Yumemi World Dai Totsugeki,movie,1.0
6510,Crayon Shin-chan Movie 25: Shin-chan Shuurai! Uchuujin Shiriri,movie,1.0
7230,Crayon Shin-chan Movie 26: Bakumori! Kung Fu Boys - Ramen Tairan,movie,1.0
7442,Crayon Shin-chan Movie 27: Shinkon Ryokou Hurricane - Ushinawareta Hiroshi,movie,1.0
7197,Crayon Shin-chan Movie 28: Gekitotsu! Rakuga Kingdom to Hobo Yonin no Yuusha,movie,1.0
6070,Crayon Shin-chan Movie 29: Mystery Meki! Hana no Tenkasu Gakuen,movie,1.0
8944,Crayon Shin-chan Movie 30: Mononoke Ninja Chinpuuden,movie,1.0
16455,Crayon Shin-chan Movie 31: Chounouryoku Daikessen - Tobe Tobe Temakizushi,movie,1.0
20140,Crayon Shin-chan Planetarium-ban: Hoshizora to Gakkou no Nana Fushigi da zo!,movie,1.0
13356,Crayon Shin-chan x Panpaka Pants: Aeon Cinema Manner Movie Collab,ona,1.0
20265,Crayon Shin-chan: Arashi wo Yobu Kasukabe Bouei-tai Uchuu Quiz de Shoubu da zo!,movie,1.0
19830,Crayon Shin-chan: Uchuu kara no Raihousha Kasube Dai Panic,movie,1.0
12007,Cream Lemon: Lemon Angel,tv,37.0
12407,Cream Lemon: New Generation,ova,4.0
7100,Crimson Girls: Chikan Shihai,ova,3.0
1301,Cross Ange: Tenshi to Ryuu no Rondo,tv,25.0
9703,Cutey Honey Flash: The Movie,movie,1.0
66,Cyberpunk: Edgerunners,ona,10.0
8242,Cyborg 009: Call of Justice 1,movie,1.0
8183,Cyborg 009: Call of Justice 2,movie,1.0
8074,Cyborg 009: Call of Justice 3,movie,1.0
9129,Cyborg 009: Chou Ginga Densetsu,movie,1.0
10244,Cyborg 009: Kaijuu Sensou,movie,1.0
2871,Cyborg 009: The Cyborg Soldier,tv,50.0
10170,Cyborg 009: The Cyborg Soldier - Kami no Ubugoe,special,1.0
12955,Cyborg 009: The Cyborg Soldier - Yomi no Gunzou,special,1.0
12129,Cyborg 009: The Reopening,special,1.0
17520,Cynical Hysterie Hour: Henshin!,movie,1.0
15275,Cynical Hysterie Hour: Trip Coaster,movie,1.0
15227,Cynical Hysterie Hour: Utakata no Uta,movie,1.0
17584,Cynical Hysterie Hour: Yoru wa Tanoshii,movie,1.0
4422,C³: Rinkan Gakkou Confusion!,special,1.0
3771,D.C.: Da Capo,tv,26.0
3101,D.C.II S.S.: Da Capo II Second Season,tv,13.0
3784,D.C.II: Da Capo II,tv,13.0
5328,D.C.III: Da Capo III,tv,13.0
8116,D.C.III: Da Capo III Special,special,1.0
3575,D.C.S.S: Da Capo Second Season,tv,26.0
7122,D.C.S.S: Da Capo Second Season Omake,special,2.0
3810,D.C.if: Da Capo if,ova,2.0
18878,DEathMAtCH: Real ni Koishiteru,special,1.0
6801,DRAMAtical Murder: Data_xx_Transitory,special,1.0
20532,Da Erduo Tu Tu: Meishi Kuangxiangqu,movie,1.0
23437,Da Erduo Tutu: Tutu Zhihui Wangguo,tv,60.0
15307,Da Wei Bei Ken: Daomei Tegong Xiong,movie,1.0
22266,Da Xiang Lin Wang: Yi Pao Cheng Ming,movie,1.0
20352,Da Zhentan Fuermosi: Tao Yu Da Zhuibu,movie,1.0
6149,Dae Jang Geum: Jang Geum's Dream,tv,26.0
6872,Dae Jang Geum: Jang Geum's Dream 2,tv,26.0
22512,Dahai Chengzhang Ji: Baowei Jiayuan,tv,100.0
6385,Daiakuji: The Xena Buster,ova,6.0
7643,Daiakuji: The Xena Buster Specials,special,2.0
11981,Daimajuu Gekitou: Hagane no Oni,ova,1.0
8257,Daishizen no Majuu: Bagi,movie,1.0
6402,Daisougen no Chiisana Tenshi: Bush Baby,tv,40.0
17168,Daisougen no Chiisana Tenshi: Bush Baby Specials,special,2.0
2808,Dakaretai Otoko 1-i ni Odosarete Imasu. Movie: Spain-hen,movie,1.0
24422,Dan Jihua: Anquan Ertong Xilie Gushi,tv,52.0
24257,Dan Jihua: Ertong Xilie Gushi,tv,52.0
24254,Dan Jihua: Long Shou Xingqiu,tv,26.0
21345,Dan Jihua: Longwang Caidan,ona,18.0
24423,Dan Jihua: Luoji Siwei Ertong Xilie Gushi,tv,52.0
24256,Dan Jihua: Shehui Jiaowang Ertong Xilie Gushi,tv,52.0
24253,Dan Jihua: Shi Dan Shou Jiazu,tv,52.0
24424,Dan Jihua: Tansuo Faxian Ertong Xilie Gushi,tv,52.0
10411,Danball Senki Wars: All Star Battle,special,1.0
5826,Dance in the Vampire Bund: Special Edition,special,1.0
7678,Dance with Devils: Fortuna,movie,1.0
18557,Danchi Tomoo: Natsuyasumi no Shukudai wa Owatta no ka yo? Tomoo,special,1.0
5552,Danchigai: Juusan Goutou Sentou Ikitai!!,special,1.0
4036,Danganronpa 3: Monokuma Gekijou,special,3.0
1145,Danganronpa 3: The End of Kibougamine Gakuen - Kibou-hen,special,1.0
1400,Danganronpa 3: The End of Kibougamine Gakuen - Mirai-hen,tv,12.0
1055,Danganronpa 3: The End of Kibougamine Gakuen - Zetsubou-hen,tv,11.0
1253,Danganronpa: Kibou no Gakuen to Zetsubou no Koukousei The Animation,tv,13.0
14732,Dangobei Torimonochou: Hirake - Goma no Maki,movie,1.0
3351,Dantalian no Shoka: Ibarahime,ova,1.0
24199,Daode Sanbai Wen: Laozi Dingguagu,tv,100.0
8360,Daraku Reijou The Animation: Hakoiri Ojousama Netorare Choukyou Kiroku,ova,1.0
9098,Daraku: Onna Kyoushi Hakai,ova,3.0
8801,Dark Shell: Ori no Naka no Namameki,ova,2.0
214,Darker than Black: Kuro no Keiyakusha,tv,25.0
1075,Darker than Black: Kuro no Keiyakusha - Sakura no Hana no Mankai no Shita,special,1.0
463,Darker than Black: Kuro no Keiyakusha Gaiden,special,4.0
881,Darker than Black: Ryuusei no Gemini,tv,12.0
5766,Darwin's Game: Log Line,special,1.0
17796,Dash! Yonkurou: Horizon Gundan vs. Dash Gundan,special,1.0
1325,Date A Bullet: Dead or Bullet,movie,1.0
1403,Date A Bullet: Nightmare or Queen,movie,1.0
572,Date A Live II: Kurumi Star Festival,ova,1.0
1329,Date A Live Movie: Mayuri Judgment,movie,1.0
1339,Date A Live: Date to Date,ova,1.0
17410,Dayan to Tama to Tobi Neko to: 3-tsu no Neko no Monogatari,movie,2.0
2943,Days: Touin Gakuen-sen!,ova,3.0
12680,De:vadasy,ova,3.0
2606,Deadman Wonderland: Akai Knife Tsukai,ova,1.0
4184,DearS: Kin no Tama desu no?,special,1.0
812,Death Note: Rewrite,special,2.0
7949,Deca-Dence: Install,ona,1.0
14896,Decadence: Remix,music,1.0
9754,"Deemo Movie: Sakura no Oto - Anata no Kanadeta Oto ga, Ima mo Hibiku",movie,1.0
8395,Deep Insanity: The Lost Child,tv,12.0
10022,Deimos no Hanayome: Ran no Kumikyoku,ova,1.0
22230,Deko Boko Friends Uta: Boku to Kimi,music,1.0
22402,Deko Boko Friends Uta: Dekoboko Dance,music,1.0
22231,Deko Boko Friends Uta: Hanahana Maron no Kuuchuu Sanpo,music,1.0
11421,Dekobou Shingachou: Meian no Shippai,movie,1.0
8760,Delicious Party♡Precure Movie: Yume Miru Oko-sama Lunch!,movie,1.0
15037,Deliver Police: Nishitokyo-shi Deliver Keisatsutai,ona,1.0
1396,Demi-chan wa Kataritai: Demi-chan no Natsuyasumi,ona,1.0
5908,Demon Busters: Ecchi na Ecchi na Demon Taiji The Animation,ova,1.0
7207,Demonion: Gaiden,ova,2.0
11399,Dengeki Oshioki Musume Gootaman R: Ai to Kanashimi no Final Battle,ova,1.0
10891,Dengeki Oshioki Musume Gootaman: Gootaman Tanjou-hen,ova,1.0
20024,Dennou Senshi Dokan-kun: Champ Dokan,special,1.0
16783,Dennou Sentai Voogie's★Angel Gaiden: Susume! Super★Angels!,ova,2.0
13553,Dennou Sentai Voogie's★Angel: Forever and Ever,ova,1.0
2102,Denpa Onna to Seishun Otoko: Mayonaka no Taiyou,special,1.0
3032,Densetsu Kyojin Ideon: Hatsudou-hen,movie,1.0
9151,Densetsu Kyojin Ideon: Sesshoku-hen,movie,1.0
5422,Densetsu no Yuusha no Densetsu: Iris Report,special,1.0
3773,Detective Conan Bonus File: Fantasista Flower,ova,1.0
2969,Detective Conan Magic File 2: Kudou Shinichi - The Case of the Mysterious Wall and the Black Lab,ova,1.0
3230,Detective Conan Magic File 3: Shinichi and Ran - Memories of Mahjong Tiles and Tanabata,ova,1.0
3164,Detective Conan Magic File 4: Osaka Okonomiyaki Odyssey,ova,1.0
3753,Detective Conan Magic File 5: Niigata - Tokyo Omiyage Capriccio,ova,1.0
983,Detective Conan Movie 01: The Timed Skyscraper,movie,1.0
1044,Detective Conan Movie 02: The Fourteenth Target,movie,1.0
927,Detective Conan Movie 03: The Last Wizard of the Century,movie,1.0
967,Detective Conan Movie 04: Captured in Her Eyes,movie,1.0
900,Detective Conan Movie 05: Countdown to Heaven,movie,1.0
716,Detective Conan Movie 06: The Phantom of Baker Street,movie,1.0
1259,Detective Conan Movie 07: Crossroad in the Ancient Capital,movie,1.0
1030,Detective Conan Movie 08: Magician of the Silver Sky,movie,1.0
2056,Detective Conan Movie 08: Time Travel of the Silver Sky,special,1.0
3244,Detective Conan Movie 09: Promo Special,special,1.0
1311,Detective Conan Movie 09: Strategy Above the Depths,movie,1.0
3145,Detective Conan Movie 10: Promo Special,special,1.0
1072,Detective Conan Movie 10: Requiem of the Detectives,movie,1.0
1949,Detective Conan Movie 11: Jolly Roger in the Deep Azure,movie,1.0
1363,Detective Conan Movie 12: Full Score of Fear,movie,1.0
944,Detective Conan Movie 13: The Raven Chaser,movie,1.0
1007,Detective Conan Movie 14: The Lost Ship in the Sky,movie,1.0
1169,Detective Conan Movie 15: Quarter of Silence,movie,1.0
1505,Detective Conan Movie 16: The Eleventh Striker,movie,1.0
1655,Detective Conan Movie 17: Private Eye in the Distant Sea,movie,1.0
1225,Detective Conan Movie 18: The Sniper from Another Dimension,movie,1.0
1575,Detective Conan Movie 19: The Hellfire Sunflowers,movie,1.0
1193,Detective Conan Movie 20: The Darkest Nightmare,movie,1.0
1839,Detective Conan Movie 21: The Crimson Love Letter,movie,1.0
1672,Detective Conan Movie 22: Zero the Enforcer,movie,1.0
1720,Detective Conan Movie 23: The Fist of Blue Sapphire,movie,1.0
2315,Detective Conan Movie 24: The Scarlet Bullet,movie,1.0
2438,Detective Conan Movie 25: Halloween no Hanayome,movie,1.0
4429,Detective Conan Movie 26: Kurogane no Submarine,movie,1.0
3112,Detective Conan OVA 01: Conan vs. Kid vs. Yaiba - Houtou Soudatsu Daikessen!!,ova,1.0
3055,Detective Conan OVA 02: 16 Suspects,ova,1.0
3531,Detective Conan OVA 03: Conan and Heiji and the Vanished Boy,ova,1.0
2643,Detective Conan OVA 04: Conan and Kid and Crystal Mother,ova,1.0
3484,Detective Conan OVA 05: The Target is Kogoro! The Detective Boys' Secret Investigation,ova,1.0
3002,Detective Conan OVA 06: Follow the Vanished Diamond! Conan & Heiji vs. Kid!,ova,1.0
3413,Detective Conan OVA 07: A Challenge from Agasa! Agasa vs. Conan and the Detective Boys,ova,1.0
3735,Detective Conan OVA 08: High School Girl Detective Sonoko Suzuki's Case Files,ova,1.0
1912,Detective Conan OVA 09: The Stranger in 10 Years...,ova,1.0
2250,Detective Conan OVA 10: Kid in Trap Island,ova,1.0
3167,Detective Conan OVA 11: A Secret Order from London,ova,1.0
4474,Detective Conan OVA 12: The Miracle of Excalibur,ova,1.0
10560,Detective Conan: A Written Challenge from the Pyramids!,ova,1.0
9520,Detective Conan: Amuro Secret Call,special,1.0
10368,Detective Conan: Anti-Crime Guide,ova,1.0
3665,Detective Conan: Black History,special,1.0
8799,Detective Conan: Chase the Mysterious Comet Monster!,ova,1.0
11228,Detective Conan: City Exploration! Get the Animal Mark!,ova,1.0
5735,Detective Conan: Conan vs. Kid - Jet Black Sniper,movie,1.0
3866,Detective Conan: Conan vs. Kid - Shark & Jewel,movie,1.0
1467,Detective Conan: Episode One - The Great Detective Turned Small,special,1.0
6886,Detective Conan: Haibara Ai Monogatari - Kurogane no Mystery Train,movie,1.0
6119,Detective Conan: Happy New Year Special,special,1.0
11368,Detective Conan: Let's Experience the Jomon Period!,ova,1.0
8112,Detective Conan: Love Story at Police Headquarters - Wedding Eve,special,1.0
17031,Detective Conan: Solve the Mystery of Heatstroke!,ova,1.0
19719,Detective Conan: TDK Video Head Cleaner,special,5.0
18016,Detective Conan: Tantei-tachi no Starry Night,movie,1.0
9204,Detective Conan: The Burning Galactic Railway,movie,1.0
5320,Detective Conan: The Fugitive Kogorou Mouri,ona,1.0
10924,Detective Conan: The Internet - The Mysterious E-mail Case,ova,1.0
9216,Detective Conan: The Magician of Starlight,movie,1.0
4972,Detective Conan: The Scarlet Alibi,movie,1.0
13403,Detective File 1: Kindan no Ai,ova,1.0
2773,Detroit Metal City: Birth of the Metal Devil,special,1.0
358,Devilman: Crybaby,ona,10.0
8386,Devilman: Crybaby - Digest Eizou,ona,1.0
2996,Devilman: Tanjou-hen,ova,1.0
3588,Devilman: Yochou Sirene-hen,ova,1.0
4215,Devils Line: Anytime Anywhere,ova,1.0
7157,Di Gi Charat: Hoshi no Tabi,movie,1.0
8979,Di Gi Charat: Kuchi Kara Bazooka,special,1.0
20778,Di Ling Qu: Loulan Wanjie Pian,ona,10.0
20961,Di Ling Qu: Nanjiang Miwu,ona,15.0
8402,Diabolus: Kikoku,ova,2.0
772,Diamond no Ace: Act II,tv,52.0
525,Diamond no Ace: Second Season,tv,51.0
3003,Diamond no Ace: Second Season OVA,ova,2.0
13332,Dibetagurashi: Ahiru no Seikatsu,tv,39.0
18739,Dibetagurashi: Ahiru no Seikatsu - Ahiru no Sumu Shima,ona,1.0
24309,Dica Tejing Dui: Di Xin Chuanqi,tv,21.0
24473,Dica Tejing Dui: Jiqi Diguo,tv,52.0
24308,Dica Tejing Dui: Shenghua Weiji,tv,52.0
23913,Didao Zhan: Yingxiong Chu Shaonian,tv,15.0
22959,Die Di Baobei: Shenqi Ha Ku,tv,52.0
12273,Dies Irae: Irasshai Zonnenji,ona,18.0
10718,"Dies Irae: Marie's Memory ""Michi ni Tsuuzu Kiseki""",ona,1.0
8803,Dies Irae: Reimei,special,1.0
7670,Dies Irae: To the Ring Reincarnation,ona,6.0
16647,DigiGirl Pop!: Strawberry & Pop Mix Flavor,tv,26.0
2261,Digimon Adventure 02: Diablomon no Gyakushuu,movie,1.0
16275,Digimon Adventure 02: The Beginning,movie,1.0
9182,Digimon Adventure 3D: Digimon Grand Prix!,movie,1.0
1365,Digimon Adventure tri. 1: Saikai,movie,1.0
1508,Digimon Adventure tri. 2: Ketsui,movie,1.0
1294,Digimon Adventure tri. 3: Kokuhaku,movie,1.0
2161,Digimon Adventure tri. 4: Soushitsu,movie,1.0
2661,Digimon Adventure tri. 5: Kyousei,movie,1.0
2622,Digimon Adventure tri. 6: Bokura no Mirai,movie,1.0
5292,Digimon Adventure:,tv,67.0
6606,Digimon Adventure: 20-shuunen Memorial Story,ona,5.0
1002,Digimon Adventure: Bokura no War Game!,movie,1.0
1368,Digimon Adventure: Last Evolution Kizuna,movie,1.0
4337,Digimon Frontier: Ornismon Fukkatsu!!,movie,1.0
8905,Digimon Savers 3D: Digital World Kiki Ippatsu!,movie,1.0
5822,Digimon Savers the Movie: Kyuukyoku Power! Burst Mode Hatsudou!!,movie,1.0
6796,Digimon Savers: Agumon! Gaomon! Lalamon! Bakuretsu! Jougai Last Battle!,special,1.0
7623,Digimon Survive: Prologue Movie,ona,1.0
3876,Digimon Tamers: Boukensha-tachi no Tatakai,movie,1.0
3480,Digimon Tamers: Bousou Digimon Tokkyuu,movie,1.0
5800,Digimon Universe: Appli Monsters,tv,52.0
3265,Digimon Xros Wars: Aku no Death General to Nanatsu no Oukoku,tv,24.0
5640,Digimon Xros Wars: Toki wo Kakeru Shounen Hunter-tachi,tv,25.0
10282,Digital Devil Story: Megami Tensei,ova,1.0
5199,Dimension W: Short Track/Robot wa Sentou no Yume wo Miruka,special,1.0
9596,Dimension W: W no Tobira Online - Rose no Onayami Soudanshitsu,special,5.0
24629,Dingding Mao Chengzhang Leyuan: Anquan Zhi Duoshao,ona,100.0
24503,Dingding Mao Chengzhang Leyuan: Zhihui Senlin,ona,100.0
20114,Dino King 3D: Journey to Fire Mountain,movie,1.0
7848,Dirty Pair no Ooshoubu: Nolandia no Nazo,ova,1.0
6595,Dirty Pair: Bouryaku no 005-bin,ova,1.0
5440,Dirty Pair: Lovely Angels yori Ai wo Komete,ova,2.0
4721,Dirty Pair: The Movie,movie,1.0
7592,Discode: Ijou Seiai,ova,3.0
16234,Disney: Twisted-Wonderland,,
7244,Divergence Eve 2: Misaki Chronicles,tv,13.0
22783,Doby Disy: Ai Changge,tv,36.0
22860,Doby Disy: Ai Tanxian,tv,52.0
22618,Doby Disy: Hanzi Xiao Zhentan,tv,52.0
22707,Doby Disy: Ku Bi Xiao Zhentan,tv,52.0
22861,Doby Disy: Meimeng Jingling,tv,26.0
22434,Doby Disy: Meimeng Nian Nian,movie,1.0
18148,Doctor Mambo & Kaitou Jibako: Uchuu yori Ai wo Komete!!,special,1.0
8759,Dog Days'': Gravure Talk,special,4.0
7069,Dog Days'': Limone Resort Tenbou Onsen!,special,1.0
8542,Dogeza de Tanondemita: Isekai-hen,special,1.0
2144,Dogs: Bullets & Carnage,ova,4.0
18419,Dokgotak: Taeyang-eul Hyanghae Deonjyeola,movie,1.0
6106,Dokidoki Oyako Lesson: Oshiete H na Obenkyou,ova,2.0
6209,Dokidoki! Precure Movie: Mana Kekkon!!? Mirai ni Tsunagu Kibou no Dress,movie,1.0
5857,Dokidoki♡Densetsu: Mahoujin Guruguru,tv,38.0
9277,Dokyuu Hentai HxEros: HxEros Report,special,1.0
14045,Don't Worry: Monotarinai Monogatari,music,1.0
16867,Don: Gokudou Suikoden,ova,2.0
22318,Dongbei Hua Ze Lei: Qi Yao Ezi,movie,1.0
23140,Dongfang Kurhn: Modern Xueyuan,tv,52.0
23123,Dongfang Shaonian: Ji Dou Zhan Che,tv,52.0
4174,"Donten ni Warau Gaiden: Ketsubetsu, Yamainu no Chikai",movie,1.0
5278,"Donten ni Warau Gaiden: Ouka, Tenbou no Kakehashi",movie,1.0
4192,"Donten ni Warau Gaiden: Shukumei, Soutou no Fuuma",movie,1.0
4107,Doraemon Movie 01: Nobita no Kyouryuu,movie,1.0
5544,Doraemon Movie 02: Nobita no Uchuu Kaitakushi,movie,1.0
4702,Doraemon Movie 03: Nobita no Daimakyou,movie,1.0
5209,Doraemon Movie 04: Nobita no Kaitei Kiganjou,movie,1.0
4954,Doraemon Movie 05: Nobita no Makai Daibouken,movie,1.0
4697,Doraemon Movie 06: Nobita no Little Star Wars,movie,1.0
3007,Doraemon Movie 07: Nobita to Tetsujin Heidan,movie,1.0
5420,Doraemon Movie 08: Nobita to Ryuu no Kishi,movie,1.0
5091,Doraemon Movie 09: Nobita no Parallel Saiyuuki,movie,1.0
4929,Doraemon Movie 10: Nobita no Nippon Tanjou,movie,1.0
4412,Doraemon Movie 11: Nobita to Animal Planet,movie,1.0
3259,Doraemon Movie 12: Nobita no Dorabian Nights,movie,1.0
4256,Doraemon Movie 13: Nobita to Kumo no Oukoku,movie,1.0
4562,Doraemon Movie 14: Nobita to Buriki no Labyrinth,movie,1.0
3564,Doraemon Movie 15: Nobita to Mugen Sankenshi,movie,1.0
5545,Doraemon Movie 16: Nobita no Sousei Nikki,movie,1.0
3898,Doraemon Movie 17: Nobita to Ginga Express,movie,1.0
6166,Doraemon Movie 18: Nobita no Nejimaki City Boukenki,movie,1.0
3949,Doraemon Movie 19: Nobita no Nankai Daibouken,movie,1.0
5303,Doraemon Movie 20: Nobita no Uchuu Hyouryuuki,movie,1.0
3288,Doraemon Movie 21: Nobita no Taiyou Ou Densetsu,movie,1.0
4470,Doraemon Movie 22: Nobita to Tsubasa no Yuusha-tachi,movie,1.0
3821,Doraemon Movie 23: Nobita to Robot Kingdom,movie,1.0
3346,Doraemon Movie 24: Nobita to Fushigi Kaze Tsukai,movie,1.0
3489,Doraemon Movie 25: Nobita no Wan Nyan Jikuuden,movie,1.0
2486,Doraemon Movie 26: Nobita no Kyouryuu 2006,movie,1.0
2905,Doraemon Movie 27: Nobita no Shin Makai Daibouken - 7-nin no Mahoutsukai,movie,1.0
2910,Doraemon Movie 28: Nobita to Midori no Kyojin Den,movie,1.0
3944,Doraemon Movie 29: Shin Nobita no Uchuu Kaitakushi,movie,1.0
4336,Doraemon Movie 30: Nobita no Ningyo Daikaisen,movie,1.0
1857,Doraemon Movie 31: Shin Nobita to Tetsujin Heidan - Habatake Tenshi-tachi,movie,1.0
4164,Doraemon Movie 32: Nobita to Kiseki no Shima - Animal Adventure,movie,1.0
3299,Doraemon Movie 33: Nobita no Himitsu Dougu Museum,movie,1.0
3364,Doraemon Movie 34: Shin Nobita no Daimakyou - Peko to 5-nin no Tankentai,movie,1.0
5103,Doraemon Movie 35: Nobita no Space Heroes,movie,1.0
4095,Doraemon Movie 36: Shin Nobita no Nippon Tanjou,movie,1.0
3893,Doraemon Movie 37: Nobita no Nankyoku Kachikochi Daibouken,movie,1.0
4304,Doraemon Movie 38: Nobita no Takarajima,movie,1.0
4853,Doraemon Movie 39: Nobita no Getsumen Tansaki,movie,1.0
4607,Doraemon Movie 40: Nobita no Shin Kyouryuu,movie,1.0
6836,Doraemon Movie 41: Nobita no Little Star Wars,movie,1.0
10447,Doraemon Movie 42: Nobita to Sora no Utopia,movie,1.0
17601,Doraemon Movie 43: Nobita no Chikyuu Koukyougaku,movie,1.0
8609,"Doraemon Movie: Boku, Momotarou no Nanna no Sa",movie,1.0
4499,Doraemon: 2112-nen Doraemon Tanjou,movie,1.0
10931,Doraemon: Benkyou Heya no Tsuribori,special,1.0
6225,Doraemon: Doraemon Comes Back,special,1.0
6733,Doraemon: Doraemon Comes Back (Movie),movie,1.0
8726,Doraemon: Ganbare! Gian!!,movie,1.0
11023,Doraemon: Nobita to Mirai Note,ova,1.0
5609,Doraemon: Nobita's the Night Before a Wedding,movie,1.0
5191,Doraemon: Obaachan no Omoide,movie,1.0
5775,Doraemon: The Day When I Was Born,movie,1.0
8861,Doraemon: Time Machine de Oshougatsu,special,1.0
19689,Doraemon: Uchuu Fushigi Daitanken Planetarium,movie,1.0
19845,Doraemon: Uchuu Fushigi Daitanken Planetarium 2 - Taiyoukei no Himitsu,movie,1.0
19814,Doraemon: Uchuu Fushigi Daitanken Planetarium 3 - Ukyuu no Fushigi,movie,1.0
8029,Dorami & Doraemons: Robot School's Seven Mysteries,movie,1.0
9158,Dorami & Doraemons: Space Land's Critical Event,movie,1.0
13680,Dorami-chan: A Blue Straw Hat,movie,1.0
12936,Dorami-chan: Hello Kyouryuu Kids!!,movie,1.0
10000,Dorami-chan: Mini-Dora SOS!!!,movie,1.0
12877,"Dorami-chan: Wow, The Kid Gang of Bandits",movie,1.0
2787,Dorohedoro: Ma no Omake,special,6.0
19082,Dot Bit Retro: Boku Dake no Kusoge,ona,10.0
23729,Dou Dou Hu: Huan Shu You,tv,52.0
22072,Dou Long Zhanshi 2: Xing Long Sheng Yu,tv,60.0
21137,Dou Long Zhanshi 3: Long Yin Zhi Zhan,tv,60.0
22258,Dou Long Zhanshi 4: Shuanglong He,tv,30.0
23228,Dou Long Zhanshi: Bao She Long Dan,tv,15.0
21706,Dou Long Zhanshi: Xing Yin Luopan,movie,1.0
24206,DouDou Yu KuaKe: Shenmi Pengyou,tv,52.0
4865,Double Decker! Doug & Kirill: Extra,special,3.0
20698,Doubutsu Mura no Jishin Youjin: Hi no Youjin,ova,1.0
20596,Doubutsu Mura no World Cup: Yoiko no Koutsuu Anzen,ova,1.0
13367,Doukyuusei (OVA): Climax,ova,2.0
11750,Doukyuusei (OVA): Natsu no Owari ni,ova,4.0
14188,Doukyuusei 2 (OVA) Special: Sotsugyousei,ova,3.0
7613,Douluo Dalu II: Jueshi Tangmen,ona,52.0
4202,Doupo Cangqiong: Nian Fan,ona,104.0
18539,Doupo Cangqiong: Q Ban Xiao Juchang,ona,12.0
19903,Doupo Cangqiong: Q Ban Xiao Juchang 2nd Season,ona,12.0
3117,Doupo Cangqiong: San Nian Zhi Yue,ona,13.0
5648,Doupo Cangqiong: Yuanqi,ona,3.0
19804,Douwa Mondai to Jinken: Anata wa Dou Kangaemasuka,ova,1.0
10605,Down Load: Namu Amida Butsu wa Ai no Uta,ova,1.0
9293,Dr. Slump Movie 01: Arale-chan Hello! Fushigi Shima,movie,1.0
9334,"Dr. Slump Movie 02: ""Hoyoyo!"" Uchuu Daibouken",movie,1.0
10161,Dr. Slump Movie 03: Arale-chan Hoyoyo! Sekai Isshuu Dai Race,movie,1.0
10085,Dr. Slump Movie 04: Arale-chan Hoyoyo! Nanaba Shiro no Hihou,movie,1.0
10761,Dr. Slump Movie 05: Arale-chan Hoyoyo! Yume no Miyako Mechapolis,movie,1.0
10514,Dr. Slump Movie 06: Arale-chan N-cha! Penguin Mura wa Hare Nochi Hare,movie,1.0
10361,Dr. Slump Movie 07: Arale-chan N-cha! Penguin Mura yori Ai wo Komete,movie,1.0
11179,Dr. Slump Movie 08: Arale-chan Hoyoyo!! Tasuketa Same ni Tsurerarete...,movie,1.0
10684,Dr. Slump Movie 09: Arale-chan N-cha!! Wakuwaku Hot no Natsuyasumi,movie,1.0
11229,Dr. Slump Movie 10: Arale no Bikkuriman,movie,1.0
11154,Dr. Slump Movie 11: Dr. Mashirito & Abale-chan,movie,1.0
3834,Dr. Slump: Arale-chan,tv,243.0
13251,Dr. Slump: Arale-chan '92 Oshougatsu Special,special,3.0
12254,Dr. Slump: Arale-chan - Penguin Mura Eiyuu Densetsu,special,1.0
13607,Dr. Slump: Arale-chan - Penguin Mura no Shouboutai,special,1.0
13351,Dr. Slump: Arale-chan Ayaya!? Penguin Mura de TV Jack,special,1.0
12588,Dr. Slump: Arale-chan Specials,special,2.0
13381,Dr. Slump: Arale-chan no Koutsuu Anzen,special,2.0
12933,Dr. Slump: Hoyoyo! Arale no Himitsu Dai Koukai da yo!!,special,1.0
13552,Dr. Slump: Robot Taiketsu! Shukuteki Dr. Mashirito Toujou / Keen de Yuushou!? Penguin Grand Prix,special,1.0
378,Dr. Stone: New World,tv,11.0
16071,Dr. Stone: New World Part 2,tv,
360,Dr. Stone: Ryuusui,special,1.0
140,Dr. Stone: Stone Wars,tv,11.0
2714,Dr. Stone: Stone Wars - Kaisen Zenya Special Eizou,special,1.0
7851,Dragon Age: Blood Mage no Seisen,movie,1.0
4154,Dragon Ball GT: Gokuu Gaiden! Yuuki no Akashi wa Suushinchuu,special,1.0
1736,Dragon Ball Kai: Mirai ni Heiwa wo! Goku no Tamashii yo Eien ni,special,1.0
3450,Dragon Ball Movie 1: Shen Long no Densetsu,movie,1.0
3632,Dragon Ball Movie 2: Majinjou no Nemurihime,movie,1.0
3444,Dragon Ball Movie 3: Makafushigi Daibouken,movie,1.0
2595,Dragon Ball Movie 4: Saikyou e no Michi,movie,1.0
237,Dragon Ball Super: Broly,movie,1.0
3495,Dragon Ball Super: Broly - Skytree Super,special,1.0
1262,Dragon Ball Super: Super Hero,movie,1.0
3503,Dragon Ball Z Movie 01: Ora no Gohan wo Kaese!!,movie,1.0
3707,Dragon Ball Z Movie 02: Kono Yo de Ichiban Tsuyoi Yatsu,movie,1.0
3243,Dragon Ball Z Movie 03: Chikyuu Marugoto Choukessen,movie,1.0
3838,Dragon Ball Z Movie 04: Super Saiyajin da Son Gokuu,movie,1.0
2190,Dragon Ball Z Movie 05: Tobikkiri no Saikyou tai Saikyou,movie,1.0
2934,Dragon Ball Z Movie 06: Gekitotsu!! 100-oku Power no Senshi-tachi,movie,1.0
2858,Dragon Ball Z Movie 07: Kyokugen Battle!! Sandai Super Saiyajin,movie,1.0
1407,"Dragon Ball Z Movie 08: Moetsukiro!! Nessen, Ressen, Chougekisen",movie,1.0
2148,Dragon Ball Z Movie 09: Ginga Girigiri!! Bucchigiri no Sugoi Yatsu,movie,1.0
3000,Dragon Ball Z Movie 10: Kiken na Futari! Super Senshi wa Nemurenai,movie,1.0
6583,Dragon Ball Z Movie 11: Super Senshi Gekiha!! Katsu no wa Ore da,movie,1.0
903,Dragon Ball Z Movie 12: Fukkatsu no Fusion!! Gokuu to Vegeta,movie,1.0
1440,Dragon Ball Z Movie 13: Ryuuken Bakuhatsu!! Gokuu ga Yaraneba Dare ga Yaru,movie,1.0
1063,Dragon Ball Z Movie 14: Kami to Kami,movie,1.0
2127,"Dragon Ball Z Movie 15: Fukkatsu no ""F""",movie,1.0
1115,Dragon Ball Z Special 1: Tatta Hitori no Saishuu Kessen,special,1.0
843,Dragon Ball Z Special 2: Zetsubou e no Hankou!! Nokosareta Chousenshi - Gohan to Trunks,special,1.0
5819,Dragon Ball Z: Atsumare! Gokuu World,ova,1.0
3847,Dragon Ball Z: Saiya-jin Zetsumetsu Keikaku,ova,2.0
5928,Dragon Ball Z: Summer Vacation Special,special,1.0
5864,Dragon Ball Z: Zenbu Misemasu Toshi Wasure Dragon Ball Z!,special,1.0
1907,Dragon Ball: Episode of Bardock,special,1.0
3426,Dragon Ball: Ossu! Kaettekita Son Gokuu to Nakama-tachi!!,special,1.0
4477,Dragon Ball: Super Saiya-jin Zetsumetsu Keikaku,ova,1.0
11297,Dragon Quest Retsuden: Roto no Monshou,movie,1.0
15176,Dragon Quest X: Boukensha-tachi no Kiseki,ona,2.0
8320,Dragon Quest: Dai no Daibouken,movie,1.0
1509,Dragon Quest: Dai no Daibouken (2020),tv,100.0
9365,"Dragon Quest: Dai no Daibouken (2020): Bouken no Kiseki, Kore kara no Tabiji",special,1.0
2312,Dragon Quest: Dai no Daibouken (TV),tv,46.0
9446,Dragon Quest: Dai no Daibouken Buchiyabure!! Shinsei 6 Daishougun,movie,1.0
8941,Dragon Quest: Dai no Daibouken Tachiagare!! Aban no Shito,movie,1.0
4529,Dragon Quest: Your Story,movie,1.0
6191,Dragon Quest: Yuusha Abel Densetsu,tv,43.0
11993,Dragon Slayer Eiyuu Densetsu: Ouji no Tabidachi,ova,2.0
4208,Dragonaut: The Resonance,tv,25.0
5280,Dragonaut: The Resonance - Kotou - Tozasareta Kyousou,special,1.0
23585,Dragon☆Heart: Taisetsu na Tomodachi,ova,1.0
14055,Dream Hazard: Akuma no Program,ova,1.0
15508,Dreaming Pupa: Yumemiru Bokura,music,1.0
7849,Drifters (OVA): Kokuou-sama Goranshin,special,1.0
11069,Drifters: Kokuou-sama Goranshin,special,1.0
1898,Drifters: Special Edition,ova,1.0
2972,Drifters: The Outlandish Knight,ova,1.0
13641,Drive Agent Personal: Shiawase wo Mamoru Mono,ona,1.0
2298,Druaga no Tou: The Aegis of Uruk,tv,12.0
3985,Druaga no Tou: The Aegis of Uruk - Jil no Bouken,special,1.0
2294,Druaga no Tou: The Sword of Uruk,tv,12.0
24760,Du Du Xiao Bashi: Ciyu Chengbao,ona,80.0
24625,Du Du Xiao Bashi: Hanzi Chengbao,ona,80.0
24624,Du Du Xiao Bashi: Jiankang Pian,ona,80.0
24626,Du Du Xiao Bashi: Shuxue Chengbao,ona,80.0
24006,Du La Jiang Gushi: Tonghua Gushi,tv,59.0
24319,Duan Wei Gou: Pangxie Zhanzhu,tv,60.0
11912,Duel Masters Movie 1: Yami no Shiro no Maryuuou,movie,1.0
12473,Duel Masters Movie 2: Lunatic God Saga,movie,1.0
12576,Duel Masters Movie 3: Honoo no Kizuna XX,movie,1.0
17332,Duel Masters Win: Duel Wars-hen,tv,
17608,Duel Masters Zero: Tokubetsu-hen - Tamashii Shoukan Special!,special,1.0
16738,Duel Masters: Hamukatsu to Dogiragon no Curry-pan Daibouken,movie,1.0
8282,Dumbbell Nan Kilo Moteru?: Silverman-Gym Oni Tore Kouza,special,2.0
1795,Dungeon ni Deai wo Motomeru no wa Machigatteiru Darou ka Gaiden: Sword Oratoria,tv,12.0
3460,Dungeon ni Deai wo Motomeru no wa Machigatteiru Darou ka II: Past & Future,special,1.0
484,Dungeon ni Deai wo Motomeru no wa Machigatteiru Darou ka IV: Fuka Shou - Yakusai-hen,tv,11.0
693,Dungeon ni Deai wo Motomeru no wa Machigatteiru Darou ka IV: Shin Shou - Meikyuu-hen,tv,11.0
1118,Dungeon ni Deai wo Motomeru no wa Machigatteiru Darou ka Movie: Orion no Ya,movie,1.0
23194,Duo Bao Xingyun Xing Da Dianying: Jin Gu Bang Chuanqi,movie,1.0
23264,Duo Bao Xingyun Xing Da Dianying: Jin Gu Bang Chuanqi 2 - Sha Seng De Ni Xi,movie,1.0
24048,Duo Bao Yijia Ren: Zhihui Lunyu,tv,28.0
21679,Duo Xuan Shi: Qian Qing Pian,ona,1.0
1782,Durarara!!x2 Ketsu: Dufufufu!!,special,1.0
1444,Durarara!!x2 Shou: Watashi no Kokoro wa Nabe Moyou,special,1.0
1834,Durarara!!x2 Ten: Onoroke Chakapoko,special,1.0
22396,Earth Symphony: Hikari to Mizu ga Kanaderu Sora no Monogatari,movie,1.0
17048,Easy Cooking Animation: Seishun no Shokutaku,tv,25.0
6850,Ebiten: Kouritsu Ebisugawa Koukou Tenmonbu,ona,10.0
7937,Ebiten: Kouritsu Ebisugawa Koukou Tenmonbu OVA,ova,1.0
9343,Ebiten: Kouritsu Ebisugawa Koukou Tenmonbu Specials,special,5.0
17707,Echigo no Mukashibanashi: Attaten Ganoo,ova,1.0
15449,Echo: Kodama Suru Uta,music,1.0
9512,Edokko Boy: Gatten Tasuke,tv,22.0
20215,Edutainment Planetarium Doraemon to Chigasou: Uchuu no Tomodachi,movie,1.0
22182,Effendi Xin Chuan: Bu Ting Hua De Gou,movie,1.0
22608,Effendi Xin Chuan: Zhong Jin Ji,movie,1.0
22157,Effendi: Qi Yuan Lixian,movie,1.0
16722,Efficus: Kono Omoi o Kimi ni...,ova,2.0
22400,Eiga no Yousei: Fill and Moo,movie,1.0
17854,Eigo de Asobo: Tanken Goblin Tou,tv,100.0
9578,Eiken: Eikenbu yori Ai wo Komete,ova,2.0
17257,"Eikoku Ikka, Nihon wo Taberu: English Ikka, Shougatsu wo Taberu",special,1.0
5487,Eikoku Koi Monogatari Emma: Intermission,special,1.0
1884,Eikoku Koi Monogatari Emma: Molders-hen,tv,12.0
17494,Eikou e no Spur: Igaya Chiharu Monogatari,movie,1.0
18249,Eiyuu Densetsu: Head On! Master Senshi,ova,1.0
6352,Eiyuu Densetsu: Sora no Kiseki The Animation,ova,2.0
3899,"Eiyuuou, Bu wo Kiwameru Tame Tenseisu: Soshite, Sekai Saikyou no Minarai Kishi♀",tv,12.0
12289,"Eiyuuou, Bu wo Kiwameru Tame Tenseisu: Soshite, Sekai Saikyou no Minarai Kishi♀ Mini Anime",ona,2.0
5347,El Hazard 2: The Magnificent World,ova,4.0
5136,El Hazard: The Alternative World,tv,13.0
3317,El Hazard: The Magnificent World,ova,7.0
4373,El Hazard: The Wanderers,tv,26.0
9553,Elf no Futagohime: Willan to Arsura,ova,1.0
9322,Elf-ban Kakyuusei: Anata dake wo Mitsumete...,ova,4.0
1853,"Elfen Lied: Tooriame nite Arui wa, Shoujo wa Ikani Shite Sono Shinjou ni Itatta ka? - Regenschauer",special,1.0
9608,Elfina: Yoru e to Urareta Oukoku de... The Animation,ova,3.0
14312,Elmer no Bouken: My Father's Dragon,ova,1.0
10157,Elsword: Ain-ui Gieog Animation,ona,1.0
8130,Elsword: El-ui Yeoin,ona,12.0
363,Enen no Shouboutai: Ni no Shou,tv,24.0
16067,Enen no Shouboutai: San no Shou,tv,
13022,Enkinhou no Hako: Hakase no Sagashimono,movie,1.0
5724,Enkou JK Bitch Gal: Ojisan to Namapako Seikatsu,ova,2.0
7293,Enkou Shoujo: Rikujoubu Yukki no Baai The Animation,ova,1.0
19536,Enoshimans Spin-off: Kurage no Soudan,movie,3.0
9155,Entaku no Kishi Monogatari: Moero Arthur,tv,30.0
11629,Erementar Gerad: Aozora no Senki,music,1.0
20446,Erlang Shen: Shenhai Jialong,movie,1.0
8919,Ero Ishi: Seijun Bishoujo wo Kotoba Takumi ni Hametai Houdai,ova,4.0
6580,Ero Semi: Ecchi ni Yaruki ni ABC - The Animation,ova,1.0
5079,Escha & Logy no Atelier: Tasogare no Sora no Renkinjutsushi,tv,12.0
16886,Esper Mami Special: My Angel Mami-chan,special,1.0
12806,Esper Mami: Hoshizora no Dancing Doll,movie,1.0
6833,Estab-Life: Great Escape,tv,12.0
14822,Estima: Sense of Wonder,ona,13.0
9792,Eternity: Shinya no Nurekoi Channel ♡,ona,12.0
8637,Etotama: Nyankyaku Banrai,ona,1.0
13480,Etotama: Nyankyaku Banrai - Etotama Pretty Gekijou,special,1.0
7264,Eureka Seven AO: Jungfrau no Hanabana-tachi,ova,1.0
6678,Eureka Seven AO: One More Time - Lord Don't Slow Me Down,ona,5.0
273,Evangelion: 1.0 You Are (Not) Alone,movie,1.0
154,Evangelion: 2.0 You Can (Not) Advance,movie,1.0
6220,Evangelion: 3.0 (-46h),special,1.0
573,Evangelion: 3.0 You Can (Not) Redo,movie,1.0
246,Evangelion: 3.0+1.0 Thrice Upon a Time,movie,1.0
6155,Eyeshield 21: Jump Festa 2005 Special,special,1.0
6158,Eyeshield 21: Maboroshi no Golden Bowl,special,1.0
6968,F-Zero: Falcon Densetsu,tv,51.0
16129,FLCL: Grunge,tv,
16196,FLCL: Shoegaze,tv,
23096,Fadian Zhi Mi: Haidi Tao Fa,movie,1.0
8150,Fairy Ranmaru: Anata no Kokoro Otasuke Shimasu,tv,12.0
1203,Fairy Tail Movie 1: Houou no Miko,movie,1.0
1778,Fairy Tail Movie 1: Houou no Miko - Hajimari no Asa,special,1.0
981,Fairy Tail Movie 2: Dragon Cry,movie,1.0
16072,Fairy Tail: 100 Years Quest,tv,
660,Fairy Tail: Final Series,tv,51.0
19176,Fangkemeng: Bu Yuan Zhi Dao de Fangxing Baokemeng?!,ona,
17603,Fanren Xiu Xian Chuan: Chongzhi Ban,ona,21.0
17294,Fanren Xiu Xian Chuan: Xinghai Feichi Pian Xuzhang,ona,4.0
5790,Fanren Xiu Xian Chuan: Yan Jia Bao Dazhan,ona,4.0
6957,Fantascope: Tylostoma,ova,1.0
7352,Fantastic Children: Befort no Kodomo-tachi no Sonogo,special,1.0
5404,Fatal Fury 2: The New Battle,special,1.0
6497,Fatal Fury: Legend of the Hungry Wolf,special,1.0
5576,Fatal Fury: The Motion Picture,movie,1.0
4705,Fate/Extra: Last Encore,tv,10.0
4458,Fate/Extra: Last Encore - Illustrias Tendousetsu,tv,3.0
2932,Fate/Grand Order: First Order,special,1.0
6408,Fate/Grand Order: Fujimaru Ritsuka wa Wakaranai,ona,33.0
10228,Fate/Grand Order: Fujimaru Ritsuka wa Wakaranai - Nenmatsu Special,special,1.0
6554,Fate/Grand Order: Himuro no Tenchi - 7-nin no Saikyou Ijin-hen,special,1.0
5411,Fate/Grand Order: Moonlight/Lostroom,special,1.0
3261,Fate/Grand Order: Shinsei Entaku Ryouiki Camelot 1 - Wandering; Agateram,movie,1.0
1653,Fate/Grand Order: Shinsei Entaku Ryouiki Camelot 2 - Paladin; Agateram,movie,1.0
1357,Fate/Grand Order: Shuukyoku Tokuiten - Kani Jikan Shinden Solomon,movie,1.0
495,Fate/Grand Order: Zettai Majuu Sensen Babylonia,tv,21.0
2426,Fate/Grand Order: Zettai Majuu Sensen Babylonia - Initium Iter,special,1.0
5861,Fate/Grand Order: Zettai Majuu Sensen Babylonia Recaps,special,3.0
4512,Fate/Zero: Onegai! Einzbern Soudanshitsu,special,6.0
3360,Fate/kaleid liner Prisma☆Illya 2wei!: Mahou Shoujo in Onsen Ryokou,ova,1.0
3406,Fate/kaleid liner Prisma☆Illya Movie: Licht - Namae no Nai Shoujo,movie,1.0
13517,Fate/kaleid liner Prisma☆Illya Movie: Licht - Namae no Nai Shoujo Mini Anime,ona,3.0
905,Fate/kaleid liner Prisma☆Illya Movie: Sekka no Chikai,movie,1.0
5037,Fate/kaleid liner Prisma☆Illya Movie: Sekka no Chikai - Kuro Sakura no Heya,special,1.0
5732,Fate/kaleid liner Prisma☆Illya: Prisma☆Phantasm,movie,1.0
4052,Fate/kaleid liner Prisma☆Illya: Undoukai de Dance!,ova,1.0
249,Fate/stay night Movie: Heaven's Feel - I. Presage Flower,movie,1.0
174,Fate/stay night Movie: Heaven's Feel - II. Lost Butterfly,movie,1.0
197,Fate/stay night Movie: Heaven's Feel - III. Spring Song,movie,1.0
1184,Fate/stay night Movie: Unlimited Blade Works,movie,1.0
118,Fate/stay night: Unlimited Blade Works,tv,12.0
82,Fate/stay night: Unlimited Blade Works 2nd Season,tv,13.0
1302,Fate/stay night: Unlimited Blade Works 2nd Season - Sunny Day,special,1.0
336,Fate/stay night: Unlimited Blade Works Prologue,special,1.0
1082,Fate/strange Fake: Whispers of Dawn,special,1.0
4741,Fault!! Service: Aratanaru Rival,ova,1.0
19057,Fei Ba! Lanqiu: Xuzhang,ona,1.0
21544,Fei Gou Moco: Chongwu Dian De Xiao Mimi,ona,97.0
14115,Fei Ren Zai: Shenxian Ye Ai Chi,ona,3.0
24091,Feitian Pangxie: Datong Wangguo,tv,13.0
2509,Fella Pure: Mitarashi-san Chi no Jijou The Animation,ova,1.0
24352,Feng Feng Nongchang: Fei Chong Dou Dou,tv,26.0
23021,Feng Shen Chuanqi: Qu Mo Yingxiong,movie,1.0
24209,Feng Sheng Shui Qi: 24 Jieqi de Gushi,ona,24.0
23390,Fengkuang Shidai 2: Gan Wen LU Zai Hefang,ona,14.0
17098,Fengzi Wuyu: Xian Luo Pian,ona,20.0
19110,Fengzi Wuyu: Yinhe Pian,ona,20.0
9735,Fight League: Gear Gadget Generators,ona,26.0
4432,Figure 17: Tsubasa & Hikaru,tv,13.0
625,Final Fantasy VII: Advent Children,movie,1.0
3097,Final Fantasy VII: Advent Children - Venice Film Festival Footage,movie,1.0
657,Final Fantasy VII: Advent Children Complete,ova,1.0
1956,Final Fantasy VII: Last Order,special,1.0
3347,Final Fantasy VII: On the Way to a Smile - Episode: Denzel,ova,1.0
19438,Final Fantasy XIV: Seoduleuji anh-ado gwaenchanh-a,ona,1.0
6101,Final Fantasy XV: Episode Ardyn - Prologue,ona,1.0
5017,Final Fantasy: The Spirits Within,movie,1.0
6322,Final Fantasy: Unlimited,tv,25.0
18105,Fire Emblem Heroes: Askr Oukoku Teiten Camera (Eir no 1-nichi),ona,1.0
19045,"Fire Emblem Heroes: Book V - ""In the Club"" Remix",music,1.0
12041,Fire Emblem Heroes: Chibi Playhouse,ona,3.0
14184,"Fire Emblem Heroes: Fjorm ga Utau - ""Kouri no Hana""",music,1.0
9739,Fire Emblem Heroes: Lonely Puppeteer (Spring Remix),music,1.0
6929,First Squad: The Moment of Truth,movie,1.0
8596,Flag Director's Edition: Issenman no Kufura no Kiroku,ova,1.0
14909,Flaglia: Natsuyasumi no Monogatari,tv,6.0
12171,Flutter of Birds II: Tenshi-tachi no Tsubasa,ova,2.0
11465,Flutter of Birds: Tori-tachi no Habataki,ova,2.0
16019,Fojiao Donghua: Dashi Zhi Pusa Nianfo Yuantong Zhang,special,1.0
3477,Fortune Arterial: Akai Yakusoku,tv,12.0
3920,Fortune Arterial: Akai Yakusoku - Tadoritsuita Basho,ova,1.0
10441,Fortune Quest: Yo ni mo Shiawase na Boukensha-tachi,ova,4.0
13858,Four Seasons: Fuuka to Nanami,ona,1.0
11290,Frame Arms Girl Movie: Kyakkya Ufufu na Wonderland,movie,1.0
14452,Frame Arms: A Violent Struggle,ova,1.0
939,Free! Eternal Summer: Kindan no All Hard!,special,1.0
2074,Free! Movie 1: Timeless Medley - Kizuna,movie,1.0
6457,Free! Movie 1: Timeless Medley - Kizuna - Character Butai Aisatsu,movie,4.0
2116,Free! Movie 2: Timeless Medley - Yakusoku,movie,1.0
6771,Free! Movie 2: Timeless Medley - Yakusoku: Character Butai Aisatsu,movie,4.0
2523,Free! Movie 3: Road to the World - Yume,movie,1.0
2436,Free! Movie 4: The Final Stroke - Zenpen,movie,1.0
3132,Free! Movie 5: The Final Stroke - Kouhen,movie,1.0
6299,Free! Take Your Marks: Character Butai Aisatsu,movie,4.0
1386,Free!: FrFr - Short Movie,special,7.0
6638,Fresh Precure! Movie: Omocha no Kuni wa Himitsu ga Ippai!?,movie,1.0
7659,Friends: Mononoke Shima no Naki,movie,1.0
4603,Front Innocent: Mou Hitotsu no Lady Innocent,ova,1.0
869,Fruits Basket: Prelude,movie,1.0
130,Fruits Basket: The Final,tv,13.0
23106,Fu Wu Shu: Sanshiliu Ji,tv,36.0
23107,Fu Wu Shu: Sunzi Bingfa,tv,26.0
23360,Fu Wu Shu: Zhanguo Fengyun,tv,26.0
8632,"Fudanshi Koukou Seikatsu: Sports no Aki, Bonnou no Aki",special,1.0
10870,Fudanshi Shoukan: Isekai de Shinjuu ni Hameraremashita,ona,4.0
12691,Fudanshi Shoukan: Isekai de Shinjuu ni Hameraremashita 2nd Season,ona,3.0
13899,Fudanshi Shoukan: Isekai de Shinjuu ni Hameraremashita 3rd Season,ona,3.0
18404,Fudanshi Shoukan: Isekai de Shinjuu ni Hameraremashita 4th Season,ona,3.0
18813,Fudanshi Shoukan: Isekai de Shinjuu ni Hameraremashita 5th Season,ona,3.0
773,Fugou Keiji: Balance:Unlimited,tv,11.0
17243,Fujiko F. Fujio: Sukoshi Fushigi Tanpen Theater,ova,11.0
13573,Fujun Isei Kouyuu: Taisetsu na Kimi e,ova,1.0
6526,Fukubiki! Triangle: Futaba wa Atafuta ♥,ova,1.0
4223,Fukubiki! Triangle: Miharu After,ova,2.0
12525,Fukuyama Gekijou: Natsu no Himitsu,ova,1.0
6461,Full Metal Panic! Movie 1: Boy Meets Girl,movie,1.0
6660,Full Metal Panic! Movie 2: One Night Stand,movie,1.0
6646,Full Metal Panic! Movie 3: Into the Blue,movie,1.0
1228,Full Metal Panic! The Second Raid: Wari to Hima na Sentaichou no Ichinichi,special,1.0
5577,Full Moon wo Sagashite: Kawaii Kawaii Daibouken,special,1.0
0,Fullmetal Alchemist: Brotherhood,tv,64.0
1823,Fullmetal Alchemist: Brotherhood - 4-Koma Theater,special,16.0
654,Fullmetal Alchemist: Brotherhood Specials,special,4.0
2053,Fullmetal Alchemist: Premium Collection,ova,3.0
2693,Fullmetal Alchemist: Reflections,special,1.0
786,Fullmetal Alchemist: The Conqueror of Shamballa,movie,1.0
1576,Fullmetal Alchemist: The Sacred Star of Milos,movie,1.0
4648,Fullmetal Alchemist: The Sacred Star of Milos Specials,ona,4.0
5749,Fumetsu no Anata e: Fushi no Tabiji,special,1.0
19273,FunaQ: Funassyi to Soutai-kun,ona,14.0
11761,Furusato Meguri: Nippon no Mukashibanashi,tv,50.0
5480,Furusato Saisei: Nippon no Mukashibanashi,tv,258.0
2758,Fuse: Teppou Musume no Torimonochou,movie,1.0
13088,Fushigi Dagashiya: Zenitendou,tv,
16605,Fushigi Dagashiya: Zenitendou Movie - Tsuri Taiyaki,movie,1.0
6654,Fushigi Yuugi Special: Nakago Shikkari Shinasai!,special,2.0
3080,Fushigi Yuugi: Dai Ni Bu,ova,6.0
4483,Fushigi Yuugi: Eikouden,ova,4.0
13678,Fushigi na Somera-chan: Hajimatteru yo! Sono Ato no Somera-chan!!,special,1.0
10669,Fushigi no Umi no Nadia: Original Movie,movie,1.0
18869,Fushigi no Yappo Shima: Pukipuki to Poi,tv,25.0
17442,Fushigiboshi no☆Futagohime: Marugoto DVD,ova,1.0
20187,Fushouji no Mizen Boushi: Saihatsu Boushi Series,ova,2.0
5076,Futa-bu! Mix: Futanari World,ova,1.0
18326,Futari wa Nakayoshi: Goo to Sue,tv,84.0
4065,Futari wa Precure: Max Heart,tv,47.0
5866,Futari wa Precure: Max Heart Movie 1,movie,1.0
5029,Futari wa Precure: Max Heart Movie 2 - Yukizora no Tomodachi,movie,1.0
3786,Futari wa Precure: Splash☆Star,tv,49.0
9718,Futari wa Precure: Splash☆Star Maji★Doki♥ Theater,movie,1.0
6493,Futari wa Precure: Splash☆Star Movie - Tick Tack Kiki Ippatsu!,movie,1.0
4759,"Futsuu no Joshikousei ga [Locodol] Yattemita.: Nagarekawa, Annai Shitemita.",special,1.0
7356,Future Card Buddyfight Battsu: All-Star Fight,tv,8.0
11427,Future GPX Cyber Formula: Early Days Renewal,ova,2.0
21112,FutureNova: Image Album,movie,1.0
9904,Fuuma no Kojirou: Fuuma Hanran-hen,ova,1.0
9781,Fuuma no Kojirou: Seiken Sensou-hen,ova,6.0
9378,Fuuma no Kojirou: Yasha-hen,ova,6.0
18093,Fuusen Inu Tinny: Nandaka Fushigi na - Kyouryuu no Kuni,movie,1.0
17692,Fuwafuwa Hour: Pui Pui & Muu Muu,tv,3.0
24205,Fuxi Chuanqi: Wuhang Ling Yu,tv,26.0
23827,Fuxing Ba Jie: Da Nian Xiao Guai,special,1.0
23626,Fuxing Ba Jie: Ji Ji Huo Hou Nian,special,1.0
7284,Fuyu no Sonata: Joshou - Hatsuyuki no Negai,special,1.0
6170,Fw:Hamatora,movie,1.0
3801,GA: Geijutsuka Art Design Class,tv,12.0
5348,GA: Geijutsuka Art Design Class: Aozora ga Kakitai,ova,1.0
9485,GR: Giant Robo,tv,13.0
7568,GS Mikami: Gokuraku Daisakusen!!,movie,1.0
14916,GUNbare! Game Tengoku: The Game Paradise 2,ova,1.0
908,Ga-Rei: Zero,tv,12.0
10270,Gag Manga Biyori: Jump Festa 2002 Special,special,1.0
5709,Gaiking: Legend of Daiku-Maryu,tv,39.0
19106,Gakitabi!: Akechi no Furusato,ona,1.0
18888,Gakitabi!: Seishun Oshiro-hen,ona,1.0
3931,Gakkou no Kaidan: Kubinashi Rider!! Shi no Noroi,special,1.0
12417,Gakkou no Kowai Uwasa Shin: Hanako-san ga Kita!!,tv,33.0
8773,Gakkou no Kowai Uwasa: Hanako-san ga Kita!!,tv,35.0
12783,Gakuen Handsome: Haitoku no Lesson,music,2.0
10872,Gakuen Handsome: Legend of Sexy,music,2.0
6216,Gakuen Heaven: Hamu Hamu Heaven,special,12.0
13237,Gakuen Maria: Bakunyuu Teachers,ova,1.0
17518,Gakuen Senki Muryou: Yorinuki Muryou-san Girls Selection,ova,1.0
7313,Gakuen Shinshoku: XX of the Dead,ova,2.0
4828,Gakuen Utopia Manabi Straight!: Natsu da! Manabi da! Kyouka Gasshuku da!,special,1.0
9686,Gakuen no Ikenie: Nagusami Mono to Kashita Kyonyuu Furyou Shoujo,ova,1.0
11672,Gakuen: Chijoku no Zushiki,ova,2.0
9103,Gakumon!: Ookami Shoujo wa Kujikenai,ona,3.0
6567,Galaxy Angel Music Collection: Shouen to Shien no Cassoulet,ova,1.0
11498,Galerians: Rion,ova,3.0
7432,Gall Force 1: Eternal Story,movie,1.0
8277,Gall Force 2: Destruction,ova,1.0
8513,Gall Force 3: Stardust War,ova,1.0
9460,Gall Force: Chikyuu Shou,ova,3.0
11149,Gall Force: New Era,ova,2.0
11102,Gall Force: The Revolution,ova,4.0
13942,Gamba: Gamba to Nakama-tachi,movie,1.0
14989,Game Tengoku: The Game Paradise!,ova,1.0
16427,Gamera: Rebirth,ona,6.0
23687,Gan Xiao: Feng Qi,ona,26.0
6627,Ganbare Douki-chan: Kakusa Shakai ni Nayamu Kaisha no Douki,special,1.0
13661,Ganbare Goemon: Chikyuu Kyuushutsu Daisakusen,ova,1.0
13884,Ganbare Goemon: Jigen Jou no Akumu,ova,1.0
11454,Ganbare! Kickers: Bokutachi no Densetsu,ova,1.0
22005,Gangtie Feilong 2: Long Hun Juexing,tv,26.0
20932,Gangtie Feilong 2: Ultraman Liliang,tv,26.0
21961,Gangtie Feilong 3: Shanhai Shenshou Lu,tv,52.0
20876,Gangtie Feilong: Ultraman Jueqi,movie,1.0
20742,Gangtie Feilong: Zaijian Ultraman,movie,1.0
1437,Gantz:O,movie,1.0
11742,Garakuta-doori no Stain: Epilogue,ova,1.0
3636,Garden: Takamine-ke no Nirinka - The Animation,ova,
2591,Garo Movie: Divine Flame,movie,1.0
7795,Garo: Guren no Tsuki,tv,23.0
13782,Garo: Guren no Tsuki - Yurugaro,tv,8.0
9482,Garo: Guren no Tsuki Special,special,1.0
1667,Garo: Honoo no Kokuin,tv,24.0
5471,Garo: Honoo no Kokuin - Home,special,1.0
13346,Garo: Honoo no Kokuin - Yurugaro,tv,23.0
2821,Garo: Vanishing Line,tv,24.0
13397,Garugaku. II: Lucky Stars,tv,50.0
12730,Garugaku.: Sei Girls Square Gakuin,tv,50.0
3733,Gatchaman Crowds Insight: Inbound,ona,1.0
3029,Gatchaman Crowds: Embrace,special,1.0
441,"Gate: Jieitai Kanochi nite, Kaku Tatakaeri",tv,12.0
451,"Gate: Jieitai Kanochi nite, Kaku Tatakaeri Part 2",tv,12.0
14244,Gaza: Changing the World,ona,1.0
12383,Gegege no Kitarou: Chisougan,movie,1.0
23804,Gegege no Kitarou: Copy Youkai vs. Kitarou - Fusei Shouhin ni wa Ki wo Tsukero!,ova,1.0
10841,Gegege no Kitarou: Daikaijuu,movie,1.0
11895,Gegege no Kitarou: Gekitotsu!! Ijigen Youkai no Daihanran,movie,1.0
11400,Gegege no Kitarou: Jigoku-hen,tv,7.0
14176,Gegege no Kitarou: Kitarou Tanjou-hen,special,1.0
13541,Gegege no Kitarou: Kitarou no Yuurei Densha,movie,1.0
9842,Gegege no Kitarou: Nippon Bakuretsu,movie,1.0
11285,Gegege no Kitarou: Obake Nighter,movie,1.0
11973,Gegege no Kitarou: Saikyou Youkai Gundan! Nippon Jouriku!!,movie,1.0
16448,Gegege no Kitarou: Tamashii to Art,movie,2.0
12163,Gegege no Kitarou: Youkai Daisensou,movie,1.0
15112,Gegege no Kitarou: Youkai Japan Rally 3D,movie,1.0
20920,Gegege no Kitarou: Youkai Post ni Kiitemiyou! Medama Oyaji no Naze Naze Kodomo Soudanshitsu,movie,1.0
11766,Gegege no Kitarou: Youkai Tokkyuu! Maboroshi no Kisha,movie,1.0
18085,Geisters Movie: Hikari no Shou,movie,1.0
18203,Geisters Movie: Inochi no Shou,movie,1.0
13413,Geisters: Fractions of the Earth,tv,26.0
9415,Gekidol: Actidol Project,tv,12.0
7473,Gekiganger 3: The Movie,ova,1.0
7109,Gekijou Tanpen Macross Frontier: Toki no Meikyuu,movie,1.0
17378,Gekikara Gag Gekijou: Tabasco Shower,ova,2.0
10311,Gekitou! Crush Gear Turbo: Kaizabaan no Chousen,movie,1.0
13330,Gekkou no Pierce: Yumemi to Gin no Bara no Kishidan,ova,1.0
7709,Genei wo Kakeru Taiyou: Fumikomenai Kokoro,special,1.0
13938,Generation of Chaos III: Toki no Fuuin,ova,2.0
13516,Generation of Chaos Next: Chikai no Pendant,ova,1.0
10299,"Genesis Climber Mospeada: Love, Live, Alive",ova,1.0
16581,Genji Fantasy: Neko ga Hikaru Genji ni Koi wo Shita,special,1.0
11486,Genjitsu no Rimuru: Sunshine in the Slime,ona,2.0
4457,Genjitsu no Yohane: Sunshine in the Mirror,tv,13.0
17526,Genki Bakuhatsu Ganbaruger: Hyakka,ova,1.0
18713,Genki Genki Non-tan: Deka Deka Arigatou,ova,1.0
19642,Genki Genki Non-tan: Obake Mura Meiro,ova,1.0
18653,Genki Genki Non-tan: Spoon Tan Tan Tan,ova,1.0
18542,Genki Genki Non-tan: Utaou! Christmas,ova,1.0
13250,Genma Taisen: Shinwa Zenya no Shou,tv,13.0
14412,Genroku Koi Moyou: Sankichi to Osayo,movie,1.0
4564,Gensou Mangekyou: The Memories of Phantasm,ova,18.0
9951,Gensou Sangokushi: Tengen Reishinki,tv,12.0
3722,Gensoumaden Saiyuuki Movie: Requiem - Erabarezaru Mono e no Chinkonka,movie,1.0
6438,Gensoumaden Saiyuuki: Kibou no Zaika,ova,1.0
20196,Geo Mecha: Beast Guardian,tv,26.0
20262,Geo Mecha: Captain Dino,tv,26.0
8411,Geobreeders 2: Mouryou Yuugekitai File-XX Ransen Toppa,ova,4.0
8097,Geobreeders: File-X Chibi Neko Dakkan,ova,3.0
21920,Geugjangpan Tobot: Lobosgundan-ui Seubgyeog,movie,1.0
2374,Giant Robo the Animation: Chikyuu ga Seishi Suru Hi,ova,7.0
6187,Gibo no Toiki: Haitoku Kokoro ni Tadayou Haha no Iroka,ova,2.0
4922,Gift: Eternal Rainbow,tv,12.0
6016,Gift: Eternal Rainbow - Ki no Saka Ryokan Kiki Ippatsu!!,special,1.0
7191,Gifuu Doudou!!: Kanetsugu to Keiji,tv,25.0
6841,Ginga Eiyuu Densetsu Gaiden: Ougon no Tsubasa,movie,1.0
1416,Ginga Eiyuu Densetsu: Arata naru Tatakai no Overture,movie,1.0
2110,Ginga Eiyuu Densetsu: Die Neue These - Gekitotsu,movie,12.0
1221,Ginga Eiyuu Densetsu: Die Neue These - Kaikou,tv,12.0
2556,Ginga Eiyuu Densetsu: Die Neue These - Sakubou,movie,12.0
1656,Ginga Eiyuu Densetsu: Die Neue These - Seiran 1,movie,4.0
1661,Ginga Eiyuu Densetsu: Die Neue These - Seiran 2,movie,4.0
1596,Ginga Eiyuu Densetsu: Die Neue These - Seiran 3,movie,4.0
1393,Ginga Eiyuu Densetsu: Waga Yuku wa Hoshi no Taikai,movie,1.0
14328,Ginga Hyouryuu Vifam: Chicago Super Police 13,special,1.0
10515,Ginga Hyouryuu Vifam: Keito no Kioku - Namida no Dakkai Sakusen,ova,1.0
11256,Ginga Hyouryuu Vifam: Kieta 12-nin,ova,1.0
5099,Ginga Kikoutai Majestic Prince Movie: Kakusei no Idenshi,movie,1.0
7149,Ginga Kikoutai Majestic Prince: Mirai e no Tsubasa,special,1.0
8987,Ginga Ojousama Densetsu Yuna: Kanashimi no Siren,ova,2.0
8568,Ginga Ojousama Densetsu Yuna: Shin'en no Fairy,ova,3.0
10248,Ginga Tansa 2100-nen: Border Planet,special,1.0
9995,Ginga Teikoku no Metsubou Gaiden: Aoki Ookami-tachi no Densetsu,ova,1.0
13068,Ginga Tetsudou 999: Akai Hoshi Betelgeuze - Inochi no Kagayaki,movie,1.0
9805,Ginga Tetsudou 999: Diamond Ring no Kanata e,movie,1.0
8199,Ginga Tetsudou 999: Eien no Tabibito Emeraldas,special,1.0
7454,Ginga Tetsudou 999: Eternal Fantasy,movie,1.0
8229,Ginga Tetsudou 999: Glass no Clair,movie,1.0
11747,Ginga Tetsudou 999: Hoshizora wa Time Machine,movie,1.0
12663,Ginga Tetsudou 999: Jikuu wo Koeta Energy no Tabi,ona,5.0
20249,Ginga Tetsudou 999: Kieta Taiyoukei,movie,1.0
9264,Ginga Tetsudou 999: Kimi wa Haha no You ni Aiseru ka!!,special,1.0
9316,Ginga Tetsudou 999: Kimi wa Senshi no You ni Ikirareru ka?,special,1.0
13000,Ginga Tetsudou 999: Niji no Michishirube,movie,1.0
14067,Ginga Tetsudou 999: Shounen no Tabidachi to Wakare,special,1.0
7398,Ginga Tetsudou Monogatari: Eien e no Bunkiten,tv,24.0
8160,Ginga Tetsudou Monogatari: Wasurerareta Toki no Wakusei,ova,4.0
10097,Ginga Tetsudou no Yoru: Fantasy Railroad in the Stars,movie,1.0
17152,Ginga Tetsudou no Yoru: Fantasy Railroad in the Stars Special,special,1.0
7969,Giniro no Olynsis: Tokito,tv,12.0
392,Gintama Movie 1: Shinyaku Benizakura-hen,movie,1.0
261,Gintama Movie 2: Kanketsu-hen - Yorozuya yo Eien Nare,movie,1.0
201,Gintama': Enchousen,tv,13.0
1367,Gintama': Futon ni Haitte kara Buki Nokoshi ni Kizuite Neru ni Nerenai Toki mo Aru,special,1.0
365,Gintama.: Porori-hen,tv,13.0
334,Gintama.: Shirogane no Tamashii-hen,tv,12.0
357,Gintama.: Shirogane no Tamashii-hen - Kouhan-sen,tv,14.0
1489,Gintama: Dai Hanseikai,special,1.0
3182,Gintama: Monster Strike-hen,ona,2.0
1084,Gintama: Nanigoto mo Saisho ga Kanjin nanode Tashou Senobisuru Kurai ga Choudoyoi,special,1.0
1241,Gintama: Shinyaku Benizakura-hen,special,1.0
861,Gintama: Shiroyasha Koutan,special,1.0
477,Gintama: The Final,movie,1.0
11732,Gintama: The Final x Mameshiba,special,2.0
814,Gintama: The Semi-Final,special,2.0
1287,Gintama: Yorinuki Gintama-san on Theater 2D,movie,2.0
711,Gintama°: Aizome Kaori-hen,ova,2.0
1458,Gintama°: Umai-mono wa Atomawashi ni Suru to Yokodorisareru kara Yappari Saki ni Kue,special,1.0
6770,Girls & Panzer Heartful Tank Disc: Fushou Akiyama Yukari no Sensha Kouza,special,1.0
7008,Girls & Panzer Movie: 3-pun Chotto de Wakaru!! Girls & Panzer,movie,1.0
9047,Girls & Panzer Movie: Cinematic Concert - Fushou Akiyama Yukari no Sensha Kouza - Shoujun-hen,special,1.0
6256,Girls & Panzer: Dai 63-kai Senshadou Zenkoku Koukousei Taikai Recap,ona,1.0
4525,Girls & Panzer: Fushou Akiyama Yukari no Sensha Kouza,special,6.0
8262,Girls & Panzer: Fushou Akiyama Yukari no Sensha Kouza - Extra,special,1.0
1447,Girls & Panzer: Kore ga Hontou no Anzio-sen desu!,ova,1.0
6616,Girls & Panzer: Kore ga Hontou no Anzio-sen desu! - Fushou Akiyama Yukari no Sensha Kouza,special,1.0
7118,Girls & Panzer: Nihon Senshadou Renmei News,special,2.0
1346,Girls & Panzer: Saishuushou Part 1,movie,1.0
7978,Girls & Panzer: Saishuushou Part 1 - Fushou Akiyama Yukari no Sensha Kouza,special,1.0
1495,Girls & Panzer: Saishuushou Part 2,movie,1.0
4484,Girls & Panzer: Saishuushou Part 2 Specials,special,3.0
1851,Girls & Panzer: Saishuushou Part 3,movie,1.0
5324,Girls & Panzer: Saishuushou Part 3 Specials,special,2.0
16178,Girls & Panzer: Saishuushou Part 4,movie,1.0
16212,Girls & Panzer: Saishuushou Part 5,movie,1.0
16217,Girls & Panzer: Saishuushou Part 6,movie,1.0
4937,Girls & Panzer: Shoukai Shimasu!,special,2.0
4538,Girls Bravo: First Season,tv,11.0
3839,Girls Bravo: Second Season,tv,13.0
965,Given: Uragawa no Sonzai,ova,1.0
14010,Glass no Kamen desu ga the Movie: Onna Spy no Koi! Murasaki no Bara wa Kiken na Kaori!?,movie,1.0
7329,Glass no Kamen: Sen no Kamen wo Motsu Shoujo,ova,3.0
6472,Glass no Kantai: La Legende du Vent de l'Univers,tv,24.0
10336,Glass no Kantai: La Legende du Vent de l'Univers Specials,special,2.0
12676,Gloria: Kindan no Ketsuzoku,ova,3.0
10626,"Go! Go! 575: Meippai ni, Hajiketeru?",special,1.0
20408,Go! Go! Tokyo MER: Kinkyuujitai to Tatakau Nakama-tachi,ona,20.0
6916,Go! Princess Precure Movie: Go! Go!! Gouka 3-bondate!!!,movie,1.0
18645,Go-chan.: Moko to Koori no Ue no Yakusoku,movie,1.0
7657,Goal FH: Field Hunter,tv,39.0
5779,Goblin Slayer: Bouken Kiroku Youshi - Adventure Sheet,special,1.0
1455,Goblin Slayer: Goblin's Crown,movie,1.0
12528,God Eater Reso Nantoka Gekijou: Episode EX,ona,2.0
11024,God Eater Reso Nantoka Gekijou: Nagerareta Shokupan,special,1.0
4736,Godzilla 1: Kaijuu Wakusei,movie,1.0
4646,Godzilla 2: Kessen Kidou Zoushoku Toshi,movie,1.0
6003,Godzilla 3: Hoshi wo Kuu Mono,movie,1.0
4104,Godzilla: S.P,tv,13.0
5463,Gogo no Kouchou: Junai Mellow yori,ova,1.0
18458,Gokudou Sakaba Denden: Gokudou Daisensou Gaiden,ona,3.0
6632,Gokujo.: Gokurakuin Joshikou Ryou Monogatari,tv,12.0
9049,Gokujo.: Souda Onsen ni Ikou!!,special,1.0
4505,Gokukoku no Brynhildr: Kara Sawagi,special,1.0
16171,Golden Kamuy: Saishuushou,tv,
6190,Golgo 13: Queen Bee,ova,1.0
10540,"Gon Movie: Gon, the Little Fox",movie,1.0
23386,Gongzhu Qian Qian: Liyi Pian,ona,20.0
24775,Gongzhu Qian Qian: Xiaoyuan Pian,ona,20.0
20517,Goodme: Citron Tea,ona,1.0
4185,Gosick: Utsukushiki Kaibutsu wa Konton no Sen wo Shimiru,special,1.0
16298,Gothicmade: Hana no Utame,movie,1.0
17038,Gou-chan.: Moko to Chinjuu no Mori no Nakama-tachi,movie,1.0
9281,Goulart Knights: Evoked the Beginning Black,ova,1.0
11200,Goulart Knights: Evoked the Beginning White,ova,1.0
18492,Gra-P & Rodeo: Band wo P,special,1.0
5507,Granblue Fantasy The Animation: Kabocha no Lantern,special,1.0
6123,Grancrest Senki: Tsuisou,special,1.0
15861,Graphillion: Kazoeage Oneesan wo Sukue,ona,1.0
1410,Grappler Baki: Saidai Tournament-hen,tv,24.0
3581,Gravitation: Lyrics of Love,ova,2.0
7302,Gravity Daze The Animation: Ouverture,ova,1.0
10428,Great Mazinger tai Getter Robo G: Kuuchuu Daigekitotsu,movie,1.0
12870,Greek Roman Sinhwa: Olympus Guardian,tv,39.0
14729,Greek Roman Sinhwa: Olympus Guardian (Movie),movie,1.0
4856,Green Eyes: Ane Kyun! yori The Animation,ova,1.0
6782,Green Green Thirteen: Erolutions,ova,1.0
11698,Gregory Horror Show: The Bloody Karte,special,12.0
9663,Gregory Horror Show: The Last Train,tv,26.0
8030,Gregory Horror Show: The Second Guest,tv,25.0
4026,Grenadier: Hohoemi no Senshi,tv,12.0
7452,Grenadier: Hohoemi no Senshi Specials,special,6.0
8340,Grendizer: Getter Robo G - Great Mazinger Kessen! Daikaijuu,movie,1.0
9679,Grey: Digital Target,movie,1.0
8063,Grimm Douwa: Kin no Tori,movie,1.0
551,Grisaia no Meikyuu: Caprice no Mayu 0,special,1.0
2327,Grisaia no Meikyuu: Caprice no Mayu 0 - Takizono Basketball Club no Nama Cream Party!,special,1.0
3631,Grisaia: Phantom Trigger The Animation,movie,2.0
4667,Grisaia: Phantom Trigger The Animation - Stargazer,movie,1.0
16197,Grisaia: Phantom Trigger the Animation (TV),tv,
9710,Grope: Yami no naka no Kotori-tachi,ova,2.0
12357,Growlanser IV: Wayfarer of the Time,ova,1.0
19728,Gu Xiong: Huo Qi,ona,1.0
24369,Guaiwu Gongyu: Meihao Weilai,ona,11.0
24669,Guaiwu Gongyu: Youqing Pianzhang,ona,11.0
24534,Guaiwu Gongyu: Zhanxin Shenghuo,ona,11.0
16946,Gudetama: Muhоu Chitai de Jiyuu mo Fujiyuu,ona,18.0
20287,Gui Bao: Baoxiao Chuang Yuzhou,movie,1.0
24523,Gui Ma Xiao Jingling: Kexue Changshi Bao Hulu,tv,80.0
4264,Guilty Crown: 4-koma Gekijou,special,11.0
3173,Guilty Crown: Kiseki - Reassortment,special,1.0
2922,Guilty Crown: Lost Christmas - An Episode of Port Town,ova,1.0
9497,Guitar wo Motta Shounen: Kikaider vs. Inazuman,special,1.0
24425,Guli Donghua: Luoji Siwei Qimeng,ona,59.0
24710,Guli Guli: Dongwu Shijie,ona,30.0
24117,Guli Guli: Hao Xiguan,ona,182.0
24826,Guli Guli: Yuanwang Ping,ona,26.0
8804,Gundam Breaker: Battlogue,ona,6.0
4067,Gundam Build Divers Re:Rise,ona,13.0
3095,Gundam Build Divers Re:Rise 2nd Season,ona,13.0
7891,Gundam Build Divers: Battlogue,ona,1.0
4949,Gundam Build Fighters Try: Island Wars,special,1.0
5572,Gundam Build Fighters: Battlogue,ona,5.0
4182,Gundam Build Fighters: GM no Gyakushuu,ona,1.0
9684,Gundam Neo Experience 0087: Green Divers,movie,1.0
7510,Gundam: G no Reconguista,tv,26.0
10487,Gundam: G no Reconguista - From the Past to the Future,special,1.0
7245,Gundam: G no Reconguista Movie I - Ike! Core Fighter,movie,1.0
7645,Gundam: G no Reconguista Movie II - Bellri Gekishin,movie,1.0
7472,Gundam: G no Reconguista Movie III - Uchuu kara no Isan,movie,1.0
7277,Gundam: G no Reconguista Movie IV - Gekitou ni Sakebu Ai,movie,1.0
7535,Gundam: G no Reconguista Movie V - Shisen wo Koete,movie,1.0
10495,Gundam: Mission to the Rise,special,1.0
5115,Gunparade March: Arata Naru Kougunka,tv,12.0
2696,Gunslinger Girl: Il Teatrino,tv,13.0
3917,Gunslinger Girl: Il Teatrino OVA,ova,2.0
10154,Gunslinger Stratos The Animation: Bunki/Futatsu no Mirai,special,1.0
10357,Gunslinger Stratos The Animation: Kikan/Kaze no Yukue,ona,1.0
22490,Guo Bao Tegong 4: Kai Zhi Hun,tv,52.0
22071,Guo Bao Tegong: Shuiguo Da Taowang,movie,1.0
11608,Guy: Youma Kakusei,ova,2.0
421,Gyakkyou Burai Kaiji: Hakairoku-hen,tv,26.0
293,Gyakkyou Burai Kaiji: Ultimate Survivor,tv,26.0
5714,Gyakuten Majo Saiban: Chijo na Majo ni Sabakarechau The Animation,ova,1.0
4195,"Gyakuten Saiban: Sono ""Shinjitsu"", Igi Ari!",tv,24.0
3004,"Gyakuten Saiban: Sono ""Shinjitsu"", Igi Ari! Season 2",tv,23.0
2687,H2O: Footprints in the Sand,tv,12.0
20627,Hachidori no Hito Shizuku: Watashi ni Dekiru koto,ova,1.0
8911,"Hachigatsu no Cinderella Nine: Tsuzuku, Monogatari",special,1.0
4803,Hagure Yuusha no Aesthetica: Hajirai Ippai,special,6.0
24150,Haha Xiong Juchang: Diming Gushi,tv,300.0
24007,Haha Xiong Juchang: Haidi Shijie,tv,365.0
23874,Haha Xiong Juchang: Zhihui Da Jiangtang,tv,365.0
24291,Haha Xiong Tonghuashijie: Qimiao Hua Shi,tv,35.0
24463,Haha Xiong: Shikong Tanxian,tv,14.0
24407,Hai Zhi Chuan Shugo: Mazu,movie,1.0
4295,Hai to Gensou no Grimgar: Furoagari no Kabe ni Kaketa Seishun - One More Centimeter,special,1.0
20405,Hai! Akko desu: Minna no Koutsuu Anzen,ova,1.0
20007,Haidi Xiao Zongdui: Huoyan Zhi Huan,movie,1.0
2756,"Haikara-san ga Tooru Movie 1: Benio, Hana no 17-sai",movie,1.0
4938,Haikara-san ga Tooru Movie 2: Hana no Tokyo Dai Roman,movie,1.0
986,Haikyuu!! Movie 1: Owari to Hajimari,movie,1.0
1038,Haikyuu!! Movie 2: Shousha to Haisha,movie,1.0
996,Haikyuu!! Movie 3: Sainou to Sense,movie,1.0
988,Haikyuu!! Movie 4: Concept no Tatakai,movie,1.0
22966,Haishang Si Lu: Nan Zhubao Bao,tv,26.0
3258,Haiyore! Nyaruko-san W: W ni Sayonara/Kono Onsen ni Koi no Konton wo,ova,1.0
3211,Haiyore! Nyaruko-san: Yasashii Teki no Shitome-kata,ova,1.0
6404,Haiyoru! Nyaruani: Remember My Love(craft-sensei),tv,11.0
7270,Haiyoru! Nyaruani: Remember My Love(craft-sensei) Special,special,1.0
9004,Hajimari no Boukensha-tachi: Legend of Crystania,movie,1.0
1049,Hajime no Ippo: Boxer no Kobushi,special,1.0
505,Hajime no Ippo: Champion Road,special,1.0
599,Hajime no Ippo: Mashiba vs. Kimura,ova,1.0
220,Hajime no Ippo: New Challenger,tv,26.0
270,Hajime no Ippo: Rising,tv,25.0
8892,Hajimete no Eigo: Nippon Mukashibanashi,ova,18.0
17888,Hajimete no Eigo: Sekai Meisaku Douwa,ova,18.0
4632,Hajimete no Gal: Hajimete no Bunkasai,ova,1.0
1673,Hakkenden: Touhou Hakken Ibun,tv,13.0
1511,Hakkenden: Touhou Hakken Ibun 2nd Season,tv,13.0
20049,Hakkiri Kotowarou: Yuukai Sare Nai zo!,ova,1.0
9331,Hakoiri Shoujo: Virgin Territory,ova,2.0
2722,Hakozume: Kouban Joshi no Gyakushuu,tv,13.0
5041,Hakumei no Tsubasa: Expansion - Hoshi no Matsuri,ona,1.0
3401,Hakumei to Mikochi: Neji to Bed to Irori to Bakuchi,special,1.0
2427,Hakuouki Movie 1: Kyoto Ranbu,movie,1.0
2524,Hakuouki Movie 2: Shikon Soukyuu,movie,1.0
1352,Hakuouki: Hekketsuroku,tv,10.0
4211,Hakuouki: Hekketsuroku - Kyoto Kaisouroku,special,1.0
6966,Hakuouki: Otogisoushi,tv,12.0
10875,Hakuouki: Otogisoushi Special,special,1.0
2043,Hakuouki: Reimeiroku,tv,12.0
6162,Hakuouki: Reimeiroku OVA,ova,2.0
2243,Hakuouki: Sekkaroku,ova,6.0
8782,Hakuouki: Shinkai - Kaze no Shou,ova,1.0
12586,Hakyuu Houshin Engi: Kou-ke no Chi,special,1.0
13962,Hallelujah: Unmei no Sentaku,ona,1.0
6483,Hamatora The Animation: Saishuukai Chokuzen! Mao ga Okuru,special,1.0
8665,Hamelin no Violin Hiki: The Movie,movie,1.0
12983,Hana no Asukagumi! 2: Lonely Cats Battle Royale,ova,1.0
6537,Hana no Joshi Announcer: Newscaster Etsuko,ova,2.0
12638,Hana no Ko Lunlun: Konnichiwa Sakura no Kuni,movie,1.0
13211,Hana no Mahoutsukai Mary Bell: Phoenix no Kagi,movie,1.0
15997,Hana no Zundamaru: Junk,ona,3.0
2894,Hana to Alice: Satsujin Jiken,movie,1.0
11064,Hana wa Saku: Touhoku ni Saku,special,1.0
19489,Hana-Doll*: Reinterpretation of Flowering,,
17508,Hanakappa Movie: Hanasake! Pakkaan♪ Chou no Kuni no Daibouken,movie,1.0
19305,"Hanakappa no Koutsuu Anzen: Cake wo Momomete Migi, Hidari, Migi",ova,1.0
9039,Hanamaru Youchien: Panda Neko Taisou,special,8.0
1123,Hanasaku Iroha Movie: Home Sweet Home,movie,1.0
4509,Hanaukyou Maid-tai: La Verite,tv,12.0
6568,"Hanayaka Nari, Waga Ichizoku: Kinetograph",ova,2.0
24293,Hanbagui De Gushi: Zhengjiu Wangzi,tv,52.0
5504,Hand Maid May: Akiramemasen,special,1.0
10197,Hand Shakers: Go ago Go,special,1.0
8533,Hangyakusei Million Arthur: Saraba Itoshi no Danchou,special,1.0
17924,Hangyodon no 007/2: Doctor Sunday Arawaru no Maki,ova,1.0
17944,Hangyodon no Parallel Daisakusen: Hana no Oedo wa Oosawagi,ova,1.0
18284,Hangyodon no Parallel Daisakusen: Kyouryuu Oukoku wa Oosawagi,ova,1.0
18052,Hangyodon no Parallel Daisakusen: Mirai Sekai wa Oosawagi,ova,1.0
889,Hanma Baki: Son of Ogre,ona,12.0
2027,Hanma Baki: Son of Ogre 2nd Season,ona,
19530,"Hanshin Awaji Daishinsai ni Manabu: Boku wa, Ano Hi wo Wasurenai.",ova,1.0
3748,Hanyou no Yashahime: Sengoku Otogizoushi,tv,24.0
3442,Hanyou no Yashahime: Sengoku Otogizoushi - Ni no Shou,tv,24.0
11312,Haou Daikei Ryuu Knight: Adeu Legend Final,ova,1.0
11122,Haou Daikei Ryuu Knight: Adeu Legend II,ova,3.0
8704,Haou Taikei Ryuu Knight: Adeu Legend,ova,13.0
5889,Happiness Charge Precure! Movie: Ningyou no Kuni no Ballerina,movie,1.0
6103,Happiness!: Watarase Jun no Kareinaru Ichinichi,ova,1.0
6012,Happy Birthday: Inochi Kagayaku Toki,movie,1.0
23111,Happy Fuzi: Chao Neng Pao Dan,tv,52.0
23205,Happy Fuzi: Yu Shui Jingang,tv,26.0
7833,Happy Seven: The TV Manga,tv,13.0
17042,Happy Seven: The TV Manga - Chibi Chara Moshimo Gekijou,special,7.0
7376,Happy☆Lesson: Hokahoka★Kanna to Futari Kiri,special,1.0
12536,Harbor Light Monogatari: Fashion Lala yori,ova,1.0
20697,Hare Tokidoki Buta: Noriyasu-kun no Hi no Youjin,ova,1.0
20544,Hare Tokidoki Buta: Noriyasu-kun no Koutsuu Anzen,ova,1.0
12932,Haru no Ashioto The Movie: Ourin Dakkan,ova,1.0
5212,HaruChika: Haruta to Chika wa Seishun suru,tv,12.0
11079,Harukana Receive: Yokoku,ona,11.0
8658,Harukanaru Toki no Naka de 2: Shiroki Ryuu no Miko,ova,3.0
7385,Harukanaru Toki no Naka de 3: Kurenai no Tsuki,special,1.0
9014,Harukanaru Toki no Naka de 3: Kurenai no Tsuki Special,special,1.0
8473,Harukanaru Toki no Naka de 3: Owarinaki Unmei,special,1.0
9241,Harukanaru Toki no Naka de: Ajisai Yumegatari,ova,2.0
4113,Harukanaru Toki no Naka de: Hachiyou Shou,tv,26.0
9146,Harukanaru Toki no Naka de: Hachiyou Shou OVA,ova,2.0
12021,Harukanaru Toki no Naka de: Hachiyou Shou Recap,special,1.0
8991,Harukanaru Toki no Naka de: Hachiyou Shou Specials,special,8.0
5470,Harukanaru Toki no Naka de: Maihitoyo,movie,1.0
20510,Hasta Luego: Sayonara Tsuki no Neko,music,1.0
18781,Hasu no Yousei: Bonyo Bonyo,special,1.0
2464,Hataraku Saibou: Kaze Shoukougun,special,1.0
5894,Hataraku Saibou: Necchuushou - Moshimo Pocari Sweat ga Attara,ona,1.0
11277,"Hatena☆Illusion: Koi to Mahou no Illusion de, Muchuu Sasechaimasu! Special",special,1.0
18445,Hato yo: Hiroshima no Sora wo,ova,1.0
3883,Hatsu Inu 2 The Animation: Strange Kind of Woman - Again,ova,2.0
7943,Hatsujou Switch: Otosareta Shoujo-tachi - The Animation,ova,1.0
5061,Hatsukoi Limited.: Gentei Shoujo,special,6.0
9749,Hatsukoi Monster: Mou Chotto dake Tsuzukunja,ova,1.0
9549,Hatsune Miku: Hiyashite Narasou Okashi no Ii Oto,ona,1.0
17430,Hayabusa: Back to the Earth,movie,1.0
17349,Hayabusa: Back to the Earth - Kikan,movie,1.0
2424,Hayate no Gotoku!!: Atsu ga Natsuize - Mizugi-hen!,ova,1.0
13806,Hayou no Tsurugi: Shikkoku no Mashou,ova,2.0
8060,He Wei Dao x Re:Cong Ling Kaishi de Yi Shijie Shenghuo,ona,3.0
6425,Healin' Good♡Precure Movie: Yume no Machi de Kyun! Tto GoGo! Dai Henshin!!,movie,1.0
7144,Heart no Kuni no Alice: Wonderful Wonder World,movie,1.0
3300,Heartcatch Precure! Movie: Hana no Miyako de Fashion Show... desu ka!?,movie,1.0
8734,Heartwork: Symphony of Destruction,ova,3.0
6813,Heat Guy J: Toriko - Angel,special,1.0
15694,Heat Meat Up: Kokusan Sengen,music,1.0
9359,Heavy Object: Dai 37 Kidou Seihi Daitai - Sakusen Kiroku,special,1.0
22152,Hei Hei Yu Baibai: Qi Shan Xuexiao,tv,30.0
24706,Hei Lian Da Baogong: Chidanzhongxin,tv,42.0
24705,Hei Lian Da Baogong: Zhong Gan Yi Dan,tv,42.0
16922,Heijoukyou: Yasukerashi Miyako,movie,1.0
17241,Heisei Matsue Kaidan: Ayashi,ona,2.0
17447,Heisei no Cinderella: Kiko-sama Monogatari,special,1.0
10950,Helen Keller Monogatari: Ai to Hikari no Tenshi,movie,1.0
19627,Helen to Tomoni: Anne Sullivan,ova,1.0
8178,Hello Harinezumi: Satsui no Ryoubun,ova,1.0
20771,Hello Kitty Twinkle☆Moonlight: Cuterium with Sanrio Characters,movie,1.0
14058,Hello Kitty no Alps no Shoujo Heidi II: Klara to no Deai,ova,1.0
17513,Hello Kitty to Miyou: Aesop Monogatari,ova,4.0
17976,Hello Kitty to Miyou: Nihon Mukashibanashi,ova,7.0
21286,Hello Kitty-tachi to Utaou! Kodomo no Uta Best Album: Timing,music,3.0
21554,Hello Kitty-tachi to Utaou! Kodomo no Uta Best Album: Wa ni Natte Odorou,music,3.0
20989,Hello Kitty-tachi to Utaou! Kodomo no Uta Best Album: Yume no Hiyoko,music,2.0
21928,Hello Kitty-tachi to Utaou! Kodomo no Uta: Mary-san no Hitsuji,music,7.0
21729,Hello Kitty-tachi to Utaou! Kodomo no Uta: Rock'n Omelette,music,3.0
13062,Hello Kitty: Mahou no Mori no Ohimesama,movie,1.0
12108,Hello Kitty: Ringo no Mori no Fantasy,tv,13.0
13054,Hello Kitty: Ringo no Mori no Mystery,tv,13.0
12402,Hello Kitty: Ringo no Mori to Parallel Town,tv,27.0
24056,Hello! Pu Xingren: Ji Xun Tegong,tv,26.0
2005,Hellsing: Digest for Freaks,ova,1.0
3974,Hellsing: Psalm of the Darkness,special,1.0
2430,Hellsing: The Dawn,special,3.0
6301,Helter Skelter: Hakudaku no Mura,ova,4.0
20259,Henkei Sakuhin Dai 5-ban: Rembrandt no Shudai ni yoru Henkei Kaitai to Saikousei,movie,1.0
4480,Hentai Ouji to Warawanai Neko.: Henneko BBS,special,13.0
20341,Hentatsu (TV): Oomisoka Tokubetsu-ban,special,1.0
6652,Herlock Saga: Nibelung no Yubiwa,ova,6.0
14160,Hermes: Ai wa Kaze no Gotoku,movie,1.0
20570,Heroes: Battle Disk Densetsu,ona,26.0
2777,"Hetalia Axis Powers Movie: Paint it, White",movie,1.0
1752,Hetalia: The Beautiful World,ona,20.0
3824,Hetalia: The Beautiful World Extra Disc,ova,1.0
2834,Hetalia: The Beautiful World Specials,special,4.0
2755,Hetalia: The World Twinkle,ona,15.0
4275,Hetalia: The World Twinkle Extra Disc,ova,1.0
4642,Hetalia: The World Twinkle Specials,special,3.0
2474,Heya Camp△: Sauna to Gohan to Sanrin Bike,special,1.0
18957,Hi Asobi wa Kaji no Moto: Kenta to Nyanta no Hi no Youjin,ova,1.0
7038,Hi no Tori 2772: Ai no CosmoZone,movie,1.0
16461,Hi no Tori: Eden no Hana,movie,
16349,Hi no Tori: Eden no Sora,ona,
12937,Hi no Tori: Hagoromo-hen,movie,1.0
6319,Hi no Tori: Houou-hen,movie,1.0
16820,Hi no Tori: Kizuna-hen,special,1.0
6396,Hi no Tori: Uchuu-hen,ova,1.0
6667,Hi no Tori: Yamato-hen,ova,1.0
24665,"Hi, Goodbye: Ai Zui Zhengui",ona,80.0
24531,"Hi, Goodbye: Kuaile Chengzhang",ona,80.0
23570,"Hi, Goodbye: Qimiao Shenghuo",ona,80.0
24532,"Hi, Goodbye: Shuqi Qushi",ona,80.0
2454,Hibike! Euphonium Movie 1: Kitauji Koukou Suisougaku-bu e Youkoso,movie,1.0
2355,Hibike! Euphonium Movie 2: Todoketai Melody,movie,1.0
1391,Hibike! Euphonium Movie 3: Chikai no Finale,movie,1.0
9942,Hibike! Euphonium Movie: Photo Session e Youkoso,movie,3.0
16209,Hibike! Euphonium: Ensemble Contest-hen,movie,1.0
1698,Hibike! Euphonium: Kakedasu Monaka,special,1.0
4010,Hibike! Euphonium: Suisougaku-bu no Nichijou,special,7.0
7799,Hidamari Sketch: Chou Hidamatsuri Special,special,1.0
2338,Hidamari Sketch: Sae Hiro Sotsugyou-hen,ova,2.0
3656,Hidan no Aria: Butei ga Kitarite Onsen Kenshuu,special,1.0
5893,Hifuu Katsudou Kiroku: The Sealed Esoteric History,ova,
17289,Higanjima X: Aniki,special,1.0
949,Higashi no Eden Movie I: The King of Eden,movie,1.0
998,Higashi no Eden Movie II: Paradise Lost,movie,1.0
2155,Higashi no Eden: Air Communication,movie,1.0
3042,Higashi no Eden: Falling Down,music,1.0
15048,High & Low: G-Sword,tv,5.0
17977,High & Low: G-Sword (Movie),movie,5.0
18760,High & Low: G-Sword (Special),special,5.0
17615,High & Low: G-Sword OVA,ova,1.0
1684,High School DxD BorN: Ishibumi Ichiei Kanzen Kanshuu! Mousou Bakuyou Kaijo Original Video,special,6.0
1319,High School DxD BorN: Yomigaeranai Fushichou,ova,1.0
2806,High School DxD Hero: Taiikukan-ura no Holy,special,1.0
1601,"High School DxD New: Oppai, Tsutsumimasu!",ova,1.0
9399,High School Mystery: Gakuen Nanafushigi,tv,41.0
876,High Score Girl: Extra Stage,ova,3.0
4849,Highlander: The Search for Vengeance,movie,1.0
13746,Highschool Aurabuster: Hikari no Mezame,ova,3.0
3141,Highschool of the Dead: Drifters of the Dead,ova,1.0
1000,High☆Speed! Movie: Free! Starting Days,movie,1.0
2334,Higurashi no Naku Koro ni Kaku: Outbreak,ova,1.0
2386,Higurashi no Naku Koro ni Special: Nekogoroshi-hen,special,1.0
6287,Hiiro no Kakera: Totsugeki! Tonari no Ikemenzu,ova,1.0
9444,Hijikata Toshizou: Shiro no Kiseki,ova,1.0
12418,Hika Ryoujoku: Wana ni Hamatta Futari,ova,1.0
13005,Hikari: Kariya wo Tsunagu Monogatari,special,1.0
15153,Hikaru Genji: Paradise Ginga,music,1.0
15542,Hikaru Genji: Taiyou ga Ippai,music,1.0
1742,Hikaru no Go: Hokuto Hai e no Michi,special,1.0
10786,Hikaru no Go: Memories,ova,1.0
3700,Hikaru no Go: New Year Special,special,1.0
4133,Hikaru no Go: Sabaki no Ikkyoku! Inishie no Hana yo Sake!!,ova,1.0
13401,Himitsu no Akko-chan: Umi da! Obake da!! Natsu Matsuri,movie,1.0
14624,Himitsukessha Taka no Tsume Gaiden: Mukashi no Yoshida-kun,tv,9.0
18761,Himitsukessha Taka no Tsume Six: Shimane wa Yatsura Da,ova,1.0
15564,Himitsukessha Taka no Tsume The Movie 1: Soutou wa Nido Shinu,movie,1.0
15215,Himitsukessha Taka no Tsume The Movie 3: http://takanotsume.jp wa Eien ni,movie,1.0
17120,Himitsukessha Taka no Tsume The Movie 4: Kaspersky wo Motsu Otoko,ova,1.0
15805,Himitsukessha Taka no Tsume The Movie II: Watashi wo Aishita Kuro Oolong-Cha,movie,1.0
17155,Himitsukessha Taka no Tsume The Planetarium: Burabura! Black Hole no Nazo,special,1.0
17562,Himitsukessha Taka no Tsume: Christmas Daisakusen,special,1.0
10521,Himitsukessha Taka no Tsume: Golden Spell,tv,12.0
17580,Himitsukessha Taka no Tsume: Teikyou Kakutoku Daisakusen - Sakusen Kaigi,special,12.0
13632,Himote House: Dai Panic! Minna de Gokiburi Taiji,ova,1.0
5046,Hina Logi: From Luck & Logic,tv,12.0
11263,Hininden: Gauss,ova,1.0
13889,Hinomaru Hatanosuke: Bakemonoyashiki no Maki,movie,1.0
14094,Hinomaru Hatanosuke: Inazuma-gumi Tobatsu no Maki,movie,1.0
14260,Hinomaru Tarou: Musha Shugyou no Maki,movie,1.0
4080,Hirune Hime: Shiranai Watashi no Monogatari,movie,1.0
18030,History of Les Merveilleuses: Brand Movie,ona,1.0
9968,Hitomi no Naka no Shounen: Juugo Shounen Hyouryuuki,special,1.0
7515,Hitou Meguri Kakure Yu: Mao-hen,ova,2.0
8844,"Hitou Meguri The Animation: Wakaokami, Rachiru",ova,1.0
8717,Hitozuma Cosplay Kissa 2: Hitozuma LoveLove - Cosplay OVA,ova,2.0
7295,Hitozuma Life: One Time Gal,ova,2.0
1784,Hitsugi no Chaika: Avenging Battle,tv,10.0
3301,Hitsugi no Chaika: Nerawareta Hitsugi/Yomigaeru Iseki,ova,1.0
3329,Hiyoko no Basket Movie: Last Game 0401,ona,1.0
3267,Hokuto no Ken Zero: Kenshirou Den,movie,1.0
9650,Hokuto no Ken: Legend of Heroes,special,1.0
3218,Hokuto no Ken: Raoh Gaiden Gekitou-hen,movie,1.0
3221,Hokuto no Ken: Raoh Gaiden Junai-hen,movie,1.0
4330,Hokuto no Ken: Raoh Gaiden Ten no Haoh,tv,13.0
3778,Hokuto no Ken: Toki-den,ova,1.0
4598,Hokuto no Ken: Yuria-den,ova,1.0
16406,Holiday Love: Fuufukan Renai,ona,20.0
24610,Hong Hai Er: Papa Wa Xun Shi Ji,tv,52.0
18121,Hong Haier: Juezhan Huoyanshan,movie,1.0
20037,Hong Mao Lan Tu: A Muxing,tv,30.0
19895,Hong Mao Lan Tu: Ao You Guo Lixian Ji,tv,48.0
20221,Hong Mao Lan Tu: Chuang Taikong,tv,11.0
20291,Hong Mao Lan Tu: Guangming Jian,tv,79.0
20256,Hong Mao Lan Tu: Haidi Lixian Ji,tv,52.0
19789,Hong Mao Lan Tu: Huo Feng Huang,movie,1.0
20107,Hong Mao Lan Tu: Kaixin Yike,tv,96.0
20188,Hong Mao Lan Tu: Konglong Shijie,tv,90.0
20332,Hong Mao Lan Tu: Kuaile Shizi,tv,80.0
20240,Hong Mao Lan Tu: Le Fantian,tv,64.0
20108,Hong Mao Lan Tu: Maoyan Kan Yuzhou,tv,97.0
20415,Hong Mao Lan Tu: Meng Guo Li Xian Ji,tv,56.0
21576,Hong Mao Lan Tu: Nao Xinchun,special,1.0
20241,Hong Mao Lan Tu: Ni Wen Wo Da,tv,83.0
19130,Hong Mao Lan Tu: Qi Xia Chuan,tv,108.0
19554,Hong Mao Lan Tu: Qi Xia Waizhuan,tv,52.0
20403,Hong Mao Lan Tu: Shuimo Donghua,tv,42.0
20331,Hong Mao Lan Tu: Xiao Youmo,tv,84.0
20126,Hong Mao Lan Tu: Yongzhe Guilai,tv,52.0
19837,Hong Mao Lan Tu: Zhang Jian Zou Tianya,tv,108.0
20407,Hongse Jiangshan: Huangma Fenghuo,ona,13.0
13363,Honoo no Alpenrose: Ai no Symphony Ongaku-hen,ova,1.0
7469,Honoo no Alpenrose: Judy & Randy,tv,20.0
17657,Honoo no Alpenrose: Sweet Memory Ongaku-hen,ova,1.0
4049,Honoo no Haramase Oppai: Ero Appli Gakuen The Animation,ova,2.0
5294,Honoo no Mirage: Minagiwa no Hangyakusha,ova,3.0
11198,Honoo no Mirage: Muyou no Michi,special,1.0
4197,Honoo no Toukyuuji: Dodge Danpei,tv,47.0
20255,Honou no Senshi: Firegirl,ova,1.0
18952,Honto ni Atta! Reibai Sensei: Gyakushuu no Kurage.,special,1.0
413,Honzuki no Gekokujou: Shisho ni Naru Tame ni wa Shudan wo Erandeiraremasen,tv,14.0
436,Honzuki no Gekokujou: Shisho ni Naru Tame ni wa Shudan wo Erandeiraremasen 2nd Season,tv,12.0
671,Honzuki no Gekokujou: Shisho ni Naru Tame ni wa Shudan wo Erandeiraremasen 3rd Season,tv,10.0
1941,Honzuki no Gekokujou: Shisho ni Naru Tame ni wa Shudan wo Erandeiraremasen OVA,ova,1.0
5482,Honzuki no Gekokujou: Shisho ni Naru Tame ni wa Shudan wo Erandeiraremasen Recap,special,2.0
1920,Hoozuki no Reitetsu 2nd Season: Sono Ni,tv,13.0
15079,"Hope: Suiso Shakai to, Korekara no Energy no Hanashi",ona,1.0
1097,Horimiya: Piece,tv,13.0
15868,Horoscope: Anata no Seiza,music,1.0
18598,Hoshi Akari no Concert: Seiza ga Kanaderu Yozora,music,1.0
10048,Hoshi ni Negai wo: Cold Body + Warm Heart,ona,1.0
10483,Hoshi ni Negai wo: Fantastic Cat,ona,1.0
11097,Hoshi no Kirby: Pilot,special,1.0
10455,Hoshi no Kirby: Taose!! Koukaku Majuu Ebizou,ona,1.0
24096,Hoshi no Oujisama: Le Petit Prince,movie,1.0
12415,Hoshi no Samidare: Zenhan-sen,special,1.0
3976,Hoshizora e Kakaru Hashi: Kakaru ka? Gakuensai ni Koi no Hashi,special,1.0
22673,Hoshizora wo Miagete: 365 Hi no Hoshi Nikki,movie,1.0
10787,Hot Minute: Aggretsuko,ona,1.0
11864,Hot Minute: Gudetama,ona,1.0
6044,Hotori: Tada Saiwai wo Koinegau,special,1.0
3730,Hottarake no Shima: Haruka to Mahou no Kagami,movie,1.0
9342,Houkago 2: Sayuri,ova,1.0
11924,Houkago Mania Club: Koi no Hoshii no,ova,2.0
18493,Houkago Midnighters: Short Movies Season 2,ova,1.0
13894,Houkago Renai Club: Koi no Étude,ova,2.0
12442,Houkago no Pleiades: Manner Movie,movie,1.0
19667,Houkago no Pleiades: Manner Movie Trailer,ona,1.0
6988,Houkago: Nureta Seifuku,ova,3.0
11523,Hua Jianghu: Bei Mo Ting,ona,40.0
10006,Hua Jianghu: Bu Liang Ren,ona,54.0
10864,Hua Jianghu: Bu Liang Ren II,ona,40.0
10989,Hua Jianghu: Bu Liang Ren III,ona,40.0
11269,Hua Jianghu: Bu Liang Ren IV,ona,13.0
16630,Hua Jianghu: Bu Liang Ren V,ona,12.0
17594,Hua Jianghu: Bu Liang Ren VI,ona,12.0
17293,Hua Jianghu: Gui Yexing,ona,40.0
10532,Hua Jianghu: Huan Shi Men Sheng,ona,20.0
16994,Hua Jianghu: Huan Shi Men Sheng 2nd Season,ona,19.0
9404,Hua Jianghu: Ling Zhu,ona,41.0
19664,Hua Jianghu: Richang Pian,ona,10.0
16958,Hua Jianghu: Xia Lan,ona,40.0
23255,Hua Jingling: Xiha Da Maoxian,tv,26.0
21766,Hua Qian Gu: Hua Hun Zhi Lu,ona,1.0
18738,Huan Bian Jingling: Dangao Tianxin,tv,40.0
24216,Huan Gu Yun Jie: Shanhai Qi Yuan,tv,13.0
21538,Huang Dao Lixian Ji: Luo Ke He Biancheng Mao,tv,40.0
22028,"Huang Doujun Tebie Ban: ""Wang Buliao""",ona,10.0
23357,Huangdi De Xinzhuang: Shengdan Da Mingxing,movie,1.0
5682,Huangjin Tingyuan: Dongri Li de Xinnian Yuanwang,ona,2.0
21652,Huanqiu Da Maoxian: Zhongguo Pian,tv,26.0
24349,Huanqiu Tonghua Cheng: Antusheng Tonghua,tv,58.0
24866,Huanxiang Jia Xiao Mei: Chengzhang de Fannao,ona,10.0
21240,Hudie Meng: Liang Shan Bo yu Zhu Ying Tai,movie,1.0
4486,Hug tto! Precure♡Futari wa Precure Movie: All Stars Memories,movie,1.0
20693,Hui Sheng: Xiao Tu Tao Tao De Gushi,movie,1.0
20103,Hula Kappa: Owakare-kai (2) Atarashii wo Tomodachi,special,1.0
15495,Hulaing Babies Aratame - Staying Babies: Chikyuu wo Mamore! Staying Babies with Yuusha Hayami-san,ona,1.0
15288,Hulaing Babies Aratame: Staying Babies,tv,4.0
8863,Human Lost: Ningen Shikkaku,movie,1.0
6816,Hungry Days x Bump of Chicken: Kinen Satsuei,music,1.0
8245,Hungry Days: Aoharu ka yo.,special,11.0
2199,Hungry Heart: Wild Striker,tv,52.0
1481,Hunter x Hunter Movie 1: Phantom Rouge,movie,1.0
1532,Hunter x Hunter Movie 2: The Last Mission,movie,1.0
523,Hunter x Hunter: Greed Island,ova,8.0
530,Hunter x Hunter: Greed Island Final,ova,14.0
578,Hunter x Hunter: Original Video Animation,ova,8.0
21274,Huo Xing Wa: Dazhan Ha Lou Guai,tv,52.0
21435,Huo Xing Wa: Jiankang Chengzhang,tv,52.0
20635,Huo Xing Wa: Maoxian Leyuan,tv,53.0
21436,Huo Xing Wa: Xue Han Zi,tv,52.0
21711,Huo Xing Wa: Yewai Da Maoxian,tv,26.0
21339,Huo Xing Wa: Yi Zhi Bao,tv,52.0
21340,Huo Xing Wa: Yinghan Leyuan - Nengliang Mofang,tv,52.0
21305,Huo Xing Wa: Yong Chuang Mo Jing Dao,tv,52.0
21393,Huo Xing Wa: Yuzhou Yaoshi,tv,52.0
13370,Huoli Shaonian Wang 3: Xuji,tv,26.0
18770,Huoli Shaonian Wang zhi Chuanqi Zaixian: Xuji,tv,26.0
23714,Huoxian Chuanqi: Xiao Juchang,ona,30.0
20579,Huoxing Wa: Zhi Gudai Dajia Gushi,tv,54.0
3745,Huyao Xiao Hongniang: Beishan Yaodi,ona,8.0
7209,Huyao Xiao Hongniang: Jin Chenxi,ona,10.0
9410,Huyao Xiao Hongniang: Liang Shenghua,ona,12.0
8286,Huyao Xiao Hongniang: Mu Tiancheng,ona,12.0
4690,Huyao Xiao Hongniang: Nan Guo,ona,26.0
4315,Huyao Xiao Hongniang: Qian Yan,ona,15.0
3023,Huyao Xiao Hongniang: Wangquan Fugui,ona,14.0
7233,Huyao Xiao Hongniang: Wei Sheng,ona,10.0
16745,Huyao Xiao Hongniang: Wu Mu,ona,12.0
2967,Huyao Xiao Hongniang: Yue Hong,ona,13.0
10690,Huyao Xiao Hongniang: Yue Hong 2,ona,1.0
5414,Huyao Xiao Hongniang: Zhu Ye,ona,12.0
5180,Hyakka Ryouran: Samurai After,ova,2.0
6709,Hyakka Ryouran: Samurai After Specials,special,2.0
3535,Hyakka Ryouran: Samurai Bride,tv,12.0
5927,Hyakka Ryouran: Samurai Bride Specials,special,6.0
3026,Hyakka Ryouran: Samurai Girls,tv,12.0
4989,Hyakka Ryouran: Samurai Girls Specials,special,6.0
14559,Hyakkiyakou: Warashi,ova,1.0
5963,Hyakujitsu no Bara: Jinginaki Nikukyuu-hen,special,2.0
6073,Hyoudou Ibuki: Kanpeki Ibuki Kaichou ga Kousoku Do M!? na Wake,ova,2.0
1275,Hyouka: Motsubeki Mono wa,ova,1.0
3817,Hypnosis Mic: Division Rap Battle - Rhyme Anima,tv,13.0
16276,Hypnosis Mic: Division Rap Battle - Rhyme Anima +,tv,
15880,I'm Stuck!!: Life of the Dead,ona,4.0
3791,I'm Your Treasure Box: Anata wa Marine Senchou wo Takarabako kara Mitsuketa.,music,1.0
8258,I: Wish You Were Here,tv,4.0
16334,IDOLiSH7 Movie: LIVE 4bit - BEYOND THE PERiOD,movie,2.0
7970,IDOLiSH7 Special Program: Kimi to Furikaeranai to!,special,1.0
7644,IGPX: Immortal Grand Prix,tv,5.0
3809,IGPX: Immortal Grand Prix (2005),tv,13.0
3688,IGPX: Immortal Grand Prix (2005) 2nd Season,tv,13.0
15323,IRoid: Koi no Yuukou Frontier,ona,1.0
2949,IS: Infinite Stratos,tv,12.0
3692,IS: Infinite Stratos 2,tv,12.0
3367,IS: Infinite Stratos 2 - Hitonatsu no Omoide,ova,1.0
5745,IS: Infinite Stratos 2 - Infinite Wedding,special,1.0
3147,IS: Infinite Stratos 2 - World Purge-hen,ova,1.0
2913,IS: Infinite Stratos Encore - Koi ni Kogareru Rokujuusou,ova,1.0
9428,Ichiban Kuji Natsume Yuujinchou: Nyanko-sensei to Hana Shirabe,ona,1.0
14049,Ichigeki Sacchuu!! Hoihoi-san: Legacy,ona,1.0
4351,Ichigo 100%: Koi ga Hajimaru?! Satsuei Gasshuku - Yureru Kokoro ga Higashi e Nishi e,special,1.0
16621,Ichigo Ichie: Kimi no Kotoba,tv,13.0
12227,Ichigo Ichie: Koibana Tomobana,tv,13.0
23948,Ichinensei Daikatsuyaku DVD: Mirai no Shougakkou Tanken,ova,1.0
14155,Id:Indeed,ona,12.0
517,Id:Invaded,tv,13.0
4541,Ihatov Gensou: Kenji no Haru,movie,1.0
5016,Iizuka-senpai x Blazer: Ane Kyun! yori The Animation,ova,1.0
12405,Ijime: Ikenie no Kyoushitsu,ova,1.0
2863,Ijirare: Fukushuu Saimin,ova,4.0
10141,Ijou Chitai: Jikken Dorei,ova,2.0
7566,Ikemen Sengoku: Toki wo Kakeru ga Koi wa Hajimaranai,tv,12.0
15963,Ikenai Boy: Ikasu Maruhi Hand Power,ova,1.0
3524,Ikkitousen: Dragon Destiny,tv,12.0
5024,Ikkitousen: Dragon Destiny Specials,special,6.0
6196,Ikkitousen: Extravaganza Epoch,ova,2.0
3816,Ikkitousen: Great Guardians,tv,12.0
5563,Ikkitousen: Great Guardians Specials,special,6.0
5601,Ikkitousen: Shuugaku Toushi Keppuuroku,ova,1.0
7390,Ikkitousen: Western Wolves,ova,3.0
4088,Ikkitousen: Xtreme Xecutor,tv,12.0
6087,Ikkitousen: Xtreme Xecutor Specials,special,6.0
17231,Ikkyuu-san: Haru Da! Yancha Hime,movie,1.0
17532,Ikkyuu-san: Ooabare Yancha-hime,special,1.0
3685,"Ikoku Meiro no Croisée The Animation: Ongakkai ""Récital""",special,1.0
8246,Ikoku Meiro no Croisée: Yune & Alice,special,7.0
16731,Imokawa Mukuzo: Chuugaeri no Maki,movie,1.0
13724,Imokawa Mukuzo: Genkanban no Maki,movie,1.0
20936,Imokawa Mukuzo: Tsuri no Maki,movie,1.0
10607,Inazma Delivery: Dougyousha Attack-hen,tv,10.0
2249,Inazuma Eleven Go: Chrono Stone,tv,51.0
4138,Inazuma Eleven Go: Galaxy,tv,43.0
2730,Inazuma Eleven Go: Kyuukyoku no Kizuna Gryphon,movie,1.0
7350,Inazuma Eleven Go: TCG CM NG-shuu,special,1.0
4240,Inazuma Eleven: Ares no Tenbin,tv,26.0
4527,Inazuma Eleven: Chou Jigen Dream Match,movie,1.0
3932,Inazuma Eleven: Orion no Kokuin,tv,49.0
5613,Inazuma Eleven: Outer Code,ona,6.0
5174,Inazuma Eleven: Reloaded - Soccer no Henkaku,special,1.0
2287,Inazuma Eleven: Saikyou Gundan Ogre Shuurai,movie,1.0
9918,Indie Anibox: Selma Danbaekjil Coffee,movie,1.0
9489,Inferno Cop: Fact Files,ona,12.0
10816,Infini-T Force Movie: Gatchaman - Saraba Tomo yo,movie,1.0
3321,Initial D: Project D to the Next Stage - Project D e Mukete,special,1.0
8883,Injuu Gakuen La☆Blue Girl: Fukkatsu-hen,ova,4.0
11622,Injuu Seisen: Twin Angels,ova,4.0
11744,Inma Daitoshi: Beast City,ova,3.0
9592,Inmu Gakuen: Inmu ni Torawareta Bijin Shimai,ova,1.0
11890,Inmu: Ikenie no Utage,ova,2.0
9998,Innocent: Shoujo Memoria,ova,1.0
9598,Inochi no Chikyuu: Dioxin no Natsu,movie,1.0
13482,Inou no AICis: ESP & High School Detective,ona,15.0
836,Interstella5555: The 5tory of The 5ecret 5tar 5ystem,music,1.0
1296,Inu x Boku SS: Miketsukami-kun Henka/Switch/Omamagoto,special,1.0
1192,InuYasha Movie 1: Toki wo Koeru Omoi,movie,1.0
1048,InuYasha Movie 2: Kagami no Naka no Mugenjou,movie,1.0
941,InuYasha Movie 3: Tenka Hadou no Ken,movie,1.0
1276,InuYasha Movie 4: Guren no Houraijima,movie,1.0
347,InuYasha: Kanketsu-hen,tv,26.0
1883,InuYasha: Kuroi Tessaiga,special,1.0
5869,Inugami-san to Nekoyama-san: Nekoyama-san to Onsen Ryokou,special,1.0
3975,Inukami! The Movie: Tokumei Reiteki Sousakan Karina Shirou!,movie,1.0
11618,Inuki Kanako Zekkyou Collection: Gakkou ga Kowai!,ova,1.0
12517,Inyouchuu Shoku: Harami Ochiru Shoujo-tachi Anime Edition,ova,1.0
8035,Inyouchuu Shoku: Ryoushokutou Taimaroku,ova,2.0
9437,Inyouchuu Shoku: Ryoushokutou Taimaroku - Kanzenban,ova,1.0
3693,Iria: Zeiram The Animation,ova,6.0
7726,Iron Man: Rise of Technovore,ova,1.0
3800,Irregular Hunter X: The Day of Sigma,ova,1.0
11906,Isaku: Respect,ova,3.0
15553,Isaku: Tsumi to Batsu,special,1.0
5972,Isekai Cheat Magician: Yoiboshi no Matsuri to Majutsushi,special,1.0
2258,Isekai Izakaya: Koto Aitheria no Izakaya Nobu,ona,24.0
5193,Isekai One Turn Kill Neesan: Ane Douhan no Isekai Seikatsu Hajimemashita,tv,12.0
2276,Isekai Quartet Movie: Another World,movie,1.0
4377,"Isekai de Cheat Skill wo Te ni Shita Ore wa, Genjitsu Sekai wo mo Musou Suru: Level Up wa Jinsei wo Kaeta",tv,13.0
17142,Isobe Isobee Monogatari: Ukiyo wa Tsurai yo,ona,5.0
16601,Isobe Isobee Monogatari: Ukiyo wa Tsurai yo (2015),ona,33.0
20893,Isobe Isobee Monogatari: Ukiyo wa Tsurai yo (2016),ona,2.0
20801,Isobe Isobee Monogatari: Ukiyo wa Tsurai yo (2017),ona,6.0
13360,Issei Kiyuukyoku: Divertimento,music,1.0
9902,Issho ni Sleeping: Sleeping with Hinako,ova,1.0
10333,Issho ni Training Ofuro: Bathtime with Hinako & Hiyoko,ova,1.0
9757,Issho ni Training: Training with Hinako,ova,1.0
13432,Issunboushi: Chibisuke Monogatari,movie,1.0
6585,Isuca: Gokuraku,ova,1.0
5941,It's a Rumic World: 50th Anniversary Weekly★Shonen Sunday,special,1.0
4082,Itou Junji: Collection,tv,12.0
6009,Itou Junji: Collection - Tomie,special,2.0
4614,Itou Junji: Maniac,ona,12.0
4200,Itsuka Tenma no Kuro Usagi: Kokoro Utsuri no Toukoubi - School Attendance Day,ova,1.0
16948,Itsuka no Main: Kaminari Shounen - Tenta Sanjou!,ova,1.0
7894,Izumo: Takeki Tsurugi no Senki,tv,12.0
6031,I★Chu: Halfway Through the Idol,tv,12.0
7738,J* Genkai Koubi: Goui Sounyuu de Bachibachi Niku Anaka,ova,
7552,JK to Orc Heidan: Aku Buta Oni ni Ryougyaku Sareta Seijo Gakuen,ova,2.0
24126,JM Xiong: Mo Ping Da Maoxian,tv,52.0
23976,JM Xiong: Mohuan Maxi Tuan,tv,52.0
24125,JM Xiong: Shenqi Moshu,tv,52.0
23833,JM Xiong: Tianxin Jijie Hao,tv,52.0
13138,JR Nishi Nihon: Summer Train!,special,1.0
14340,Jakusansei Million Arthur: Forever Kakusansei Million Arthur,ona,1.0
17969,Jankenman: Kaijuu Dai Kessen,ova,1.0
5230,Jashin Shoukan: Inran Kyonyuu Oyako Ikenie Gishiki,ova,2.0
3518,Jashin-chan Dropkick': Chitose-hen,special,1.0
16293,Jashin-chan Dropkick: Seikimatsu-hen,special,1.0
15994,Jataka Monogatari: Kiniro no Shika,movie,1.0
20365,Jeong-geul-eseo Sal-anamgi: Maru Adventure,tv,52.0
11094,Jewelpet Movie: Sweets Dance Princess,movie,1.0
7485,Jewelpet Twinkle☆: Hohoemi no Niji ni Dokki☆Doki!,special,1.0
13019,Jewelpet: Attack Chance!?,ona,3.0
16723,Jewelpet: Attack Travel!,ona,1.0
19416,Ji Gong: Xiang Long Jiang Shi,movie,1.0
17849,Ji Jia Shou Shen: Baolie Feiche,tv,40.0
23479,Ji Jia Xuanfeng: Xingji Haidao,ona,5.0
24784,Jian Ti Su Xing: Chengzhang Hao Xiguan,ona,70.0
8091,Jian Wang 3: Xia Gan Yi Dan Shen Jianxin,ona,12.0
11847,Jian Wang 3: Xia Gan Yi Dan Shen Jianxin 2nd Season,ona,12.0
16446,Jian Wang 3: Xia Gan Yi Dan Shen Jianxin 3rd Season,ona,12.0
19487,Jian Wang 3: Xia Gan Yi Dan Shen Jianxin 3rd Season Part 2,ona,12.0
16728,Jian Wang 3: Xia Gan Yi Dan Shen Jianxin Zhi Chang Piao,ona,20.0
18817,Jian Yu Yuanzheng: Insomnia De Naxie Shier,ona,12.0
22501,Jianghai Yu Tong: Ju Gui Qi Yuan,movie,1.0
23774,Jieqing Shouhu Zhe: Nian Shou Chumo,tv,30.0
10419,Jigen Sengokushi: Kuro no Shishi - Jinnai-hen,ova,1.0
7387,Jigoku Sensei Nube: Gozen 0 Ji Nube Shisu!,movie,1.0
7412,Jigoku Sensei Nube: Kyoufu no Natsuyasumi!! Ayashi no Umi no Densetsu!,movie,1.0
4580,Jigoku Shoujo: Yoi no Togi,tv,6.0
19134,Jiiji no e Tegami: Grandfather's Letter,music,1.0
24977,Jijia Yingxiong Movie: Wo Yu Wo Dengyu Wuxian Da,movie,1.0
22333,Jijia Yingxiong: Ji Dou Yongzhe,ona,4.0
15660,Jijii: Owari no Hajimari,music,1.0
11217,Jikuu Ihoujin Kyoko: Chocola ni Omakase!,ova,1.0
5909,Jimihen!!: Jimiko wo Kaechau Jun Isei Kouyuu!!,ona,8.0
22275,Jimu Wuqian Nian: Jimu Chunqiu,tv,68.0
22155,Jimu Wuqian Nian: Jimu Chunqiu 2nd Season,tv,57.0
10746,Jing: Shuang Cheng - Feng Qi Pian,ona,4.0
10575,Jing: Shuang Cheng 2nd Season,ona,18.0
24851,Jingling Ai Ya Jiangtang: Kouqiang Jiankang Zhishi,ona,20.0
23294,Jinji de Ji Jia: Sheng Jie Fei Tuo,tv,40.0
7815,Jinki:Extend,tv,12.0
9381,Jinki:Extend - Sorekara,ova,1.0
6421,Jinkou Shoujo: Henshin Sex Android,ova,2.0
24377,Jinpai Bang Bang Bang: Ai Yu Mengxiang,tv,26.0
24537,Jinpai Bang Bang Bang: Jia Yu Xiwang,tv,26.0
7673,"Jinrui wa Suitai Shimashita: Ningen-san no, Yousei-san Memo",ona,1.0
16727,Jinxiu Shenzhou: Qi You Ji,tv,26.0
21032,Jinxiu Shenzhou: Xingshi Wangguo,tv,26.0
24328,Jiqiren Dou Dou: Dou Dou Rizhi Lu,tv,54.0
24325,Jiqiren Dou Dou: Dou Dou Tongnian Zhi,tv,54.0
24326,Jiqiren Dou Dou: Dou Dou Xhengzhang Ji,tv,54.0
24327,Jiqiren Dou Dou: Huanle Dou Dou Ji,tv,54.0
23104,Jixiang Baobao: Wo Shi Shishen,movie,1.0
146,JoJo no Kimyou na Bouken Part 3: Stardust Crusaders,tv,24.0
47,JoJo no Kimyou na Bouken Part 3: Stardust Crusaders 2nd Season,tv,24.0
44,JoJo no Kimyou na Bouken Part 4: Diamond wa Kudakenai,tv,39.0
42,JoJo no Kimyou na Bouken Part 5: Ougon no Kaze,tv,39.0
2776,JoJo no Kimyou na Bouken Part 5: Ougon no Kaze Recaps,special,3.0
245,JoJo no Kimyou na Bouken Part 6: Stone Ocean,ona,12.0
420,JoJo no Kimyou na Bouken Part 6: Stone Ocean Part 2,ona,12.0
335,JoJo no Kimyou na Bouken Part 6: Stone Ocean Part 3,ona,14.0
2270,JoJo no Kimyou na Bouken: Adventure,ova,7.0
1405,JoJo no Kimyou na Bouken: Phantom Blood,movie,1.0
8479,JoJo no Kimyou na Bouken: Phantom Blood Pilot,special,1.0
11517,JoJo no Kimyou na Bouken: The Real 4-D Dio no Sekai,special,1.0
9568,Jokei Kazoku III: Himitsu - The Anime,ova,1.0
7309,Jokei Kazoku: Inbou,ova,2.0
5396,Joker Game: Kuroneko Yoru no Bouken,special,2.0
12833,Joker: Marginal City,ova,1.0
592,Jormungand: Perfect Order,tv,12.0
4093,Jormungand: Perfect Order Recap,special,1.0
13901,Joshidai: Ecchi Soudanshitsu,ova,1.0
4841,Joshikousei: Girl's High,tv,12.0
7531,Joshikousei: Girl's High Specials,special,3.0
4827,Joshiochi!: 2-kai kara Onnanoko ga... Futtekita!?,ona,9.0
6228,Jouran: The Princess of Snow and Blood,tv,12.0
3678,Journey: Taiko Arabia Hantou de no Kiseki to Tatakai no Monogatari,movie,1.0
22646,Juedui Lingyu: Ji Zhan Ji,ona,10.0
24737,Jueshi Tu II: Yongheng Zhi Qu,tv,52.0
24736,Jueshi Tu: Qihuan Zhi Lu,tv,52.0
18629,Jumbagi: Hanbandoui gongryong 3D,movie,1.0
11325,Jungle Taitei Leo: Hon-o-ji,movie,1.0
7883,Jungle Taitei: Susume Leo!,tv,26.0
7553,Jungle Taitei: Yuuki ga Mirai wo Kaeru,special,1.0
10712,Jungle wa Itsumo Hare nochi Guu: Eizou Tokuten - Maboroshi no Pilot Film,special,1.0
14736,Junk Story: Tetsukuzu Monogatari,ova,1.0
13143,Junkers Come Here: Memories of You,ova,1.0
22615,Jushen Zhan Ji Dui: Guidao Xianfeng,tv,52.0
4392,Juubee Ninpuuchou: Ryuuhougyoku-hen,tv,13.0
5090,Juubee-chan 2: Siberia Yagyuu no Gyakushuu,tv,13.0
5009,Juubee-chan: Lovely Gantai no Himitsu,tv,13.0
17296,Juugo Shounen Hyouryuuki: Kaizokujima de! Daibouken,movie,1.0
19573,Juuroku Jizou Monogatari: Sensou no Gisei ni Natta Kodomo-tachi,ova,1.0
13284,Juusenki L-Gaim I: Pentagona Window + Lady Gavlet,ova,1.0
13069,Juusenki L-Gaim II: Farewell My Lovely + Pentagona Dolls,ova,1.0
10084,Juusenki L-Gaim III: Full Metal Soldier,ova,1.0
4338,Juushin Enbu: Hero Tales,tv,26.0
10695,Juuza Engi: Engetsu Sangokuden - Gaiden Youzhou Genya,ova,1.0
771,K-On!!: Keikaku!,special,1.0
4760,K-On!!: Ura-On!!,special,9.0
651,K-On!: Live House!,special,1.0
5087,K-On!: Ura-On!,special,7.0
767,K: Missing Kings,movie,1.0
7098,K: Missing Kings - Manner Movie,movie,1.0
774,K: Return of Kings,tv,13.0
9824,K: Seven Stories - The Idol K,movie,6.0
2716,K: Seven Stories Movie 1 - R:B - Blaze,movie,1.0
3335,K: Seven Stories Movie 2 - Side:Blue - Tenrou no Gotoku,movie,1.0
3954,K: Seven Stories Movie 3 - Side:Green - Uwagaki Sekai,movie,1.0
3106,K: Seven Stories Movie 4 - Lost Small World - Ori no Mukou ni,movie,1.0
2778,K: Seven Stories Movie 5 - Memory of Red - Burn,movie,1.0
3927,K: Seven Stories Movie 6 - Circle Vision - Nameless Song,movie,1.0
11150,"Kabuki-bu!: Oogiri ""Chiyocolate-gassen""",special,1.0
17425,Kachikachi Yama: Umi Yama-hen,movie,1.0
14905,Kaeru no Pickles: Kimochi no Iro,tv,12.0
16716,Kaettekita Dr. Slump: Arale-chan Special,special,1.0
7619,Kagachi-sama Onagusame Tatematsurimasu: Netorare Mura Inya Hanashi The Animation,ova,1.0
24947,Kagayaite Ite: 10 Years After,music,1.0
8132,Kagerou Daze: In a Day's,movie,1.0
6105,Kagewani: Shou,tv,13.0
8369,Kagi Hime Monogatari: Eikyuu Alice Rondo,tv,13.0
14521,Kagi Hime Monogatari: Eikyuu Alice Rondo - Extra Song,music,6.0
9290,Kagirohi: Shaku Kei,ova,2.0
8806,Kagirohi: Shaku Kei - Another,ova,4.0
14626,Kaguya-hime: Taketori Monogatari,ova,1.0
339,Kaguya-sama wa Kokurasetai: First Kiss wa Owaranai,movie,1.0
43,Kaguya-sama wa Kokurasetai: Tensai-tachi no Renai Zunousen,tv,12.0
38,Kaguya-sama wa Kokurasetai: Ultra Romantic,tv,13.0
1062,Kaguya-sama wa Kokurasetai: Ultra Romantic Teaser PV - Ishigami Yuu wa Kataritai,ona,1.0
12178,Kai Feng Qitan: Zhege Baogong Bu Taixing,ona,10.0
16594,Kai: Geoul Hosu-ui Jeonseol,movie,1.0
4626,Kaibutsu Oujo: Konsui Oujo,special,1.0
14504,Kaibutsu-kun: Demon no Ken,movie,1.0
13580,Kaibutsu-kun: Kaibutsu Land e no Shoutai,movie,1.0
1713,Kaichou wa Maid-sama!: Goshujinsama to Asonjao♥,special,1.0
1237,Kaichou wa Maid-sama!: Omake da yo!,special,1.0
14791,Kaihouku: Chikan Harem,ova,1.0
9133,Kaijuu Girls Kuro: Ultra Kaijuu Gijinka Keikaku,movie,1.0
8376,Kaijuu Girls: Ultra Kaijuu Gijinka Keikaku,ona,12.0
9111,Kaijuu Girls: Ultra Kaijuu Gijinka Keikaku 2nd Season,tv,12.0
20200,Kaiketsu Zorori Movie: Lalala♪ Star Tanjou,movie,1.0
16859,Kaiketsu Zorori Movie: Uchuu no Yuusha-tachi,movie,1.0
17145,Kaiketsu Zorori Movie: ZZ no Himitsu,movie,1.0
12276,Kaiketsu Zorori: Mahoutsukai no Deshi/Dai Kaizoku no Takara Sagashi,movie,1.0
12453,Kaiketsu Zorori: Mamoru ze! Kyouryuu no Tamago,movie,1.0
18746,Kaishain vs. Credit Card Kachou: CreCar no Rule Shitteru kai?,ona,4.0
9288,Kaitei Choutokkyuu: Marine Express,special,1.0
14715,"Kaitei Daisensou: Ai no 20,000 Miles",special,1.0
11820,Kaitou Lupin: 813 no Nazo,special,1.0
8496,Kaitou Tenshi Twin Angel: Kyunkyun☆Tokimeki Paradise!!,tv,12.0
11420,Kaitou Tenshi Twin Angel: Kyunkyun☆Tokimeki Paradise!! OVA,ova,2.0
22313,Kaixin Baobei: Gu Ling Xing Lixian Ji,tv,52.0
22312,Kaixin Baobei: Kaixin Chao Renda Zuozhan,tv,52.0
22197,Kaixin Baobei: Kaixin Chaoren,tv,52.0
22431,Kaixin Baobei: Kaixin Da Maoxian,tv,52.0
22487,Kaixin Baobei: Kaixin Lianmeng Zhengba Zhan,tv,52.0
22432,Kaixin Baobei: Kaixin Xing Xingqiu,tv,52.0
22616,Kaixin Baobei: Qihuan Zhi Lu,tv,40.0
22428,Kaixin Chaoren 2: Qi Yuan Xing Zhi Zhan,movie,1.0
22549,Kaixin Chaoren Lianmeng: Chao Shikong Baowei Zhan,tv,52.0
22552,Kaixin Chaoren Lianmeng: Mi Zhi Cheng,tv,26.0
22433,Kaixin Chaoren Lianmeng: Nengyuan He Shouhu Zhe,tv,52.0
21332,Kaixin Chaoren Lianmeng: Shenqi Shiyan Shi,tv,24.0
22359,Kaixin Chaoren Lianmeng: Xingji Lianmeng,tv,52.0
22488,Kaixin Chaoren Lianmeng: Xingji Weiji,tv,52.0
22360,Kaixin Chaoren Lianmeng: Xingzhi Li,tv,52.0
22550,Kaixin Chaoren Lianmeng: Yingxiong Guilai,tv,52.0
22551,Kaixin Chaoren: Baoxiao Xing Xingqiu,tv,52.0
22640,Kaixin Guo De Luse Jiayuan: Haha Senlin,tv,52.0
23946,Kakkoii Ichinensei: Yuki no Bouken,ova,1.0
18896,KakoPad: Nagaoka Hanabi Monogatari,ona,1.0
10613,Kakuchou Shoujo-kei Trinary: Ex.MV,music,5.0
7332,Kakutou Bijin Wulong: Rebirth,tv,25.0
13399,Kakyuusei (TV): Hajimemashite Tina!,special,1.0
10847,Kakyuusei 2: Anthology,ova,2.0
10186,Kakyuusei 2: Hitomi no Naka no Shoujo-tachi,tv,13.0
11063,Kakyuusei 2: Sketchbook,ova,2.0
2865,Kaleido Star: Aratanaru Tsubasa - Extra Stage,ova,1.0
5910,Kaleido Star: Good da yo! Goood!!,ova,1.0
2388,Kaleido Star: Legend of Phoenix - Layla Hamilton Monogatari,ova,1.0
9325,Kamen Rider Den-O: Imagin Anime,ova,10.0
9725,Kamen Rider Den-O: Imagin Anime 2,ova,12.0
10971,Kamen Rider Den-O: Imagin Anime 3,ova,12.0
10805,Kamen Rider Zero-One: Short Anime - Everyone's Daily Life,ona,5.0
5165,"Kamen no Maid Guy: Ano Natsu, Ichiban Yutaka na Chichi.",ova,1.0
1721,Kami nomi zo Shiru Sekai: 4-nin to Idol,ova,1.0
3228,Kami nomi zo Shiru Sekai: Flag 0,ova,1.0
359,Kami nomi zo Shiru Sekai: Megami-hen,tv,12.0
6132,Kami nomi zo Shiru Sekai: Natsu-iro Surprise,music,1.0
5949,Kami nomi zo Shiru Sekai: Nonstop!! Hunters,music,1.0
860,Kami nomi zo Shiru Sekai: Tenri-hen,ova,2.0
14640,Kamigami no Ki: Xmas Special,ona,1.0
8907,Kamigawa: Kagayakeru Sekai,ona,1.0
456,Kamisama Hajimemashita: Kako-hen,ova,4.0
997,"Kamisama Hajimemashita: Kamisama, Shiawase ni Naru",ova,1.0
9709,Kamisama Minarai: Himitsu no Cocotama,tv,139.0
17208,Kamisama Minarai: Himitsu no Cocotama - Minarai Cocotama-dou,tv,8.0
11259,Kamisama Minarai: Himitsu no Cocotama Movie - Kiseki wo Okose♪ Tepple to Dokidoki Cocotama-kai,movie,1.0
3853,Kamisama no Inai Nichiyoubi: Kioku,special,1.0
20154,Kamisama: Nekosama,music,1.0
10306,Kamiusagi Rope x Boruto: Naruto Next Generations,ona,1.0
16430,Kamiusagi Rope: Warau Asa ni wa Fukuraitaru tte Maji ssuka!?,tv,
7166,KanColle: Itsuka Ano Umi de,tv,8.0
17920,Kana Kana Kazoku Shorts: Naru Haya Kakusan Kibou,ona,6.0
15982,Kana Kana Kazoku: Rika in Wonderland,ona,1.0
16010,Kana Kana Kazoku: Shinnen no Goaisatsu,ona,1.0
15973,Kana Kana Kazoku: Stop Rubella,ona,1.0
14847,Kanadian Families: Episode Zero,ova,1.0
9532,Kandagawa Jet Girls: Koko kara Hajimaru Tokyo Girls Promotion,ova,1.0
19333,Kaneko Misuzu: Yasashisa no Fuukei,ova,1.0
17200,Kangetsu Ittou: Akuryou Kiri,ova,2.0
11455,Kangoku: Injoku no Jikkentou,ova,2.0
17766,Kankou Taisen Saitama: Sakuya no Tatakai,ona,4.0
3199,Kannagi: Moshimo Kannagi ga Attara...,special,1.0
4566,Kanojo ga Flag wo Oraretara: Christmas? Sonna Mono ga Boku ni Tsuuyou Suru to Omou no ka?,ova,1.0
1027,Kanojo to Kanojo no Neko: Everything Flows,tv,4.0
1806,Kanojo x Kanojo x Kanojo: Sanshimai to no Dokidoki Kyoudou Seikatsu,ova,3.0
10965,"Kanojo, Okarishimasu 2nd Season: Date Movie",ona,12.0
10534,"Kanojo, Okarishimasu 2nd Season: Kanokari Call",special,24.0
13402,"Kanojo, Okarishimasu: Date Movie",ona,32.0
4707,Kanokon: Manatsu no Dai Shanikusai,ova,2.0
5847,Kanokon: Manatsu no Dai Shanikusai Specials,special,2.0
7964,Kansen 2: Inzai Toshi,ova,2.0
7881,Kansen 3: Shuto Houkai,ova,2.0
7271,Kansen 5: The Daybreak,ova,3.0
9305,Kansen: Ball Buster The Animation,ova,1.0
7484,Kansen: Inyoku no Rensa,ova,2.0
2759,Kantai Collection: KanColle,tv,12.0
13960,Kanzen Mushuusei: Sorezore no Houkago,ova,1.0
710,Kara no Kyoukai Movie 1: Fukan Fuukei,movie,1.0
570,Kara no Kyoukai Movie 2: Satsujin Kousatsu (Zen),movie,1.0
431,Kara no Kyoukai Movie 3: Tsuukaku Zanryuu,movie,1.0
577,Kara no Kyoukai Movie 4: Garan no Dou,movie,1.0
291,Kara no Kyoukai Movie 5: Mujun Rasen,movie,1.0
1071,Kara no Kyoukai Movie 6: Boukyaku Rokuon,movie,1.0
355,Kara no Kyoukai Movie 7: Satsujin Kousatsu (Go),movie,1.0
1960,Kara no Kyoukai Movie 8: Shuushou,special,1.0
813,Kara no Kyoukai Movie: Mirai Fukuin,movie,1.0
1879,Kara no Kyoukai Movie: Mirai Fukuin - Extra Chorus,special,1.0
7994,Kara no Kyoukai Movie: Mirai Fukuin - Manner Movie,movie,1.0
1882,Kara no Kyoukai Remix: Gate of Seventh Heaven,movie,1.0
6525,Kara no Kyoukai: Manner Movies,movie,7.0
1340,Karakai Jouzu no Takagi-san: Water Slide,ova,1.0
9536,Karakuri Circus: Makuai - Soshite Mata Kaimaku Bell,special,1.0
7980,Karakuri Kiden: Hiwou Senki,tv,26.0
11901,Karasu Tengu Kabuto: Ougon no Me no Kemono,ova,1.0
9007,Kare Baka: Wagahai no Kare wa Baka de R,ona,8.0
13977,Karo to Piyobupt: Ame no Hi,movie,1.0
14100,Karo to Piyobupt: Ouchi,movie,1.0
14196,Karo to Piyobupt: Sandwich,movie,1.0
4328,Kashimashi: Girl Meets Girl,tv,12.0
4687,Kashimashi: Girl Meets Girl - Shoujo wa Shoujo ni Koi wo Shita,ova,1.0
9235,Kashou no Tsuki: Aki Kyougen,ova,2.0
20199,Kashura: Cardinal Funk,ona,1.0
4767,Kateikyoushi no Oneesan 2 The Animation: H no Hensachi Agechaimasu,ova,2.0
3990,Kateikyoushi no Oneesan The Animation: H no Hensachi Agechaimasu,ova,2.0
3144,Katekyo Hitman Reborn!: Mr. Rebokku no Ciao Ciao Interview,special,3.0
17312,Kattobase! Dreamers: Carp Tanjou Monogatari,movie,1.0
15175,Kaze no Kokyuu: Animation ni Yoru Oufuku Shokan,movie,1.0
6467,Kaze no Naka no Shoujo: Kinpatsu no Jeanie,tv,52.0
4640,Kaze to Ki no Uta Sanctus: Sei Naru Kana,ova,1.0
4443,Kazoku Robinson Hyouryuuki: Fushigi na Shima no Flone,tv,50.0
17329,Kazoku Robinson Hyouryuuki: Fushigi na Shima no Flone Specials,special,2.0
5979,Kazoku: Haha to Shimai no Kyousei,ova,4.0
24111,Ke Yao Shanlin: Duocai de Jiayuan,movie,1.0
24568,Ke Yao Shanlin: Fengshou de Jijie,movie,1.0
24961,Keio Yugekitai: Katsugeki-hen,ova,1.0
6752,Keishichou Tokumubu Tokushu Kyouakuhan Taisakushitsu Dainanaka: Tokunana,tv,12.0
9265,Keishichou Tokumubu Tokushu Kyouakuhan Taisakushitsu Dainanaka: Tokunana OVA,ova,1.0
11617,Keishichou Tokumubu Tokushu Kyouakuhan Taisakushitsu Dainanaka: Tokunana Recap,special,1.0
17704,Keito no Yousei: Knit to Wool,tv,
3428,Kekkai Sensen & Beyond: Zapp Renfro Ingaouhouchuu!!/Baccardio no Shizuku,ova,1.0
2277,Kekkai Sensen: Ousama no Restaurant no Ousama,ova,1.0
3836,Kekkai Sensen: Soresaemo Saitei de Saikou na Hibi,special,1.0
10881,Kekkaishi: Yoshimori no Omoi,special,1.0
11439,"Kemeko Deluxe!: Izumi-chan, Fukenkou yo! (Kari)",special,1.0
6977,Kemono Friends: Bus-teki,ona,1.0
8934,Kemonokko Tsuushin: The Animation - Nekomusume Nia,ona,1.0
7408,Kemonokko Tsuushin: The Animation - Ushi Musume Bell,ona,1.0
7911,Ken En Ken: Aoki Kagayaki,tv,13.0
10689,Ken to Mahou no Logres: Inishie no Megami x Fate/Extella,special,1.0
4755,Kenka Banchou Otome: Girl Beats Boys,tv,12.0
3679,Kenran Butou Sai: The Mars Daybreak,tv,26.0
19083,Kensaku to Enjin no Atarashii Tomodachi: Query Toujou!,ona,1.0
24133,Kepu Zhongguo: Lele Xiong Du Kexue,tv,56.0
24642,Kepu Zhongguo: Xiao Po Hai Jindu Xilie,ona,21.0
7810,Kero 0: Shuppatsu da yo! Zenin Shuugou!,special,1.0
14248,Kerokero Keroppi no Bouken: Pink no Kinoko,ova,1.0
13264,Kerokero Keroppi no Daibouken: Fushigi na Mame no Ki,movie,1.0
17482,Kerokero Keroppi: Hasunoue Town Kiki Ippatsu!,tv,6.0
21023,Keroro Gunsou Chou Rittai-ban: Hoshizora wo Torimodose! Taiyoukei Daitsuiseki de Arimasu!!,movie,1.0
4581,Keroro Gunsou Movie 2: Shinkai no Princess de Arimasu!,movie,1.0
4329,Keroro Gunsou Movie 3: Tenkuu Daikessen de Arimasu!,movie,1.0
4997,Keroro Gunsou Movie 4: Gekishin Dragon Warriors de Arimasu!,movie,1.0
6041,"Keroro Gunsou Movie 5: Tanjou! Kyuukyoku Keroro, Kiseki no Jikuu-jima, de Arimasu!!",movie,1.0
9302,Keroro Gunsou: Mushakero Ohirome Sengoku Ranstar Dai Battle,special,1.0
11773,Kesshouban: Eigakan e Iku,movie,1.0
24507,Kexue Guai Boshi: Shenqi de Taiyang Xueyuan,tv,26.0
20160,Ki wo Tsukeyou: Douro wa Kiken ga Ippai!,ova,1.0
16343,Kibou no Chikara: Otona Precure '23,tv,
6074,Kichiku: Haha Shimai Choukyou Nikki,ova,3.0
19732,Kick & Slide: Kids B Happy no Ambassador wo Sagase!,special,1.0
6278,Kiddy Grade: Ignition,movie,1.0
6229,Kiddy Grade: Maelstrom,movie,1.0
6192,Kiddy Grade: Truth Dawn,movie,1.0
3475,Kidou Keisatsu Patlabor: New OVA,ova,16.0
2267,Kidou Keisatsu Patlabor: On Television,tv,47.0
7384,Kidou Keisatsu Patlabor: Reboot,movie,1.0
4862,Kidou Senkan Nadesico: The Prince of Darkness,movie,1.0
14974,Kidou Senshi Gakuen: G-Reco Koushien,special,9.0
16518,Kidou Senshi Gakuen: Kaettekita G-Reco Koushien,special,15.0
1970,Kidou Senshi Gundam 00 Movie: A Wakening of the Trailblazer,movie,1.0
1103,Kidou Senshi Gundam 0080: Pocket no Naka no Sensou,ova,6.0
2475,Kidou Senshi Gundam 0083: Stardust Memory,ova,13.0
8794,Kidou Senshi Gundam 0083: Stardust Memory - Uchuu no Kagerou,special,1.0
11108,Kidou Senshi Gundam 0083: Stardust Memory Picture Drama - Uchuu no Kagerou 2,special,1.0
6060,Kidou Senshi Gundam 0083: Zeon no Zankou,movie,1.0
16449,Kidou Senshi Gundam 00: Revealed Chronicle,ona,
4998,Kidou Senshi Gundam 00: Tenshi-tachi no Kiseki,special,1.0
7027,Kidou Senshi Gundam AGE: Memory of Eden,ova,2.0
2352,Kidou Senshi Gundam II: Ai Senshi-hen,movie,1.0
1619,Kidou Senshi Gundam III: Meguriai Sora-hen,movie,1.0
5676,Kidou Senshi Gundam MS IGLOO 2: Juuryoku Sensen,ova,3.0
5535,Kidou Senshi Gundam MS IGLOO: 1-nen Sensou Hiroku,ova,3.0
5025,Kidou Senshi Gundam MS IGLOO: Mokushiroku 0079,ova,3.0
3263,Kidou Senshi Gundam SEED C.E. 73: Stargazer,ona,3.0
2572,Kidou Senshi Gundam SEED Destiny Final Plus: Erabareta Mirai,ova,1.0
4062,Kidou Senshi Gundam SEED: Hoshi no Hazama de,special,1.0
3819,Kidou Senshi Gundam SEED: SEED Supernova - Tanekyara Gekijou,special,4.0
9207,Kidou Senshi Gundam Senki: Avant Title,ona,1.0
3496,Kidou Senshi Gundam Thunderbolt: Bandit Flower,movie,1.0
1780,Kidou Senshi Gundam Thunderbolt: December Sky,movie,1.0
10015,Kidou Senshi Gundam UC: One of Seventy Two,special,1.0
17036,Kidou Senshi Gundam UC: Zenwa Digest - Banagher no Tabiji,special,1.0
1977,Kidou Senshi Gundam Unicorn RE:0096,tv,22.0
11818,Kidou Senshi Gundam Unicorn: A Phantom World,special,1.0
7083,Kidou Senshi Gundam Unicorn: Episode EX - Hyakunen no Kodoku,special,1.0
10700,Kidou Senshi Gundam ZZ: Gundam Frag.,ova,2.0
18311,Kidou Senshi Gundam-san: Gekijou Manner CM,movie,2.0
13986,Kidou Senshi Gundam-san: Hiyoko Days ― Suisei Hiyoko to Fushigi na Ofuda,special,1.0
3860,Kidou Senshi Gundam: Cucuruz Doan no Shima,movie,1.0
864,Kidou Senshi Gundam: Dai 08 MS Shoutai,ova,12.0
4953,Kidou Senshi Gundam: Dai 08 MS Shoutai - Miller's Report,movie,1.0
4257,Kidou Senshi Gundam: Dai 08 MS Shoutai - Sanjigen to no Tatakai,special,1.0
16332,Kidou Senshi Gundam: Fukushuu no Requiem,ona,6.0
1456,Kidou Senshi Gundam: Gyakushuu no Char,movie,1.0
9688,Kidou Senshi Gundam: Hikaru Inochi Chronicle U.C.,special,1.0
1615,Kidou Senshi Gundam: Senkou no Hathaway,movie,1.0
16225,Kidou Senshi Gundam: Senkou no Hathaway 2,movie,1.0
16253,Kidou Senshi Gundam: Senkou no Hathaway 3,movie,1.0
768,Kidou Senshi Gundam: Suisei no Majo,tv,12.0
1258,Kidou Senshi Gundam: Suisei no Majo - Prologue,special,1.0
8939,Kidou Senshi Gundam: Suisei no Majo Recap,special,1.0
1035,Kidou Senshi Gundam: Suisei no Majo Season 2,tv,12.0
11549,Kidou Senshi Gundam: Suisei no Majo Season 2 Recap,special,1.0
464,Kidou Senshi Gundam: Tekketsu no Orphans,tv,25.0
10354,Kidou Senshi Gundam: Tekketsu no Orphans - Tokubetsu-hen,tv,9.0
16179,Kidou Senshi Gundam: Tekketsu no Orphans - Urdr Hunt,ona,
524,Kidou Senshi Gundam: Tekketsu no Orphans 2nd Season,tv,25.0
952,Kidou Senshi Gundam: The Origin,ova,6.0
1902,Kidou Senshi Gundam: The Origin - Zenya Akai Suisei,tv,13.0
10592,Kidou Senshi Gundam: Twilight Axis,ona,6.0
11415,Kidou Senshi Gundam: Twilight Axis - Akaki Zanei,movie,1.0
9933,Kidou Senshi Gundam: Uchuu Seiki Yowa,special,10.0
4077,Kidou Senshi Z Gundam I: Hoshi wo Tsugu Mono,movie,1.0
4560,Kidou Senshi Z Gundam II: Koibito-tachi,movie,1.0
4311,Kidou Senshi Z Gundam III: Hoshi no Kodou wa Ai,movie,1.0
19355,Kie Saranu Kizuato: Hi no Umi Osaka,ova,1.0
12034,Kigyou Senshi Yamazaki: Long Distance Call,ova,1.0
9425,Kiitarou Shounen no Youkai Enikki: Jonan no Saijitsu,special,1.0
10692,Kijoku: Princess Double Kari,ova,3.0
14598,Kijutsushi x Majutsushi: Osaka Tanteibu no Jikenbo,ova,1.0
14202,Kikansha Yaemon: D51 no Daibouken,movie,1.0
14402,Kikou Heidan J-Phoenix: PF Lips Shoutai,ova,3.0
4309,Kill Me Baby: Butsuzou Kegatte Nise Halloween,ova,1.0
2959,Kimagure Orange☆Road: Ano Hi ni Kaeritai,movie,1.0
7433,Kimagure Orange☆Road: Shounen Jump Special,ova,1.0
20251,Kimagure Orange☆Road: Summarized Edition,ova,1.0
8582,Kimagure Orange☆Road: Tanabata Special,ova,1.0
26,Kimetsu no Yaiba Movie: Mugen Ressha-hen,movie,1.0
16062,Kimetsu no Yaiba: Hashira Geiko-hen,tv,
1326,"Kimetsu no Yaiba: Jougen Shuuketsu, Soshite Katanakaji no Sato e",movie,1.0
138,Kimetsu no Yaiba: Katanakaji no Sato-hen,tv,11.0
92,Kimetsu no Yaiba: Mugen Ressha-hen,tv,7.0
18,Kimetsu no Yaiba: Yuukaku-hen,tv,11.0
7939,Kimi ga Nozomu Eien: Ayu Mayu Gekijou,ona,7.0
10328,Kimi ga Nozomu Eien: Gundam Parody,special,1.0
3759,Kimi ga Nozomu Eien: Next Season,ova,4.0
2405,Kimi ni Todoke 2nd Season: Minitodo Gekijou,special,3.0
2361,Kimi ni Todoke: Kataomoi,special,1.0
2671,Kimi no Hikari: Asagao to Kase-san.,ova,1.0
2763,Kimi no Iru Machi: Tasogare Kousaten,ova,2.0
4450,KimiKiss Pure Rouge: Love Fighter,special,1.0
19981,Kiminari Dousuru? Yuukai Itazura: Sarenai Tame ni,ova,1.0
12191,Kinbaku no Yakata: Ryakudatsu,ova,2.0
6138,Kindaichi Shounen no Jikenbo Movie 1: Operazakan - Aratanaru Satsujin,movie,1.0
7286,Kindaichi Shounen no Jikenbo Movie 2: Satsuriku no Deep Blue,movie,1.0
6645,Kindaichi Shounen no Jikenbo Returns 2nd Season: Akechi Keibu no Jikenbo,special,1.0
7359,Kindaichi Shounen no Jikenbo: Kuromajutsu Satsujin Jiken-hen,ova,2.0
8422,Kindaichi Shounen no Jikenbo: Shinigami Byouin Satsujin Jiken,special,1.0
13048,Kindan no Mokushiroku: Crystal Triangle,ova,1.0
16824,King Kong: 001/7 Tom Thumb,tv,26.0
6644,King of Fighters: Another Day,ona,4.0
13235,King of Prism All Stars: Prism Show☆Best Ten,movie,1.0
6905,King of Prism: Pride the Hero,movie,1.0
8067,King of Prism: Shiny Seven Stars,tv,12.0
11997,King of Prism: Shiny Seven Stars I - Prologue x Yukinojou x Taiga,movie,1.0
12491,King of Prism: Shiny Seven Stars II - Kakeru x Joji x Minato,movie,1.0
16497,King of Prism: Shiny Seven Stars III - Leo x Yuu x Alexander,movie,1.0
16505,King of Prism: Shiny Seven Stars IV - Louis x Shin x Unknown,movie,1.0
6732,King's Raid: Ishi wo Tsugumono-tachi,tv,26.0
14912,Kingdom of Chaos: Born to Kill,ova,4.0
10820,Kingsglaive: FFXV Fan Kansha Tokubetsu Movie,ona,1.0
1757,Kingsglaive: Final Fantasy XV,movie,1.0
2485,Kiniro Mosaic: Pretty Days,movie,1.0
4166,Kiniro Mosaic: Thank You!!,movie,1.0
5865,Kiniro no Corda: Blue♪Sky,tv,12.0
1525,Kiniro no Corda: Primo Passo,tv,25.0
2444,Kiniro no Corda: Primo Passo - Hitonatsu no Encore,special,1.0
3033,Kiniro no Corda: Secondo Passo,special,2.0
15144,Kinniku Banzuke: Kongou-kun no Daibouken!,tv,3.0
9199,Kinnikuman II Sei: Muscle Ninjin Soudatsu sen! Choujin Daisensou,movie,1.0
9523,Kinnikuman II Sei: Second Generations,movie,1.0
5039,Kinnikuman II Sei: Ultimate Muscle,tv,13.0
5145,Kinnikuman II Sei: Ultimate Muscle 2,tv,13.0
11846,Kinnikuman: Gyakushuu! Uchuu Kakure Choujin,movie,1.0
11375,Kinnikuman: Haresugata! Seigi Choujin,movie,1.0
10243,Kinnikuman: Kessen! Shichinin no Choujin tai Uchuu Nobushi,special,1.0
6409,Kinnikuman: Kinnikusei Oui Soudatsu-hen,tv,46.0
10385,Kinnikuman: New York Kiki Ippatsu!,movie,1.0
10620,Kinnikuman: Ooabare! Seigi Choujin,movie,1.0
10939,Kinnikuman: Seigi Choujin vs. Kodai Choujin,movie,1.0
11084,Kinnikuman: Seigi Choujin vs. Senshi Choujin,movie,1.0
434,Kino no Tabi: The Beautiful World,tv,13.0
1635,Kino no Tabi: The Beautiful World - Byouki no Kuni - For You,movie,1.0
1465,Kino no Tabi: The Beautiful World - Nanika wo Suru Tame ni - Life Goes On.,movie,1.0
960,Kino no Tabi: The Beautiful World - The Animated Series,tv,12.0
9714,Kino no Tabi: The Beautiful World - The Animated Series - Haikyo no Kuni - On Your Way,special,27.0
1889,Kino no Tabi: The Beautiful World - Tou no Kuni - Free Lance,special,1.0
2775,Kinsou no Vermeil: Gakeppuchi Majutsushi wa Saikyou no Yakusai to Mahou Sekai wo Tsukisusumu,tv,12.0
15930,"Kinyoru, Abe Reiji: Heikinteki na Salaryman no Ijou na Nichijou",tv,5.0
15896,"Kinyoru, Abe Reiji: Heikinteki na Salaryman no Ijou na Nichijou (ONA)",ona,2.0
9090,Kirakira 5th Anniversary Live Anime: Kick Start Generation,ova,1.0
7139,Kirakira☆Precure A La Mode Movie: Paritto! Omoide no Mille-Feuille!,movie,1.0
13420,Kirameki no Kyoudai: Sex Crime,ova,1.0
13073,Kirin Hyoketsu: Atarashiku Ikou Animation Movie,ona,1.0
51,Kiseijuu: Sei no Kakuritsu,tv,24.0
9069,Kishin Douji Zenki Gaiden: Anki Kitan,ova,1.0
11074,Kiss Dum R: Meguriahi,special,1.0
6746,Kiss Dum: Engage Planet,tv,26.0
11765,Kiss Dum: Omokage,special,1.0
6714,Kita e.: Diamond Dust Drops,tv,12.0
10341,Kita e.: Diamond Dust Drops Special,special,1.0
13879,Kita e: Pure Session,music,1.0
9240,Kitaku-bu Katsudou Kiroku: Miniature Theater,special,6.0
16310,Kitarou Tanjou: Gegege no Nazo,movie,1.0
17848,Kitsutsuki: The Ten Hole Stories,movie,1.0
155,Kizumonogatari I: Tekketsu-hen,movie,1.0
127,Kizumonogatari II: Nekketsu-hen,movie,1.0
100,Kizumonogatari III: Reiketsu-hen,movie,1.0
6353,Kizuna: Koi no kara Sawagi,ova,1.0
19586,Kizuna: Ningen no Uta Part 2,ova,1.0
21015,Kkoma Bus Tayo: Paris Baguette Gwang-go,special,2.0
9646,Knights of the Zodiac: Saint Seiya,ona,12.0
9249,Knights of the Zodiac: Saint Seiya - Battle for Sanctuary,ona,12.0
16571,Knights of the Zodiac: Saint Seiya 3rd Season,ona,
17041,KoSys! Kochira Keihime Tetsudou: Kouhou System-ka,ona,
5534,Kobato.: Hajimete no Kobato.,special,8.0
1300,Kobayashi-san Chi no Maid Dragon S: Nippon no Omotenashi - Attend wa Dragon desu,special,1.0
674,"Kobayashi-san Chi no Maid Dragon: Valentine, Soshite Onsen! - Amari Kitai Shinaide Kudasai",special,1.0
8576,Kochira Katsushikaku Kameari Kouenmae Hashutsujo The Movie 2: UFO Shuurai! Tornado Daisakusen!!,movie,1.0
10926,Kochira Katsushikaku Kameari Kouenmae Hashutsujo: Hashire! Ryoutsu-shiki Chinchin Densha,special,1.0
8929,Kochira Katsushikaku Kameari Kouenmae Hashutsujo: Jump Festa Special,special,1.0
10990,Kochira Katsushikaku Kameari Kouenmae Hashutsujo: Maguro no Notta Keikan,special,1.0
12076,Kochira Katsushikaku Kameari Kouenmae Hashutsujo: Mezase! Kameari Superstar!! Ryoutsu-shiki Idol e no Michi!,special,2.0
11364,Kochira Katsushikaku Kameari Kouenmae Hashutsujo: Ryou-san no Sushi Kui Nee! - Choujou Maguro Taiketsu!!,special,2.0
11703,Kochira Katsushikaku Kameari Kouenmae Hashutsujo: Ryou-san to Chuuken Lucky Monogatari - Kameari Dai Houimou wo Kawase!!,special,1.0
11986,"Kochira Katsushikaku Kameari Kouenmae Hashutsujo: Ryoutsu no Asakusa Renewal Daisakusen!! - Aa, Omoide no Hanayashiki",special,1.0
12304,Kochira Katsushikaku Kameari Kouenmae Hashutsujo: Ryoutsu vs. Nakimushi Idol!? Nihon 1-shuu Dai Sugoroku Game!!,special,1.0
11361,Kochira Katsushikaku Kameari Kouenmae Hashutsujo: Seton Tankentai! Sumidagawa no Chikai - Omoide no Shiroi Kujira wo Sagase!,special,2.0
10497,Kochira Katsushikaku Kameari Kouenmae Hashutsujo: The Final - Ryoutsu Kankichi Saigo no Hi,special,1.0
11667,Kochira Katsushikaku Kameari Kouenmae Hashutsujo: Washi to Ore!? - Bokura wa Asakusa Shounen Tanteidan!,special,2.0
5512,Kochouki: Wakaki Nobunaga,tv,12.0
6206,Kodai Ouja Kyouryuu King: Yokuryuu Densetsu,tv,30.0
6230,Koi to Producer: EVOL×LOVE,tv,12.0
5992,Koi to Senkyo to Chocolate: Ikenai Hazuki-sensei,special,1.0
3723,Koi to Senkyo to Chocolate: Koi Imouto!,special,1.0
5407,Koi to Uso: Isshou no Koi/Koi no Kimochi,ova,1.0
10334,Koi-ken!: Watashitachi Anime ni Nacchatta!,ona,12.0
5785,"Koihime†Musou: Gunyuu, Seitoukaichou no Za wo Neratte Aiarasou no Koto - Ato, Porori mo Aru yo!",ova,1.0
4520,Koinaka: Koinaka de Hatsukoi x Nakadashi Sexual Life The Animation,ova,1.0
8910,Koisuru Asteroid: Furikaeri - Kirakira Special!,special,1.0
10325,Koisuru Asteroid: Kirakira Zoukan-gou,ona,12.0
12940,Koisuru Tenshi Angelique: Chibi Character Adventure,special,1.0
13493,Koisuru Tenshi Angelique: Chibi Character Adventure 2,special,1.0
5285,Koisuru Tenshi Angelique: Kagayaki no Ashita,tv,12.0
8028,Koisuru Tenshi Angelique: Kagayaki no Ashita Special,special,1.0
5363,Koisuru Tenshi Angelique: Kokoro no Mezameru Toki,tv,13.0
4637,Koitabi: True Tours Nanto,special,6.0
18906,Koiwai Junsui Kajuu: Bokura Junsui-hen,special,1.0
13206,Kojiki: Hyuuga-hen,movie,1.0
8044,Kojin Jugyou The Animation: Schoolgirl Ready for a Private Lesson,ova,2.0
24785,Koko Lele: Tong Qu Leyuan,tv,26.0
427,Kokoro Connect: Michi Random,special,4.0
12782,Kokoro Toshokan: Communication Clips,special,1.0
10543,Komadori Movie: Komaneko,movie,1.0
12179,Komaneko no Christmas: Maigo ni Natta Present,movie,1.0
11106,Konchuu Monogatari Mitsubachi Hutch: Yuuki no Melody,movie,1.0
6317,Koneko no Chi: Ponponra Daibouken,tv,51.0
9102,Koneko no Chi: Ponponra Dairyokou,tv,25.0
22631,Kong Tian Zhandui: Zui Xing Shou Dazhan,movie,1.0
23896,Konglong Baobao Man Youji: Wenming Baodian,tv,72.0
23766,Konglong Baobao Man Youji: Wo Ai Wojia,tv,144.0
20371,Konglong Baobei: Longshen Yongshi,tv,52.0
20630,Konglong Baobei: Longshen Yongshi 2,tv,52.0
20617,Konglong Baobei: Longshen Yongshi 3,tv,52.0
22491,Konglong Baobei: Shiluo De Wenming,tv,52.0
24297,Konglong Weiji: Konglong Guilai,tv,26.0
4028,Konjiki no Gash Bell!!: 101 Banme no Mamono,movie,1.0
7684,Konjiki no Gash Bell!!: Hashire Gash!! Ubawareta Umagon,ova,1.0
4843,Konjiki no Gash Bell!!: Mecha Vulkan no Raishuu,movie,1.0
8124,Konjiki no Gash Bell!!: Ougon no Chichi wo Motsu Otoko,ova,1.0
4105,Konnichiwa Anne: Before Green Gables,tv,39.0
20729,Konnichiwa Anne: Before Green Gables Specials,ova,2.0
7167,Kono Aozora ni Yakusoku wo: Youkoso Tsugumi Ryou e,tv,13.0
16969,Kono Aozora ni Yakusoku wo: Youkoso Tsugumi Ryou e - Ai no Tsugumi Ryou Gekijou,special,5.0
4041,"Kono Naka ni Hitori, Imouto ga Iru!: Ani, Imouto, Koibito",ova,1.0
6398,Kono Sekai no Tanoshimikata: Secret Story Film,movie,1.0
16495,Kono Shihai kara no Sotsugyou: Ozaki Yutaka,ova,1.0
320,Kono Subarashii Sekai ni Shukufuku wo! 2: Kono Subarashii Geijutsu ni Shukufuku wo!,ova,1.0
72,Kono Subarashii Sekai ni Shukufuku wo! Movie: Kurenai Densetsu,movie,1.0
6393,Kono Yo no Hate de Koi wo Utau Shoujo YU-NO: Mugen no Heiretsu Sekai,special,1.0
13199,Konpeki no Kantai: Sourai Kaihatsu Monogatari,special,1.0
18992,Korakuen Yuuenchi: Luna Park,special,1.0
9717,Korashime 2: Kyouikuteki Depaga Shidou,ova,
18437,Kore ga Masakano Are deshita: Wakamono no Shoushisha Higai,ona,1.0
1415,"Kore wa Zombie desu ka? of the Dead: Hai, Minotake ni Attemasu",ova,1.0
9145,Koroshiya 1 The Animation: Episode 0,ova,1.0
10218,Koroshiya-san: The Hired Gun,tv,10.0
10956,Kosuke-sama Rikimaru-sama: Konpeitou no Ryuu,ova,1.0
6599,Kotoura-san: Haruka no Heya,ona,6.0
14708,Kotowa Jiten: Hetana Teppou mo Kazu Ucha Ataru!,special,1.0
7062,Kotowari: Kimi no Kokoro no Koboreta Kakera,ova,2.0
13276,Kouchuu Ouja Mushiking Super Battle Movie: Yami no Kaizou Kouchuu,movie,1.0
16997,Kouchuu Ouja Mushiking: Greatest Champion e no Michi,movie,1.0
5947,Kouchuu Ouja Mushiking: Mori no Tami no Densetsu,tv,52.0
14053,Kouin Tenshi: Haitoku no Lycéenne,ova,1.0
2859,Koukaku Kidoutai Arise: Alternative Architecture,tv,10.0
6578,Koukaku Kidoutai Arise: Another Mission,special,1.0
1821,Koukaku Kidoutai Arise: Ghost in the Shell - Border:1 Ghost Pain,movie,1.0
1850,Koukaku Kidoutai Arise: Ghost in the Shell - Border:2 Ghost Whispers,movie,1.0
2302,Koukaku Kidoutai Arise: Ghost in the Shell - Border:3 Ghost Tears,movie,1.0
2197,Koukaku Kidoutai Arise: Ghost in the Shell - Border:4 Ghost Stands Alone,movie,1.0
8392,Koukaku Kidoutai Arise: Ghost in the Shell - Logicoma Specials,special,4.0
10887,Koukaku Kidoutai: Ghost Chaser,movie,1.0
5116,Koukaku Kidoutai: SAC_2045,ona,12.0
8049,Koukaku Kidoutai: SAC_2045 - Jizoku Kanou Sensou,movie,1.0
16894,Koukaku Kidoutai: SAC_2045 Movie,movie,1.0
5314,Koukaku Kidoutai: SAC_2045 Season 2,ona,12.0
2240,Koukaku Kidoutai: Shin Movie,movie,1.0
255,Koukaku Kidoutai: Stand Alone Complex,tv,26.0
796,Koukaku Kidoutai: Stand Alone Complex - Solid State Society,special,1.0
4950,Koukaku Kidoutai: Stand Alone Complex - Solid State Society - Uchikoma na Hibi,special,1.0
2960,Koukaku Kidoutai: Stand Alone Complex - Solid State Society 3D,movie,1.0
7569,Koukaku Kidoutai: Stand Alone Complex - Solid State Society 3D - Tachikoma na Hibi,special,3.0
3344,Koukaku Kidoutai: Stand Alone Complex - Tachikoma na Hibi,special,26.0
4342,Koukaku Kidoutai: Stand Alone Complex - Tachikoma na Hibi (TV),tv,12.0
8316,Koukaku Kidoutai: Stand Alone Complex - Tachikoma na Hibi - Interval,special,3.0
1502,Koukaku Kidoutai: Stand Alone Complex - The Laughing Man,special,1.0
6743,Koukaku Kidoutai: Stand Alone Complex - The Laughing Man - Tachikoma na Hibi,special,1.0
353,Koukaku Kidoutai: Stand Alone Complex 2nd GIG,tv,26.0
1832,Koukaku Kidoutai: Stand Alone Complex 2nd GIG - Individual Eleven,special,1.0
6508,Koukaku Kidoutai: Stand Alone Complex 2nd GIG - Individual Eleven - Tachikoma na Hibi,special,1.0
3507,Koukaku Kidoutai: Stand Alone Complex 2nd GIG - Tachikoma na Hibi,special,26.0
11958,Koukaku no Pandora: Pandoradio,special,6.0
6899,Koukyoushihen Eureka Seven Hi-Evolution 2: Anemone,movie,1.0
8346,Koukyoushihen Eureka Seven Hi-Evolution 3: Eureka,movie,1.0
4733,Koukyoushihen Eureka Seven: Kinkyuu Tokuban Navigation ray=out,special,1.0
6320,Koukyoushihen Eureka Seven: New Order,special,1.0
2803,Koukyoushihen Eureka Seven: Pocket ga Niji de Ippai,movie,1.0
14252,Kouryuu no Mimi: Mina no Shou,ova,2.0
2031,Koutetsujou no Kabaneri Movie 1: Tsudou Hikari,movie,1.0
2049,Koutetsujou no Kabaneri Movie 2: Moeru Inochi,movie,1.0
982,Koutetsujou no Kabaneri Movie 3: Unato Kessen,movie,1.0
20271,"Koutsuu Anzen Inu ""Signal"" no Oyako Nikki: Tobidashi Chuui",ova,1.0
11210,Kouya no Kotobuki Hikoutai Gaiden: Oozora no Harukaze Hikoutai,ona,12.0
14042,Kowarekake no Orgel: Manner Movie,movie,1.0
5666,Kowaremono: Risa Plus The Animation,ova,1.0
6387,Kowaremono: Risa The Animation,ova,1.0
24833,Ku Bao Jiazu: Xiao Tu Xiou,tv,130.0
24811,Ku Jie de Kexue Zhi Lu: Chao Xia Xiao Tegong,tv,8.0
24543,Ku Jie de Kexue Zhi Lu: Fengkuang de Zhiwu,tv,15.0
24680,Ku Jie de Kexue Zhi Lu: Haiyang Tanmi,tv,15.0
24072,Ku Jie de Kexue Zhi Lu: Konglong Da Zuozhan,tv,15.0
24678,Ku Jie de Kexue Zhi Lu: Liugan Bingdu,tv,16.0
24808,Ku Jie de Kexue Zhi Lu: Renti Aomi,tv,15.0
24810,Ku Jie de Kexue Zhi Lu: Senlin Tanxian,tv,16.0
24809,Ku Jie de Kexue Zhi Lu: Shiqian Dongwu,tv,15.0
24545,Ku Jie de Kexue Zhi Lu: Wu Tou Hua Kai,tv,15.0
24544,Ku Jie de Kexue Zhi Lu: Xunzhao Zhongguo Long,tv,15.0
24679,Ku Jie de Kexue Zhi Lu: Ziwo Baohu,tv,15.0
24742,Kuaile Baobei: Bai Bian Zimu,tv,26.0
24840,Kuaile Baobei: Cheng Chang Riji,tv,20.0
24747,Kuaile Baobei: Duo Mi Chengzhang Ji,tv,80.0
24745,Kuaile Baobei: Duocai Shenghuo,tv,20.0
24746,Kuaile Baobei: Huanle Jiaqi,tv,20.0
24743,Kuaile Baobei: Huoli Jiating,tv,20.0
24744,Kuaile Baobei: Xingqu Mofang,tv,26.0
24076,Kuaile Modeng: Chengzhang de Lequ,tv,78.0
24383,Kuaile Modeng: Shenghuo Xiao Baike,tv,26.0
24382,Kuaile Modeng: You Ai Shenghuo,tv,78.0
24860,Kuaile Peng Chacha: Guo Cha Cunzhuang de Mimi,tv,26.0
21839,Kuaile Tuo Mo Ta: Baoxiao Cheng Yuhui,tv,38.0
21387,Kuaile Tuo Mo Ta: Chengyu Da Cidian,tv,52.0
21336,Kuaile Tuo Mo Ta: Xiao Zhen Le Fantian,tv,52.0
21272,Kuaile Xing Mao Zhi: Mingsheng Pian,tv,13.0
23531,Kuaile Xing Mao: Mingsheng Pian 2nd Season,tv,26.0
21488,Kuaile Xing Mao: Shuihu Zhuan,tv,9.0
23362,Kuaile Xing Mao: Tangshi Pian,tv,13.0
24776,Kuaile Xiong Doudou: Hanzi Baobao,tv,26.0
24635,Kuaile Xiong Doudou: Wenzi de Liliang,tv,26.0
1249,Kubikiri Cycle: Aoiro Savant to Zaregotozukai,ova,8.0
14861,Kugutsu Ai: Doura Gaiden,ova,1.0
11426,Kuiba II: Dazhan Yuan Yang Jie,movie,1.0
10983,Kuiba III: Zhanshen Jue Qi,movie,1.0
9913,Kuiba: Shiwanhuoji,movie,1.0
15105,Kujakuou: Sengoku Tensei,ona,1.0
24603,Kuku Xiaoji Zheng Zhuan: Gou Gou Dao,tv,208.0
17251,Kukuriraige: Sanseitai Denki,movie,1.0
22589,Kuma no Gakkou: Jackie no Ohoshi-sama,movie,1.0
17138,Kuma no Gakkou: Jackie to Katie,movie,1.0
17966,Kuma no Gakkou: Patissier Jackie to Ohisama no Sweets,movie,1.0
24849,Kung Fu Jiazu: Ben Ben Shu,ona,30.0
24131,Kung Fu Long: Xiao Xiban Da Zhihui,tv,52.0
24448,Kung Fu Long: Xue Xiaofang,tv,20.0
24265,Kung Fu Long: Yuetuan Tuan,tv,26.0
22374,Kung Fu Si Xia: Yong Chuang Digong,movie,1.0
22520,Kunta: Fan Zhuan Xingqiu,movie,1.0
24419,Kunta: Yin Wei Suoyi,tv,26.0
5736,Kuragehime: Eiyuu Retsuden☆,special,4.0
9494,Kuragehime: Soreike! Amars Tankentai,special,6.0
5656,Kuro Ai: Hitoyozumakan Inkou Rannyuuroku,ova,2.0
4583,Kuro no Su: Chronus,movie,1.0
10055,Kurohime: Shikkoku no Yakata,ova,2.0
2432,Kuroinu: Kedakaki Seijo wa Hakudaku ni Somaru,ova,6.0
19500,Kurokami The Animation: Akane-sensei no Kankokugo Kouza,special,8.0
6853,Kurokami: Intermission,special,1.0
5383,Kurokami: Tora to Tsubasa,special,1.0
1791,Kuroko no Basket Movie 1: Winter Cup - Kage to Hikari,movie,1.0
1919,Kuroko no Basket Movie 2: Winter Cup - Namida no Saki e,movie,1.0
1740,Kuroko no Basket Movie 3: Winter Cup - Tobira no Mukou,movie,1.0
343,Kuroko no Basket Movie 4: Last Game,movie,1.0
1709,Kuroko no Basket: Baka ja Katenai no yo!,ova,1.0
1796,Kuroko no Basket: Last Game NG-shuu,special,1.0
1654,Kuroko no Basket: Mou Ikkai Yarimasen ka,special,1.0
3155,Kuroko no Basket: Oshaberi Demo Shimasen ka,special,1.0
2360,Kuroko no Basket: Oshaberi Shiyokka,special,1.0
3850,Kuroko no Basket: Oshaberi Shiyou ka,special,1.0
718,Kuroko no Basket: Saikou no Present desu,special,1.0
912,Kuroko no Basket: Tip Off,special,1.0
485,Kuroshitsuji Movie: Book of the Atlantic,movie,1.0
310,Kuroshitsuji: Book of Circus,tv,10.0
455,Kuroshitsuji: Book of Murder,ova,2.0
1244,"Kuroshitsuji: Sono Shitsuji, Kougyou",special,1.0
12841,Kuruneko: Kurunekobin,special,4.0
12584,Kuruneko: Nyaalock Holmes no Bouken,special,4.0
12281,Kurutta Kyoutou: Danzai no Gakuen,ova,1.0
20237,Kuunyan no Koutsuu Anzen: Tadashii Jitensha no Norikata,ova,1.0
5891,"Kuusen Madoushi Kouhosei no Kyoukan: Lecty no, Ikimonogatari",ova,1.0
16865,Kyojin no Hoshi: Chizome no Kesshousen,movie,1.0
16827,Kyojin no Hoshi: Dai League Ball,movie,1.0
16882,Kyojin no Hoshi: Ike Ike Hyuuma,movie,1.0
17008,Kyojin no Hoshi: Shukumei no Taiketsu,movie,1.0
20120,Kyojin no Hoshi: Tokubetsu-hen - Hanagata Mitsuru,tv,13.0
8772,Kyokugen Dasshutsu Adv: Zennin Shibou desu Prologue,ona,1.0
6473,Kyonyuu Onna Senshi: Dogeza Saimin,ova,2.0
5895,Kyonyuu Try!: Tanki Shuuchuu Chichi Momi Lesson,ova,1.0
12471,Kyoto Animation Koushiki Twitter: Itsumo Arigatou,ona,1.0
9909,Kyoto Animation: Ajisai-hen,special,1.0
9590,Kyoto Animation: Hana-hen,special,1.0
9967,Kyoto Animation: Hassou-hen,special,1.0
9530,Kyoto Animation: Hoshi-hen,special,1.0
7637,Kyoto Animation: Ikitaku Naru Omise-hen,special,1.0
8560,Kyoto Animation: Kasa-hen,special,1.0
6856,Kyoto Animation: Megane-hen,special,1.0
8432,Kyoto Animation: Meiji-hen,special,1.0
10125,Kyoto Animation: Sora-hen,special,1.0
7364,Kyoto Animation: Souzou-hen,special,1.0
4234,Kyoto Animation: Suiei-hen,special,1.0
4925,Kyou no 5 no 2 (TV): Takarabako,ova,1.0
5548,Kyou no 5 no 2 Kagai Jugyou: Mizukake,special,1.0
19094,"Kyou, Watashi no Monogatari ga Hashirimasu.: Another Side-hen",ona,1.0
3604,Kyougoku Natsuhiko: Kousetsu Hyaku Monogatari,tv,13.0
10132,Kyouhaku II (Second): Mou Hitotsu no Ashita The Animation,ova,3.0
10664,Kyouhaku: Owaranai Ashita,ova,3.0
14479,Kyouhaku: Owaranai Ashita - Special Stage,special,1.0
16338,Kyoukai Senki: Kyokkou no Souki,ona,6.0
878,Kyoukai no Kanata Movie 1: I'll Be Here - Kako-hen,movie,1.0
391,Kyoukai no Kanata Movie 2: I'll Be Here - Mirai-hen,movie,1.0
4840,Kyoukai no Kanata: Idol Saiban! Mayoi Nagara mo Kimi wo Sabaku Tami,ona,5.0
3758,Kyoukai no Kanata: Mini Gekijou,special,7.0
1042,Kyoukai no Kanata: Shinonome,special,1.0
9559,Kyoukaisenjou no Horizon: Kyokutou Naruhodo Kouza,ona,4.0
8838,Kyouki Sanmyaku: Naked Peak,movie,1.0
8051,L/R: Licensed by Royal,tv,12.0
12149,L/R: Licensed by Royal Special,special,1.0
14075,LB Commerce: Omoi yo Todoke!,ona,1.0
19301,LIP×LIP CM: Satsuei no Uragawa,ona,1.0
19833,LOL: Lots of Laugh,music,1.0
17910,Lalala Lala-chan: Lala to Mainichi,tv,12.0
18259,Lalala Lala-chan: Patapata Daisensou,tv,12.0
24288,Lang Ge Tu Yu Tu Ge Lang: Xunfang Taohuayuan,tv,32.0
21238,Lao Fu Zi: Mojie Meng Zhanji,tv,13.0
21216,Lao Fu Zi: Mojie Meng Zhanji II,tv,13.0
15141,Lao Fu Zi: Xiao Shui Hu Chuan Qi,movie,1.0
24197,Laoshu Biji: Shenhai Tanxian,tv,300.0
24198,Laoshu Biji: Tanmi Chengshi,tv,500.0
24196,Laoshu Biji: Xing You Tianxia,tv,500.0
24470,Laoying Zhu Xiao Ji: Zhi Dou Fuhao Cheng,tv,52.0
24591,Laoying Zhua Xiao Ji: Chengshi Huwei Dui,tv,26.0
24471,Laoying Zhua Xiao Ji: Mowang Shijie Da Maoxian,tv,52.0
24163,Laoying Zhua Xiao Ji: Zhengjiu Meishi Cheng,tv,52.0
4537,Lapis Re:LiGHTs,tv,12.0
13243,Last Exile: Doyou no Asa,special,3.0
3205,Last Exile: Ginyoku no Fam,tv,21.0
7115,Last Exile: Ginyoku no Fam - Adjournment,special,2.0
9642,Last Exile: Ginyoku no Fam Movie - Over the Wishes,movie,1.0
19831,"Last Night, Good Night (Re:Dialed): Pharrell Williams Remix",music,1.0
5952,Last Period: Owarinaki Rasen no Monogatari,tv,12.0
8357,Last Waltz: Hakudaku Mamire no Natsu Gasshuku,ova,2.0
4213,Layton Mystery Tanteisha: Katri no Nazotoki File,tv,50.0
14106,Legend of Basara: Shinbashi Theater,special,1.0
9791,Legend of Lemnear: Kyokuguro no Tsubasa Valkisas,ova,1.0
14194,Legend of Lemnear: Kyokuguro no Tsubasa Valkisas Pilot Film,special,1.0
5408,Legendz: Yomigaeru Ryuuou Densetsu,tv,50.0
20347,Lei Su Deng: Yi Fei Chong Tian,tv,52.0
24272,Lele Xiong: Mira Lixian Ji,tv,10.0
20189,Leonardo Hakase to Kirin-mura no Nakama desho: Halloween Party da yo Kirin-mura!,special,1.0
2096,Les Misérables: Shoujo Cosette,tv,52.0
20610,Les Misérables: Shoujo Cosette Specials,ova,2.0
20735,Let's Go Nakama-tachi!: Bokura to Hakase no Bouka no Chikai,ova,1.0
7830,Li Shi Zhentan Shiwusuo: A Day in Lungmen,ona,6.0
12570,Li Shi Zhentan Shiwusuo: A Day in Lungmen - Home Service,ona,1.0
11516,Li Shi Zhentan Shiwusuo: A Day in Lungmen - Liang Xiaoshi Jiaqi,ona,1.0
12506,Li Shi Zhentan Shiwusuo: A Day in Lungmen - Once Upon a Time in Lungmen,ona,1.0
19898,Lian Ti Shi Wan Ceng: Wo Yang De Gou Dou Shi Dadi,ona,100.0
23105,Liang Zhi Xiao Zhu: Yong Chuang Shenmi Dao,movie,1.0
13832,Life: Jinsei no Taisetsu na Toki ni...,ona,1.0
13490,Lightning Trap: Leina & Laika,ova,1.0
9474,Lime-iro Senkitan: Nankoku Yume Roman,ova,2.0
9082,Line Offline: Salaryman,tv,114.0
24368,Ling Ba Xue Tang: Bei Chi Diao de Chengyu Xilie,tv,104.0
5658,Ling Long: Incarnation,ona,6.0
7377,Ling Long: Incarnation Final Chapter,ona,2.0
6778,Ling Long: Incarnation Middle Chapter,ona,1.0
6235,Ling Long: Incarnation Part 2,ona,6.0
7323,Ling Long: Incarnation Special,ona,1.0
18525,Little Charo 4: Eigo de Aruku New York,tv,36.0
17359,Little Charo: Touhoku-hen,tv,12.0
13362,"Little Polar Bear: Shirokuma-kun, Doko e?",movie,1.0
12745,"Little Polar Bear: Shirokuma-kun, Fune ni Noru",ova,1.0
18223,Little Twins: Bokura no Natsu ga Tondeiku,movie,1.0
721,Little Witch Academia: Mahoujikake no Parade,movie,1.0
19294,Little Wonders: Sneeze,special,1.0
6951,Lo Re: Pako Sukusuku Mizuki-chan The Animation,ova,1.0
3381,Lodoss-tou Senki: Eiyuu Kishi Den,tv,27.0
2238,Log Horizon: Entaku Houkai,tv,12.0
24337,Long Gui: Long Xing Tianxia,tv,52.0
22441,Long Hu Ji: Zhongyi Guanyunzhang,ona,1.0
23862,Long Taizi: Yanre Xingqiu Zhi Mi,tv,50.0
22378,Long Taizi: Yinhe Da Maoxian,tv,50.0
5525,Long Zhi Gu: Jingling Wangzuo,movie,1.0
4994,Long Zhi Gu: Poxiao Qibing,movie,1.0
1482,Lord El-Melloi II Sei no Jikenbo: Rail Zeppelin Grace Note,tv,13.0
2670,Lord El-Melloi II Sei no Jikenbo: Rail Zeppelin Grace Note - Hakamori to Neko to Majutsushi,special,1.0
2337,Lord El-Melloi II Sei no Jikenbo: Rail Zeppelin Grace Note Special,special,1.0
8815,Lord of Vermilion: Guren no Ou,tv,12.0
7689,Lostorage Conflated WIXOSS: Missing Link,ova,1.0
8018,Love Bitch: Yasashii Onna,ova,1.0
1993,Love Hina Christmas Special: Silent Eve,special,1.0
2465,Love Hina Haru Special: Kimi Sakura Chiru Nakare!!,special,1.0
2590,"Love Hina: Motoko no Sentaku, Koi ka Ken... ""Naku na""",special,1.0
10748,Love Kome: We Love Rice,tv,12.0
11863,Love Kome: We Love Rice Nikisaku,tv,12.0
4935,Love Live! Nijigasaki Gakuen School Idol Doukoukai: Next Sky,ova,1.0
5982,Love Live! School Idol Project: μ's →NEXT LoveLive! 2014 - Endless Parade Encore Animation,special,1.0
5557,Love Live! School Idol Project: μ's →NEXT LoveLive! 2014 - Endless Parade Makuai Drama,special,3.0
1743,Love Live! Sunshine!! The School Idol Movie: Over the Rainbow,movie,1.0
8425,Love Live! The School Idol Movie: Gekijou Manner CM,movie,4.0
17841,Love Live! μ's Go→Go! LoveLive! 2015: Dream Sensation!,special,4.0
14451,Love Machine: Animaid Shoufu 23-gou,ova,2.0
2451,Love Me: Kaede to Suzu The Animation,ova,2.0
11788,Love Position: Halley Densetsu,ova,1.0
1842,Love Stage!!: Chotto ja Nakutte,ova,1.0
4390,Love x Holic: Miwaku no Otome to Hakudaku Kankei - The Animation,ova,2.0
19208,Love: Sayonara wa Iwanai,music,1.0
8146,Lovedol: Lovely Idol,tv,12.0
10775,Lovedol: Lovely Idol OVA,ova,1.0
9421,Lovely Day: Boku to Kanojo no Nana Nichikan,ova,1.0
10106,Lovely Movie: Itoshi no Muco,tv,20.0
11805,Lovely Movie: Itoshi no Muco Season 2,tv,22.0
17045,Lovely Movie: Itoshi no Muco Specials,special,3.0
769,Lucky☆Star: Original na Visual to Animation,ova,1.0
23599,Ludou Wa: Gongyi Xilie,ona,46.0
19203,Lulin Da Maoxian: Tangguo Shijie,movie,1.0
17838,Luna-tan: 1-mannen no Himitsu,ona,10.0
10680,Luo Xiao Hei Zhan Ji: Fan Wai,ona,5.0
7445,Luo Xiao Hei Zhan Ji: Zhongsheng Zhi Men,ona,12.0
24567,Luoke Wangguo Da Maoxian 3: Bada Huizhang,tv,40.0
7628,Lupin III (2015): Italian Game,special,1.0
1631,Lupin III vs. Detective Conan: The Movie,movie,1.0
4919,Lupin III: $1 Money Wars,special,1.0
5892,Lupin III: Ai no Da Capo - Fujiko's Unlucky Days,special,1.0
5038,Lupin III: Alcatraz Connection,special,1.0
6592,Lupin III: Babylon no Ougon Densetsu,movie,1.0
5402,Lupin III: Bye Bye Liberty - Kiki Ippatsu!,special,1.0
601,Lupin III: Cagliostro no Shiro,movie,1.0
4466,Lupin III: Chi no Kokuin - Eien no Mermaid,special,1.0
4291,Lupin III: Dead or Alive,movie,1.0
3058,"Lupin III: Episode 0 ""First Contact""",special,1.0
3637,Lupin III: Fuuma Ichizoku no Inbou,movie,1.0
5990,Lupin III: Goodbye Partner,special,1.0
5987,Lupin III: Green vs. Red,ova,1.0
5351,Lupin III: Harimao no Zaihou wo Oe!!,special,1.0
5532,Lupin III: Hemingway Paper no Nazo,special,1.0
4300,Lupin III: Honoo no Kioku - Tokyo Crisis,special,1.0
9341,Lupin III: Ikiteita Majutsushi,ova,1.0
6082,Lupin III: Kiri no Elusive,special,1.0
3447,Lupin III: Kutabare! Nostradamus,movie,1.0
5190,Lupin III: Lupin Ansatsu Shirei,special,1.0
7060,Lupin III: Lupin Ikka Seizoroi,special,1.0
4179,Lupin III: Lupin vs. Fukusei-ningen,movie,1.0
5898,Lupin III: Lupin wa Ima mo Moete Iru ka?,ova,1.0
4873,Lupin III: Moeyo Zantetsuken!,special,1.0
6529,Lupin III: Napoleon no Jisho wo Ubae,special,1.0
5465,Lupin III: Nusumareta Lupin,special,1.0
4400,Lupin III: Otakara Henkyaku Daisakusen!!,special,1.0
1434,Lupin III: Part 5,tv,24.0
3980,Lupin III: Part 6,tv,24.0
4345,Lupin III: Part 6 - Jidai,special,1.0
2000,Lupin III: Part II,tv,155.0
3405,Lupin III: Part III,tv,50.0
6800,Lupin III: Pilot Film,movie,1.0
7917,Lupin III: Pilot Film (1978),movie,1.0
6270,Lupin III: Princess of the Breeze - Kakusareta Kuuchuu Toshi,special,1.0
6280,Lupin III: Prison of the Past,special,1.0
6303,Lupin III: Russia yori Ai wo Komete,special,1.0
5805,Lupin III: Seven Days Rhapsody,special,1.0
5677,Lupin III: Sweet Lost Night - Mahou no Lamp wa Akumu no Yokan,special,1.0
5386,Lupin III: Tenshi no Tactics - Yume no Kakera wa Koroshi no Kaori,special,1.0
1679,Lupin III: The First,movie,1.0
5501,Lupin III: The Last Job,special,1.0
6498,Lupin III: Touhou Kenbunroku - Another Page,special,1.0
5240,Lupin III: Twilight Gemini no Himitsu,special,1.0
3894,Lupin III: Walther P38,special,1.0
1663,Lupin the IIIrd: Chikemuri no Ishikawa Goemon,movie,1.0
1840,Lupin the IIIrd: Jigen Daisuke no Bohyou,movie,1.0
3589,Lupin the IIIrd: Mine Fujiko no Uso,movie,1.0
1464,Lupin the Third: Mine Fujiko to Iu Onna,tv,13.0
7179,M Ogui: Last Order,ova,1.0
12080,M.E.M.: Yogosareta Junketsu,ova,2.0
4696,M3: Sono Kuroki Hagane,tv,24.0
10862,M3: Sono Kuroki Hagane Recap,ona,1.0
12708,MAPS: Densetsu no Samayoeru Seijin-tachi,movie,1.0
19784,Mabeob Chunjamun: Daemawang-ui Buhwal-eul Mag-ala,movie,1.0
6750,Machi Gurumi no Wana: Hakudaku ni Mamireta Shitai,ova,4.0
1397,Machikado Mazoku: 2-choume,tv,12.0
12031,Machikado Mazoku: 2-choume Mini,ona,25.0
12040,Machine Robo: Butchigiri Battle Hackers,tv,31.0
9973,Machine Robo: Cronos no Dai Gyakushuu,tv,47.0
12822,"Machine Robo: Leina, The Legend of Wolf Blade",ova,3.0
8796,Macross 25-shuunen Kinen: All That VF Macross F Version,ona,1.0
9256,Macross 25-shuunen Kinen: All That VF Macross Zero Version,ona,1.0
4988,Macross 7 Movie: Ginga ga Ore wo Yondeiru!,movie,1.0
1737,Macross F Movie 1: Itsuwari no Utahime,movie,1.0
1705,Macross F Movie 2: Sayonara no Tsubasa,movie,1.0
5013,Macross F Music Clip Shuu: Nyankuri,music,1.0
9333,Macross F: Choujikuu Gekijou,ova,1.0
2734,Macross F: Close Encounter - Deculture Edition,special,1.0
8305,Macross FB7: Ore no Uta wo Kike!,movie,1.0
6785,Macross II: Lovers Again,ova,6.0
4660,Macross Δ Movie 2: Zettai Live!!!,movie,1.0
5997,Macross Δ Movie: Gekijou no Walküre,movie,1.0
12387,Macross Δ Movie: Gekijou no Walküre Specials,special,2.0
10083,Macross Δ: Delta Shougekijou,special,9.0
1336,Macross: Do You Remember Love?,movie,1.0
5217,Madan no Ou to Vanadis: Tigre-kun to Vanadi-chu,ona,13.0
9101,Madan no Ou to Vanadis: Tigre-kun to Vanadi-chu Episode 0,ona,1.0
779,Made in Abyss Movie 1: Tabidachi no Yoake,movie,1.0
659,Made in Abyss Movie 2: Hourou Suru Tasogare,movie,1.0
139,Made in Abyss Movie 3: Fukaki Tamashii no Reimei,movie,1.0
207,Made in Abyss: Retsujitsu no Ougonkyou,tv,12.0
16134,Made in Abyss: Retsujitsu no Ougonkyou (Zoku-hen),,
4959,Made in Abyss: Retsujitsu no Ougonkyou - Papa to Issho,special,1.0
7116,Madonna: Kanjuku Body Collection,ova,1.0
11962,Madou King Granzort: Bouken-hen,ova,3.0
17228,Madou King Granzort: Nonstop Rabi,special,1.0
11348,Madou King Granzort: Saigo no Magical Taisen,ova,2.0
11489,Maeterlinck no Aoi Tori: Tyltyl Mytyl no Bouken Ryokou,tv,26.0
10463,Mafukiden: Pandarian,tv,26.0
5142,Magatsu Wahrheit: Zuerst,tv,12.0
866,Magi: Sinbad no Bouken,ova,5.0
403,Magi: Sinbad no Bouken (TV),tv,13.0
136,Magi: The Kingdom of Magic,tv,25.0
213,Magi: The Labyrinth of Magic,tv,25.0
3114,Magia Record: Mahou Shoujo Madoka☆Magica Gaiden,tv,13.0
3438,Magia Record: Mahou Shoujo Madoka☆Magica Gaiden 2nd Season - Kakusei Zenya,tv,8.0
9991,Magia Record: Mahou Shoujo Madoka☆Magica Gaiden 2nd Season - Kakusei Zenya Recap,special,1.0
4649,Magia Record: Mahou Shoujo Madoka☆Magica Gaiden Final Season - Asaki Yume no Akatsuki,special,4.0
8963,Magia Record: Mahou Shoujo Madoka☆Magica Gaiden PV,special,
10418,Magia Record: Mahou Shoujo Madoka☆Magica Gaiden Recaps,special,3.0
20505,Magic Adventures: The Crystal of Dark,tv,52.0
10544,Magic-kyun! First Live: Hoshinomori Summer Festa 2017 Encore Animation,special,1.0
14215,Magical Halloween: Miracle★Quartet,music,2.0
8563,Magical Witch Academy: Boku to Sensei no Magical Lesson The Animation,ova,2.0
16876,Magical★Taruruuto-kun: Moeru! Yuujou no Mahou Taisen,movie,1.0
16910,Magical★Taruruuto-kun: Sukisuki Takoyaki!,movie,1.0
13869,Mahjong Hishouden: Naki no Ryuu,ova,3.0
8328,MahoYome: Aisatsu,ona,1.0
2983,Mahoraba: Heartful days,tv,26.0
2678,Mahoromatic: Automatic Maiden,tv,12.0
3048,Mahoromatic: Motto Utsukushii Mono,tv,14.0
4655,Mahoromatic: Tadaima Okaeri,special,2.0
4974,Mahou Sensei Negima! Movie: Anime Final,movie,1.0
6181,Mahou Sensei Negima!: Introduction Film,ova,3.0
2535,Mahou Sensei Negima!: Mou Hitotsu no Sekai,ova,4.0
4389,Mahou Sensei Negima!: Mou Hitotsu no Sekai Extra - Mahou Shoujo Yue♥,ova,1.0
2649,Mahou Sensei Negima!: Shiroki Tsubasa Ala Alba,ova,3.0
12801,Mahou Senshi Sweet Knights: Heroine Ryoujoku Shirei,ova,2.0
9072,Mahou Shoujo Ai San: The Anime,ova,3.0
16362,Mahou Shoujo Ikusei Keikaku: Restart,,
12874,Mahou Shoujo Lalabel: Umi ga Yobu Natsuyasumi,movie,1.0
9956,Mahou Shoujo Lyrical Nanoha ViVid: Special Program,special,1.0
3799,Mahou Shoujo Lyrical Nanoha: Detonation,movie,1.0
10439,Mahou Shoujo Lyrical Nanoha: Lyrical Toy Box,music,1.0
3459,Mahou Shoujo Lyrical Nanoha: Reflection,movie,1.0
1686,Mahou Shoujo Lyrical Nanoha: The Movie 1st,movie,1.0
1790,Mahou Shoujo Lyrical Nanoha: The Movie 2nd A's,movie,1.0
11809,Mahou Shoujo Lyrical Nanoha: The Movie 2nd A's Mini Picture Drama,special,2.0
440,Mahou Shoujo Madoka★Magica Movie 1: Hajimari no Monogatari,movie,1.0
399,Mahou Shoujo Madoka★Magica Movie 2: Eien no Monogatari,movie,1.0
178,Mahou Shoujo Madoka★Magica Movie 3: Hangyaku no Monogatari,movie,1.0
7563,Mahou Shoujo Madoka★Magica Movie 3: Hangyaku no Monogatari - Magica Quartet x Nisioisin,movie,4.0
16081,Mahou Shoujo Madoka★Magica Movie 4: Walpurgis no Kaiten,movie,1.0
3443,Mahou Shoujo Madoka★Magica: Concept Movie,movie,1.0
13763,Mahou no Princess Minky Momo: Hitomi no Seiza - Minky Momo Song Special,music,1.0
8397,Mahou no Princess Minky Momo: Yume no Naka no Rondo,ova,1.0
5621,Mahou no Princess Minky Momo: Yume wo Dakishimete,tv,62.0
11665,Mahou no Princess Minky Momo: Yume wo Dakishimete Specials,special,3.0
15243,Mahou no Ryouri: Kimi kara Kimi e,music,1.0
13811,Mahou no Star Magical Emi: Finale! Finale!,ova,1.0
11328,Mahou no Star Magical Emi: Kumo Hikaru,ova,1.0
11636,Mahou no Star Magical Emi: Semishigure,ova,1.0
12554,Mahou no Tenshi Creamy Mami: Curtain Call,music,1.0
10239,Mahou no Tenshi Creamy Mami: Eien no Once More,ova,1.0
9877,Mahou no Tenshi Creamy Mami: Long Goodbye,ova,1.0
12537,Mahou no Tenshi Creamy Mami: Lovely Serenade,music,1.0
14505,Mahou no Tenshi Creamy Mami: Perfect Memory,ova,1.0
12201,Mahou no Tenshi Creamy Mami: Zutto Kitto Motto,music,1.0
13659,Mahou no Yousei Persia: Escape!,music,1.0
16943,Mahou no Yousei Persia: Kaiten Mokuba,ova,1.0
1134,Mahouka Koukou no Rettousei Movie: Hoshi wo Yobu Shoujo,movie,1.0
1317,Mahouka Koukou no Rettousei: Raihousha-hen,tv,13.0
1463,Mahouka Koukou no Rettousei: Tsuioku-hen,special,1.0
4980,Mahoutsukai Precure! Movie: Kiseki no Henshin! Cure Mofurun!,movie,1.0
3461,Mahoutsukai ni Taisetsu na Koto: Natsu no Sora,tv,12.0
4636,Mahoutsukai no Yome: Gakuin-hen,ona,1.0
430,Mahoutsukai no Yome: Hoshi Matsu Hito,ova,3.0
1986,Mahoutsukai no Yome: Nishi no Shounen to Seiran no Kishi,ova,3.0
6560,Mai-HiME: Kuro no Mai/Saigo no Bansan,special,1.0
3139,Mai-Otome 0: S.ifr,ova,3.0
8790,Mai-Otome Special: Otome no Inori,special,1.0
7470,Maid Kyouiku: Botsuraku Kizoku Rurikawa Tsubaki The Animation,ova,
12472,Maid no Yakata: Zetsubou-hen,ova,2.0
6000,Maison Ikkoku: Bangai-hen - Ikkokujima Nanpa Shimatsuki,ova,1.0
4638,Maison Ikkoku: Kanketsu-hen,movie,1.0
7114,Maison Ikkoku: Prelude - Meguru Haru no Sakura no You ni...,special,1.0
6602,Maison Ikkoku: Shiki Utsuriyuku Kisetsu no Naka de,ova,1.0
11273,Maji de Otaku na English! Ribbon-chan: Eigo de Tatakau Mahou Shoujo,tv,12.0
11861,Maji de Otaku na English! Ribbon-chan: Eigo de Tatakau Mahou Shoujo - The TV,tv,10.0
10776,Majime ni Fumajime Kaiketsu Zorori: Nazo no Otakara Daisakusen,movie,1.0
22526,Majime ni Fumajime Kaiketsu Zorori: Uchuu Tanken Daisakusen - Chikyuu wo Mezase-hen,movie,1.0
22588,Majime ni Fumajime Kaiketsu Zorori: Uchuu Tanken Daisakusen - Ougon no Hoshi wo Sagase-hen,movie,1.0
3646,Majimoji Rurumo: Kanketsu-hen,ova,2.0
15967,Majin Sentai Death Ranger: Ubawareta Pudding!,ona,1.0
12461,Majokko Club Yoningumi: A Kuukan kara no Alien X,ova,1.0
10456,Majokko Shimai no Yoyo to Nene Movie Extra: Hatsukoi - Mikako Komatsu,special,1.0
1829,Major Movie: Yuujou no Winning Shot,movie,1.0
1376,Major: Message,ova,1.0
1197,Major: World Series,ova,2.0
6901,Majutsushi Orphen Hagure Tabi: Kimluck-hen,tv,11.0
9453,Majutsushi Orphen Hagure Tabi: Seiiki-hen,tv,12.0
8008,Majutsushi Orphen Hagure Tabi: Tennin no Isan,special,1.0
8416,Majutsushi Orphen Hagure Tabi: Urbanrama-hen,tv,12.0
4859,Majutsushi Orphen: Revenge,tv,23.0
12571,Majuu Sensen: The Apocalypse,tv,13.0
9876,Makai Kishi Ingrid: Re - Mesu Buta Dorei ni Ochita Makai Kishi,ova,1.0
2726,Makai Ouji: Devils and Realist,tv,12.0
6705,Makai Senki Disgaea: Welcome to Netherworld,special,1.0
7257,Makai Tenshi Djibril: Episode 2,ova,4.0
19762,Makeruna! Senta: Sayonara Ijime Mushi,ova,1.0
13497,Makura no Danshi: Sono Ato no Makura no Danshi,special,1.0
7590,Mama Katsu: Midareru Mama-tachi no Himitsu,ova,
5197,Mama x Holic: Miwaku no Mama to Amaama Kankei - The Animation,ova,2.0
24627,Man Jie Guoxue Xilie: Chengyu Gushi,tv,85.0
24500,Man Jie Guoxue Xilie: Yuyan Gushi,tv,145.0
17374,Mandalaya no Ryouta: Kukidani Onsen Enshou Soudou Tan,ova,2.0
8677,Mangirl!: Asobu Henshuu Girl,special,1.0
20269,Manichi ga Tsurai Kimochi Wakarimasu ka: Yurusenai! Net Ijime,ova,1.0
3502,Manie-Manie: Meikyuu Monogatari,movie,3.0
23113,Mao Qiu Daya Qi Qu: Lu Zhi Benzou Da Caoyuan,tv,52.0
23206,Mao Qiu Daya Qi Qu: Lu Zhi Tuo Xian Piaoliu Ji,tv,52.0
23033,Mao Qiu Daya Qi Qu: Lu Zhi Zui Zhang De Lutu,tv,50.0
23812,Maomao Wang: Kongjian Chao Nengli,tv,26.0
883,"Maou Gakuin no Futekigousha: Shijou Saikyou no Maou no Shiso, Tensei shite Shison-tachi no Gakkou e Kayou",tv,13.0
3180,"Maou Gakuin no Futekigousha: Shijou Saikyou no Maou no Shiso, Tensei shite Shison-tachi no Gakkou e Kayou II",tv,12.0
16068,"Maou Gakuin no Futekigousha: Shijou Saikyou no Maou no Shiso, Tensei shite Shison-tachi no Gakkou e Kayou II Part 2",tv,
4647,"Maoyuu Maou Yuusha: Kono Monogatari wa, da Niku dake de wa Nai no ja!",special,1.0
6729,Marco: Haha wo Tazunete Sanzenri,movie,1.0
1858,Mardock Scramble: The First Compression,movie,1.0
2333,Mardock Scramble: The Second Combustion,movie,1.0
2279,Mardock Scramble: The Third Exhaust,movie,1.0
8706,Marginal Prince: Gekkeiju no Ouji-tachi,tv,13.0
11272,Marginal Prince: Gekkeiju no Ouji-tachi - Tokyo Merry-Go-Round,special,1.0
5498,Marginal#4: Kiss kara Tsukuru Big Bang,tv,12.0
2098,Maria-sama ga Miteru: Haru,tv,13.0
4008,Maria-sama ga Miteru: Haru Specials,special,6.0
10342,Maria†Holic: Runrun Riru Ranran Rara,music,1.0
11073,Marimo no Hana: Saikyou Butouha Shougakusei Densetsu,ova,1.0
17420,Marin to Yamato: Fushigi na Nichiyoubi,ova,1.0
8139,"Marriage Blue: ""Konyakusha ga Iru no ni, Doushite Konna Otoko ni......""",ova,1.0
12965,Marriage: Kekkon,ova,2.0
11261,Mars Red: Zero Kikan Nippou,ona,5.0
9375,Marvel Disk Wars: The Avengers,tv,51.0
19343,Mary Bell no Hi no Youjin: Guratto Kitara Dousuru,ova,1.0
3963,"Masamune-kun no Revenge: Uchi no Mama ni Kagitte/Tsunade Shima, Futatabi./12-Ji wo Sugita Cinderella",ova,1.0
11131,Mashin Eiyuuden Wataru: Owarinaki Toki no Monogatari,ova,3.0
12540,Mashin Eiyuuden Wataru: Shichikon no Ryuujinmaru,ona,9.0
17003,Mashin Eiyuuden Wataru: Soukaizan Eiyuu Densetsu,ova,1.0
7640,Mashiro-iro Symphony: Airi ga Anata no Kanojo ni!?,special,1.0
2400,Mashiro-iro Symphony: The Color of Lovers,tv,12.0
6822,Mashiro-iro Symphony: The Color of Lovers Picture Drama,special,2.0
8633,Mashle: Mash Burnedead to Fushigi na Tegami,special,1.0
7092,Mass Effect: Paragon Lost,movie,1.0
11136,Master of Epic: The Animation Age,tv,12.0
14865,Master of Torque: Epilogue,ona,1.0
18524,Matsubara-kun: Mackie E no Ouen Message,ona,1.0
15565,Mattsu to Yanma to Moburi-san 2: Suigun Otakara to Nazotoki no Shimajima,ona,1.0
14942,Mattsu to Yanma to Moburi-san: Nanatsu no Hihou to Soratobu Oshiro,ona,1.0
6246,Mayonaka no Occult Koumuin: Fukurokouji to Ano Ko to Ore to,ova,1.0
11060,Maze☆Bakunetsu Jikuu: Hot Springs,special,1.0
13131,Maze☆Bakunetsu Jikuu: Tenpen Kyoui no Giant,movie,1.0
5260,Mazinger Z Movie: Infinity,movie,1.0
5228,Mazinkaiser: Shitou! Ankoku Dai Shogun,ova,1.0
17592,McDull: Boluo You Wang Zi,movie,1.0
17788,McDull: Chuntian Huahua Zhonghua Bowuguan,tv,5.0
19335,McDull: Fan Bao Qibing,movie,1.0
12203,McDull: Gushi,movie,1.0
21376,McDull: Kuaile Di Tan,ona,20.0
21375,McDull: Niu Hua Che Specials,special,2.0
20957,McDull: Niu Hua Chen,ona,11.0
18502,McDull: Wo He Wo Mama,movie,1.0
17803,McDull: Xiang Dang Dang,movie,1.0
18286,McDull: Xiang Dang Dang Ban Wo Xin,movie,1.0
15738,Mechano: Scientific Attack Force,ova,3.0
18212,Megido 72: Nagaki Sen Tabi no Katawara de,ona,5.0
10309,Megumi no Daigo: Kajiba no Baka Yarou,movie,1.0
16284,Megumi no Daigo: Kyuukoku no Orange,tv,
14193,Megumi to Taiyou II: Kajuu Gummi Tweet Mystery - Kieta Sapphire Roman no Nazo,special,1.0
14304,Megumi to Taiyou III: Kajuu Gummi Tweet Fantasy - Timeline World,special,1.0
13538,Megumi to Taiyou: Kajuu Gummi Tweet Love Story,special,1.0
7766,Meiji Tokyo Renka Movie 1: Yumihari no Serenade,movie,1.0
9670,Meiji Tokyo Renka Movie 2: Hanakagami no Fantasia,movie,1.0
17441,Meiken Lassie: Yume ni Mukatte Hashire!,special,1.0
4497,Meikoku Gakuen: Jutai-hen,ova,2.0
24229,Meili Jiayuan: Zhengjiu Weiji,tv,30.0
20134,Meirenyu: Haidao Laixi,movie,1.0
23820,Meishi Da Maoxian: Huore Zhi Lu,tv,55.0
23713,Meishi Da Maoxian: Wenming Zhi Lu,tv,52.0
22718,Meishi Da Maoxian: Yingxiong Hui,movie,1.0
24320,Meishu Guan Zhi Ye: Jindai Guowai Meishu Pian,tv,267.0
24168,Meishu Guan Zhi Ye: Jindai Zhongguo Meishu Pian,tv,299.0
5270,Meitantei Conan: Hannin no Hanzawa-san,tv,12.0
10523,Meitantei Conan: Keisatsu Gakkou-hen Wild Police Story - Case. Furuya Rei,special,1.0
12067,Meitantei Conan: Kodai Kyouryuu no Nazo ni Semare!,ova,1.0
4804,Meitantei Conan: Zero no Tea Time,tv,6.0
17834,Meitantei Hangyodon: Kaitou Ruzu Arawaruno-kan,ova,1.0
8583,Meitantei Holmes: Aoi Ruby no Maki / Kaitei no Zaihou no Maki,movie,1.0
9930,Meitantei Holmes: Mrs. Hudson Hitojichi Jiken no Maki / Dover Kaikyou no Daikuuchuusen no Maki,movie,1.0
15618,Memories: Younenki no Joukei,movie,1.0
23678,Meng Guo Le Duoduo: Shuiguo Xunzhang,ona,26.0
24342,Meng Hui Gu Su Cheng: Shiluo Di Ditu,tv,20.0
5625,Meng Qi Shi Shen: Huanxi Zhui Hun,ona,12.0
4654,Meng Qi Shi Shen: Zaijie Liangyuan,ona,12.0
12675,Meng Ta: Xue Mi Cheng,ona,13.0
23849,Meng Zhou Shaonian Zhi: Qin Jian Chuanqi,tv,18.0
23731,Meng Zhou Shaonian Zhi: Shanggu Chuanqi,tv,18.0
23732,Meng Zhou Shaonian Zhi: Tian Qing Chuanqi,tv,19.0
24134,Meng Zhou Shaonian Zhi: Xihan Gongzhu,tv,38.0
20797,Menghuan Shuyuan: Huxi Jiankang Kepu,ona,13.0
20721,Menghuan Shuyuan: Kexue Xiao Jizhe,ona,12.0
19712,Menghuan Shuyuan: Youxue Ji,ona,14.0
21086,Menghuan Xiyou: Lei Nu Weiji,ona,13.0
21535,Menghuan Xiyou: Tianming Zhi Zhan,ona,13.0
8381,Menhera Ayuri no Yamanai Onedari: Headphone wa Hazusenai,ova,2.0
5527,Merc Storia: Mukiryoku no Shounen to Bin no Naka no Shoujo,tv,12.0
13290,Meshimase Lodoss-tou Senki: Sorette Oishii no?,tv,13.0
5125,Mesu Kyoushi 4: Kegasareta Kyoudan,ova,6.0
8272,Mesu Kyoushi: Injoku no Kyoushitsu,ova,3.0
7019,Mesu Saga: Persona,ova,1.0
6494,Metal Fight Beyblade vs. Taiyou: Shakunetsu no Shinryakusha Sol Blaze,movie,1.0
2966,Metal Fight Beyblade: Baku,tv,51.0
24099,Mezase! Kakkoii Ichinensei: Champion ni Chousen,ova,1.0
21207,Mi Bao Chuanshuo: Bai Cheng Ming Huan You Ji,ona,8.0
21976,Mi Le Mi Ke: Shenqi Haitun Dao,tv,26.0
22083,Mi Le Mi Ke: Shenqi Haitun Dao 2nd Season,tv,26.0
22198,Mianhua Tang He Yunduo Mama: Chaoji Xiao Mihua,movie,1.0
21573,Mianhua Tang He Yunduo Mama: Fu Shu Song Ji,movie,1.0
22363,Mianhua Tang He Yunduo Mama: Meimeng Cheng Zhen,movie,1.0
20112,Miao Xiansheng: Huo Ze Kui Xiao Ren Chuan,ona,5.0
20487,Miao Xiansheng: Yan Luo Dadao,ona,1.0
4668,Miboujin Nikki: Akogare no Ano Hito to Hitotsu Yane no Shita,ova,1.0
10430,Miboujin: Numeriau Nikuyoku to Midara ni Nureru Mitsusubo,ova,2.0
16440,Microphone Soul Spinners: Kotodama Shoujo,ona,24.0
18095,Microphone Soul Spinners: Kotodama Shoujo - Furikaeri Douga,special,1.0
6584,Midnight Eye: Gokuu,ova,1.0
7811,Midnight Eye: Gokuu II,ova,1.0
24817,Midnight: Eraser Wars Spin-off,movie,1.0
17931,Midori no Kuni no Otomodachi: Koeda-chan,ona,8.0
19265,Midori no Makibao: Owaranai Chоusen!!,special,1.0
15736,Mighty Thor: Battle Royale,ona,1.0
2709,Mikakunin de Shinkoukei: Kamoniku tte Midori-ppoi Aji ga Suru no ne.,ova,1.0
3025,Mikakunin de Shinkoukei: Mite. Are ga Watashitachi no Tomatteiru Ryokan yo.,special,1.0
18298,Miko Note Episode 0: Zenjitsudan,ona,1.0
10403,Military!: Tamatama Shoumetsu Suru Shiroki Hikari!,special,1.0
14233,Milk House Dreaming: Ai no Shiki,ova,1.0
5443,Milk Junkie: Shimai-hen,ova,4.0
15645,Milky Gal: Cats Ai,ova,1.0
14174,Milky Passion: Dougenzaka - Ai no Shiro,ova,1.0
18946,Million Doll: Otaku Go Kouza,special,1.0
15135,"Miloha CM: Oresama ni, Amae Chai na",special,1.0
7184,"Minami Kamakura Koukou Joshi Jitensha-bu: Kita yo, Taiwan!",special,1.0
20979,Ming Ji 2: Chu Zhi Lian,ona,1.0
21027,Ming Ji 3: Qushe,ona,1.0
21271,Ming Ji 4: Chenfeng Zhuiyi,ona,1.0
9092,Mini Hama: Minimum Hamatora,tv,8.0
10435,Mini Hama: Minimum Hamatora Movies,movie,2.0
20622,Mini Moni the Movie: Okashi na Daibouken!,movie,1.0
6820,Mini Sengoku Basara Ni: Tsukiyo no Katakura-kun,special,7.0
6465,Mini Sengoku Basara: Chousokabe-kun to Mouri-kun,special,7.0
11919,"Mini Toji: Kanami-Mihono no ""Toji Miko Taidou-hen"" 205-byou de Shoukai Tokuban!",special,1.0
10136,Mini Toji: Yume,special,1.0
22573,Miniforce: Super Dino Power,tv,52.0
19257,Minna ga Shitteru: Kokoro Atatamaru Natsukashii Ohanashi Series,ova,20.0
21789,Minna no Douyou: Shabondama - Oyako de Utau Uta,music,15.0
21924,Minna no Douyou: Warera wa Umi no Ko - Minna de Utau Uta,music,15.0
21725,Minna no Douyou: Yuuyake Koyake - Utaitsugitai Uta,music,15.0
20318,Minna no Tonio-chan: Fuck the World,special,1.0
10579,Miracle Train: Chuo-sen e Youkoso,special,1.0
5968,Miracle☆Train: Oedo-sen e Youkoso,tv,13.0
4764,Mirai Nikki (TV): Ura Mirai Nikki,special,10.0
1162,Mirai Nikki: Redial,ova,1.0
9604,Mirai Shounen Conan 2: Taiga Daibouken,tv,24.0
8800,Mirai Shounen Conan: Kyodaiki Gigant no Fukkatsu,movie,1.0
14251,Mirai e no Kakehashi: Bridge for Future,ona,6.0
19545,"Mirai e no Niji: Boku no Ojisan wa, Hansen-byou",ova,1.0
17582,Mirai e no Tegami: Kono Michi no Tochuu kara,ona,2.0
17771,Mirai ni Mukete: Bousai wo Kangaeru,movie,1.0
20968,Miraijin Go Home Bangai: Oyome ni Oide,music,1.0
5425,Miru Tights: Cosplay Satsuei Tights,special,1.0
7847,Miss Monochrome The Animation: Manager,ova,1.0
7444,Miss Monochrome The Animation: Soccer-hen,ona,1.0
9472,Miss Monochrome: Music Clips,music,15.0
10738,Misuzu: Ikenai Koto,ova,1.0
10835,Mitama: Nin,ova,2.0
2462,Mitsudomoe: Oppai Ippai Mama Genki,special,1.0
3273,Mix: Meisei Story,tv,24.0
7627,"Mix: Meisei Story 2nd Season - Nidome no Natsu, Sora no Mukou e",tv,24.0
8152,Miyamoto Musashi: Souken ni Haseru Yume,movie,1.0
9692,Miyanishi Tatsuya Gekijou: Omae Umasou da na,tv,20.0
21732,Mizu no Sei: Kappa Hyakuzu,movie,1.0
1725,Mnemosyne: Mnemosyne no Musume-tachi,tv,6.0
1034,Mo Dao Zu Shi: Wanjie Pian,ona,12.0
684,Mo Dao Zu Shi: Xian Yun Pian,ona,8.0
24467,Mo Jiao Zhentan 2: Da Sanjiao Jihua,tv,52.0
24158,Mo Lin Chuanqi: Yuangu Shenshou,tv,26.0
1076,Mob Psycho 100: Dai Ikkai Rei toka Soudansho Ian Ryokou - Kokoro Mitasu Iyashi no Tabi,ova,1.0
1677,Mob Psycho 100: Reigen - Shirarezaru Kiseki no Reinouryokusha,special,1.0
9888,Mob Psycho 100: Tankoubon Hatsubai Kinen Anime,special,3.0
23817,Modeng Senlin: Conglin De Huxi,tv,20.0
23965,Modeng Senlin: Dadi Zhi Ge,tv,20.0
23197,Modeng Senlin: Meishi Zongdongyuan,movie,1.0
23964,Modeng Senlin: Shengming Zhi Shui,tv,20.0
5652,Modern Love Tokyo: Kare ga Kanaderu Futari no Shirabe,ona,1.0
10319,Moero Arthur: Hakuba no Ouji,tv,22.0
21655,Mofa KK: Shenmi Jingling Dao,ona,26.0
22574,Mohuan Tuoluo: Ji Jia Zhan Che,tv,30.0
22802,Mohuan Tuoluo: Ju Neng Yinqing,tv,30.0
20906,Mole Zhuang Yuan 3: Mohuan Lieche Da Maoxian,movie,1.0
18535,Mole Zhuang Yuan II: Hai Yao Bao Cang,movie,1.0
18544,Mole Zhuang Yuan: Bing Shi Ji,movie,1.0
22257,Mole Zhuang Yuan: Shiqian Ji,ona,20.0
21201,Mole Zhuang Yuan: Zhou Bo Ju,ona,9.0
18798,Momoiro Sisters: Idol Densetsu Momoko!?,special,1.0
18033,Momon's Sand Witch Bangai-hen: Tanu no Kyuujitsu,ona,1.0
12095,Momotarou: Umi no Shinpei,movie,1.0
14426,Momoya x Peeping Life: Go en desu yo!,ona,4.0
14325,Momoya x Peeping Life: Go en desu yo! II,ona,5.0
11934,MonHun Nikki Girigiri Airou Mura: Airou Kiki Ippatsu,tv,10.0
16931,MonHun Nikki Girigiri Airou Mura: Airou Kiki Ippatsu Specials,special,2.0
2100,Mondaiji-tachi ga Isekai kara Kuru Sou desu yo?: Onsen Manyuuki,ova,1.0
16908,Money Wars: Nerawareta Waterfront Keikaku,ova,1.0
12789,Monkey Punch no Sekai: Alice,ova,1.0
8433,Monkey Punch: Manga Katsudou Daishashin,tv,12.0
14190,Monkey Punch: Manga Katsudou Daishashin - Crime Mate Special,special,1.0
69,Monogatari Series: Second Season,tv,26.0
13950,Monoshiri Daigaku: Ashita no Calendar,tv,1274.0
5787,Monster Extra: Hottan,special,1.0
14283,Monster Farm 5: Circus Caravan OVA - Kessei!! Orcoro Circus,ova,1.0
3710,Monster Farm: Enbanseki no Himitsu,tv,48.0
4782,Monster Farm: Legend e no Michi,tv,25.0
11244,Monster High: Kowa-ike Girls,ona,8.0
7514,Monster Hunter Stories: Ride On,tv,75.0
4860,Monster Musume no Iru Nichijou: Hobo Mainichi ◯◯! Namappoi Douga,ona,60.0
10397,"Monster Sonic!: Senritsu no Lucifer, Tada Hitotsu no Hajimari no Uta",ona,1.0
8654,Monster Strike Anime: Kieyuku Uchuu-hen,ona,13.0
7600,Monster Strike The Movie: Hajimari no Basho e,movie,1.0
9292,Monster Strike the Movie: Lucifer - Zetsubou no Yoake,movie,1.0
11130,Monster Strike the Movie: Sora no Kanata,movie,1.0
10596,Monster Strike: Katsubou no Hate no Risoukyou,ona,1.0
7855,Monster Strike: Mermaid Rhapsody,ona,1.0
8977,Monster Strike: Rain of Memories,ona,1.0
9430,Monster Strike: Zoku Saishuu-banashi - Pandora no Hako,ona,1.0
16365,Monsters: Ippyaku Sanjou Hiryuu Jigoku,,
14788,Moom: Hajimari no Monogatari,special,1.0
4664,Moonlight Mile 1st Season: Lift Off,tv,12.0
5088,Moonlight Mile 2nd Season: Touch Down,tv,14.0
11344,Mori no Densetsu: Dai Ni Gakushou,movie,1.0
9843,Mori no Youki na Kobito-tachi: Belfy to Lillibit,tv,26.0
18279,Moshi Juexing: Ruqin,ona,13.0
18948,Moshi Juexing: Ruqin 2nd Season,ona,13.0
17493,Moshi Juexing: Suyuan,ona,26.0
20523,Moshi Meta: Moshi Joshikousei ga Metaverse de Miko ni Nattara,ona,1.0
19517,"Moshi, Ginkou ga Nakatta-ra?: Mahoutsukai Sally no Ginkou Nyuumon",ova,1.0
12709,Mother: Saigo no Shoujo Eve,movie,1.0
5222,Motto! Ojamajo Doremi: Kaeru Ishi no Himitsu,movie,1.0
5726,Mou Hasamazu ni wa Irarenai♥: Hoshi ni Onegai shitara Konnani Okkiku Nacchatta!,ova,1.0
11308,Mou Hasamazu ni wa Irarenai♥: Hoshi ni Onegai shitara Konnani Okkiku Nacchatta! Special,special,1.0
4312,Mouretsu Pirates: Abyss of Hyperspace,movie,1.0
6272,Mouryou no Hako: Chuuzenji Atsuko no Jikenbo - Hako no Yurei no Koto,special,1.0
18827,Mouseman: Ai no Katamari,movie,1.0
9261,Mousou Kagaku Series: Wandaba Style,tv,12.0
19383,Mousou Kagaku Series: Wandaba Style - Mix Juice no Tsukurikata,ova,1.0
20070,Moyashimon Returns: Kin Gekijou Shutchou-ban,ona,3.0
5995,Moyashimon: Kin Gekijou Deluxe,special,4.0
15953,Mr. Shape: High Touch Taisou,ona,1.0
23015,Mu Qi Ling 2: Sheng Tian Ling Zhong,tv,52.0
23184,Mu Qi Ling 3: Qi Ling Zhi Xin,tv,52.0
23089,Mu Qi Ling: Lu Ying Zhan Ling,tv,30.0
11381,Mu Wang Zhi Wang: Han Tie Dou,ona,21.0
10959,Mu Wang Zhi Wang: Qi Lin Jue,ona,20.0
11679,Mu Wang Zhi Wang: Xuan Guan Si,ona,20.0
17631,Mu Wang Zhi Wang: You Du Zhan,ona,26.0
23353,Mudan Xianzi: Rui Chunhua Kai,movie,1.0
4572,Mudazumo Naki Kaikaku: The Legend of Koizumi,ova,3.0
11815,Mugen Shinshi: Bouken Katsugeki-hen,ova,1.0
1927,Mugen no Juunin: Immortal,ona,24.0
13396,Mugen no Ryvius: Illusion,ona,6.0
16753,Mugen no Ryvius: Light,special,6.0
20418,Mukamuka Paradise: Okaasan to Manabu Koutsuu Anzen,ova,1.0
21365,Mukashibanashi no Oheya: Tsutaetai Nihon Mukashibanashi,tv,
16353,Mulan: Heng Kong Chu Shi,movie,1.0
13027,Munou na Nana Mini Anime: Yaminabe Party,special,1.0
4604,Munto: Toki no Kabe wo Koete,ova,1.0
5578,Musaigen no Phantom World: Limitless Phantom World,special,7.0
3567,Musaigen no Phantom World: Mizutama no Kiseki,special,1.0
12492,Musha Knight Commando: SD Gundam Scramble,movie,2.0
20036,Mushimushi Mura no Nakama-tachi: Minna Ii Toko Arun da yo,ova,1.0
664,Mushishi Zoku Shou: Odoro no Michi,special,1.0
628,Mushishi Zoku Shou: Suzu no Shizuku,movie,1.0
520,Mushishi: Hihamukage,special,1.0
694,Mushoku Tensei II: Isekai Ittara Honki Dasu,tv,12.0
1309,Mushoku Tensei II: Isekai Ittara Honki Dasu - Shugo Jutsushi Fitz,special,1.0
16089,Mushoku Tensei II: Isekai Ittara Honki Dasu Part 2,tv,12.0
56,Mushoku Tensei: Isekai Ittara Honki Dasu,tv,11.0
713,Mushoku Tensei: Isekai Ittara Honki Dasu - Eris no Goblin Toubatsu,special,1.0
45,Mushoku Tensei: Isekai Ittara Honki Dasu Part 2,tv,12.0
11538,Mutant Turtles: Choujin Densetsu-hen,ova,2.0
24649,Mutou Cun: Shenqi Luse Xin,tv,26.0
2458,Mutsu Enmei Ryuu Gaiden: Shura no Toki,tv,26.0
20950,Muumindani no Monogatari: Hoshi to Hana no Serenade,movie,1.0
2541,Muv-Luv Alternative: Total Eclipse,tv,24.0
7457,Muv-Luv Alternative: Total Eclipse Recap - Climax Chokuzen Special,special,1.0
22337,Muzhi Zong Dong Yuan: Yulin Qiyu,tv,10.0
19791,My Graduation: Mirai,music,1.0
5748,My Imouto: Koakuma na A-Cup,ova,2.0
9356,NG Knight Ramune & 40 DX: Wakuwaku Jikuu - Honoo no Daisousasen,ova,3.0
10321,NG Knight Ramune & 40 EX: Biku Biku Triangle Ai no Arashi Daisakusen,ova,3.0
22910,NHK Special Kyouryuu VS Honyuurui: 1-oku 5-senman Toshi no Tatakai,special,2.0
21641,Na Nian Na Tu Naxie Shi Er: Fanwai Pian,ona,5.0
7169,Nagagutsu wo Haita Neko: 80 Nichikan Sekai Isshuu,movie,1.0
9830,Nagasaki 1945: Angelus no Kane,movie,1.0
4778,Nagato Yuki-chan no Shoushitsu: Owarenai Natsuyasumi,ova,1.0
19729,Nakado Riku Animation: Hijouyou Mochidashi Bukuro wo Youi Shiyou,ona,1.0
4927,Nakanohito Genome [Jikkyouchuu]: Knots of Memories,ova,1.0
17403,Naki no Ryuu: Hiryuu no Shou (1991),ova,1.0
12023,Nakoruru: Ano Hito kara no Okurimono,ova,1.0
6466,Nama Lo Re: Furachimono The Animation,ova,1.0
7053,Nama Lo Re: Namakemono The Animation,ova,1.0
3901,Namaiki: Kissuisou e Youkoso! The Animation,ova,1.0
13717,Namakura Gatana: Kunoichi-hen,ona,1.0
6231,Namanaka Hyaku Percent!: Katamusubi no Shinpa,ova,3.0
16676,Nameko: Sekai no Tomodachi,tv,26.0
24877,Namida no Sotsuen Special: Arigatou Baba,ova,1.0
5624,Namiuchigiwa no Muromi-san: Pangea Chou Tairiku no Muromi-san,ova,1.0
9504,Nana Toshi Monogatari: Hokkyokukai Sensen,ova,2.0
16561,Nananin no Ayakashi: Chimi Chimi Mouryou!! Gendai Monogatari,tv,8.0
15668,Nanaraki: Seven Lucky Gods,ona,12.0
1774,Nanatsu no Taizai Movie 1: Tenkuu no Torawarebito,movie,1.0
2656,Nanatsu no Taizai Movie 2: Hikari ni Norowareshi Mono-tachi,movie,1.0
2781,Nanatsu no Taizai: Eiyuu-tachi wa Hashagu,ova,1.0
7225,Nanatsu no Taizai: Ensa no Edinburgh,ona,1.0
16238,Nanatsu no Taizai: Ensa no Edinburgh Part 2,ona,1.0
3285,Nanatsu no Taizai: Funnu no Shinpan,tv,24.0
522,Nanatsu no Taizai: Imashime no Fukkatsu,tv,24.0
2439,Nanatsu no Taizai: Imashime no Fukkatsu Joshou,special,1.0
3556,Nanatsu no Taizai: Kamigami no Gekirin,tv,24.0
16112,Nanatsu no Taizai: Mokushiroku no Yonkishi,tv,
1899,Nanatsu no Taizai: Seisen no Shirushi,tv,4.0
8131,Nanatsu no Taizai: Tsumi no Kokuhaku Dennou Grimoire!,ona,10.0
21068,Nanatsumi Project: Sono Ichi,ona,1.0
3835,Nanbaka: Shusseki Bangou no Tsuita Baka-tachi!,special,1.0
19428,Nangoku Shounen Papuwa-kun: Hoshifuru Yoru ni Aimashou,ova,1.0
17123,Naniwa Kinyuu Den: Minami no Teiou,ova,2.0
18015,Naniwa Yuukyouden: Chou Gokudou! Yoru no Bat wa Manrui-hen,ova,1.0
18179,Naniwa Yuukyouden: Kanketsu-hen,ova,1.0
18188,Naniwa Yuukyouden: Kyouretsu! Ana ga Attara Iretai-hen,ova,1.0
17827,Naniwa Yuukyouden: Nekketsu!! Bakushou Mankai-hen,ova,1.0
14925,Nanocore: NG Scenes - Nano's Daily Life,ona,2.0
14735,Naoko no Tropic Angel: Hyouryuu,ova,1.0
7365,Narutaru: Mukuro Naru Hoshi Tama Taru Ko,tv,13.0
1735,Naruto Movie 1: Dai Katsugeki!! Yuki Hime Shinobu Houjou Dattebayo!,movie,1.0
2461,Naruto Movie 2: Dai Gekitotsu! Maboroshi no Chiteiiseki Dattebayo!,movie,1.0
2412,Naruto Movie 3: Dai Koufun! Mikazuki Jima no Animaru Panic Dattebayo!,movie,1.0
3352,Naruto Narutimate Hero 3: Tsuini Gekitotsu! Jounin vs. Genin!! Musabetsu Dairansen Taikai Kaisai!!,ova,1.0
2206,Naruto SD: Rock Lee no Seishun Full-Power Ninden,tv,51.0
3189,Naruto Soyokazeden Movie: Naruto to Mashin to Mitsu no Onegai Dattebayo!!,movie,1.0
4056,Naruto: Akaki Yotsuba no Clover wo Sagase,special,1.0
3092,Naruto: Dai Katsugeki!! Yuki Hime Shinobu Houjou Dattebayo! - Konoha no Sato no Dai Undoukai,special,1.0
2329,Naruto: Honoo no Chuunin Shiken! Naruto vs. Konohamaru!!,movie,1.0
59,Naruto: Shippuuden,tv,500.0
2567,"Naruto: Shippuuden - Shippuu! ""Konoha Gakuen"" Den",special,1.0
1398,Naruto: Shippuuden - Sunny Side Battle,special,1.0
1260,Naruto: Shippuuden Movie 1,movie,1.0
1328,Naruto: Shippuuden Movie 2 - Kizuna,movie,1.0
1313,Naruto: Shippuuden Movie 3 - Hi no Ishi wo Tsugu Mono,movie,1.0
1025,Naruto: Shippuuden Movie 4 - The Lost Tower,movie,1.0
961,Naruto: Shippuuden Movie 5 - Blood Prison,movie,1.0
584,Naruto: Shippuuden Movie 6 - Road to Ninja,movie,1.0
3303,Naruto: Takigakure no Shitou - Ore ga Eiyuu Dattebayo!,special,1.0
3709,Naruto: The Cross Roads,special,1.0
4793,Nasu: Andalusia no Natsu,movie,1.0
5742,Nasu: Suitcase no Wataridori,ova,1.0
5449,Natsu-iro Kiseki: 15-kaime no Natsuyasumi,ova,1.0
1061,Natsume Yuujinchou Movie: Utsusemi ni Musubu,movie,1.0
4987,Natsume Yuujinchou: Hitoyoshi Kuma de no Yasashii Jikan,ona,1.0
1875,Natsume Yuujinchou: Ishi Okoshi to Ayashiki Raihousha,movie,1.0
848,Natsume Yuujinchou: Itsuka Yuki no Hi ni,ova,1.0
1833,Natsume Yuujinchou: Nyanko-sensei to Hajimete no Otsukai,special,1.0
10953,Natural 2: Duo,ova,4.0
10551,Natural: Another,ova,2.0
16452,Naze Ikiru: Rennyo Shounin to Yoshizaki Enjou,movie,1.0
2369,Nazo no Kanojo X: Nazo no Natsu Matsuri,ova,1.0
4976,Needless+: Saint Lily Gakuen no Himitsu,special,12.0
662,Nejimaki Seirei Senki: Tenkyou no Alderamin,tv,13.0
13886,Nekketsu Jinmen Inu: Life Is Movie,ova,3.0
17418,Neko Neko Nihonshi Movie: Ryouma no Hachamecha Time Travel ze yo!,movie,1.0
12856,Neko Ramen: Ore no Shouyu Aji,ona,13.0
17476,Neko no Dayan: Fushigi Gekijou,tv,30.0
17345,Neko no Dayan: Nihon e Iku,tv,12.0
13525,Neko no Nyagh: Nya Misérables,tv,25.0
7265,Nekogami Yaoyorozu: Ohanami Ghostbusters,ova,1.0
298,Nekomonogatari: Kuro,tv,4.0
5118,Nekomonogatari: Kuro Recap,special,1.0
3479,Nekopara: Koneko no Hi no Yakusoku,ona,1.0
15182,Nemuranu Machi no Cinderella: Hirose Ryouichi - Memorial Date,ona,1.0
13849,Nengajou 2021: Mugen Shougatsu,ona,1.0
4011,Neo Angelique Abyss: Second Age,tv,13.0
14991,Neo Satomi Hakkenden: Satomi-chanchi no Hachi Danshi,ona,1.0
933,Neon Genesis Evangelion: Death & Rebirth,movie,1.0
46,Neon Genesis Evangelion: The End of Evangelion,movie,1.0
19123,Neppuu Kairiku Bushi Road: Kibou e no Michi,special,1.0
7998,Nerawareta Megami Tenshi Angeltia: Mamotta Ningen-tachi ni Uragirarete,ova,4.0
10859,Netorare: Tanabe Yuuka no Dokuhaku,ova,1.0
8623,New Dream Hunter Rem: Setsuriku no Mudenmekyu,ova,1.0
8393,New Dream Hunter Rem: Yume no Kishi-tachi,ova,1.0
5782,New Initial D Movie: Battle Digest,ova,1.0
1637,New Initial D Movie: Legend 1 - Kakusei,movie,1.0
1800,New Initial D Movie: Legend 2 - Tousou,movie,1.0
1860,New Initial D Movie: Legend 3 - Mugen,movie,1.0
7775,Newmanoid Cam: Cam Castin,ova,1.0
9658,Nezumi Monogatari: George to Gerald no Bouken,movie,1.0
10366,Ni Zhuan Ci Yuan: AI Jue Qi,ona,12.0
1630,Nichijou: Nichijou no 0-wa,ova,1.0
4511,Nichijou: Original Jikai Yokoku,special,25.0
1257,NieR:Automata Ver1.1a,tv,12.0
16137,NieR:Automata Ver1.1a Part 2,tv,
4394,Night Walker: Mayonaka no Tantei,tv,12.0
14371,Nightmare x Deathscythe: Hangyaku no Resonance,ova,
11685,Nihon Chinbotsu 2020 Gekijou Henshuuban: Shizumanu Kibou,movie,1.0
16713,Nihon Meisaku Douwa Series: Akai Tori no Kokoro,tv,26.0
15325,Nihon Mukashibanashi: Saru Kani,movie,1.0
17744,Nihon Mukashibanashi: Warashibe Chouja,movie,1.0
6486,Nijiiro Days: Houkago Special,special,1.0
4996,Nijiiro Days: Nijiiro Biyori,ova,1.0
5765,Nijiiro Hotaru: Eien no Natsuyasumi,movie,1.0
15057,Nijuusou: Wana ni Ochita Onna-tachi,ova,1.0
9282,Niku Mesu R30: Nikuyoku ni Ochita Mesu-tachi The Animation,ova,1.0
18260,Nikuiyo! Galbi-kun: Kemuri ga Me ni Shimiru,ona,5.0
4869,Nikuyome: Takayanagi Ke no Hitobito,ova,4.0
11681,Nine 2: Koibito Sengen,special,1.0
11780,Nine: Kanketsu-hen,special,1.0
11475,Nine: Original-ban,movie,1.0
4238,Ningen Shikkaku: Director's Cut-ban,movie,1.0
11501,Ninja Hattori-kun Plus Perman: Chounouryoku Wars,movie,1.0
12527,Ninja Hattori-kun Plus Perman: Ninja Kaijuu Jippou tai Miracle Tamago,movie,1.0
11463,Ninja Hattori-kun: Nin Nin Furusato Daisakusen no Maki,movie,1.0
11479,Ninja Hattori-kun: Nin Nin Ninpo Enikki no Maki,movie,1.0
20123,Ninja Tamamaru: Rule wo Mamotte Koutsuu Anzen! no Maki,ova,1.0
18925,Ninja Tamamaru: Toukaidou Gojuusan-ji,tv,26.0
13627,Ninjutsu Hinotama Kozou: Edo no Maki,movie,1.0
12125,Ninkuu: Knife no Bohyou,special,1.0
16814,Ninpuu Kamui Gaiden: Tsukihigai no Maki,movie,1.0
9255,Nintama Rantarou Movie: Ninjutsu Gakuen Zenin Shutsudou! no Dan,movie,1.0
17265,Nintama Rantarou: Dokutake Onsen no Dan,special,1.0
22743,Nintama Rantarou: Hoshi ni Chikatta Yuujou Monogatari no Dan,movie,1.0
17314,Nintama Rantarou: Ninjutsu Gakuen to Nazo no Onna - Kore wa Jiken da yo! no Dan,special,1.0
17651,Nintama Rantarou: Saraba Ninjutsu Gakuen no Dan,special,2.0
22587,Nintama Rantarou: Tengu no Himitsu to Kieta Taiyou no Dan,movie,1.0
20122,Nippon Mukashibanashi: Sannen Netarou,ova,1.0
23427,Nippon! Nya Nya Nya! Minya de Asobu Nya: Nyanko Dai Sensou 8-shuunen CM,special,1.0
21062,Nippon-rettou Dokkoisho: 47 Todoufuken-mei Utai Komi,music,1.0
938,Nisekoi:,tv,12.0
2514,Nisekoi: OVA,ova,2.0
5273,Nishi no Yoki Majo: Astraea Testament,tv,13.0
6115,Nissan Serena x One Piece 3D: Mugiwara Chase - Sennyuu!! Sauzando Sanii-gou,special,1.0
150,No Game No Life: Zero,movie,1.0
4415,No Game No Life: Zero - Manner Movie,movie,1.0
1469,Noblesse: Awakening,ona,1.0
2468,Noblesse: Pamyeol-ui Sijak,ova,1.0
4718,Nobunaga no Shinobi: Anegawa Ishiyama-hen,tv,26.0
4003,Nobunaga no Shinobi: Ise Kanegasaki-hen,tv,26.0
5942,Nobunaga no Shinobi: Nobunaga to Minarai Shinobi,special,1.0
581,Nodame Cantabile: Finale,tv,11.0
1457,Nodame Cantabile: Finale - Mine to Kiyora no Saikai,special,1.0
2099,Nodame Cantabile: Finale OVA,ova,1.0
2478,Nodame Cantabile: Nodame to Chiaki no Umi Monogatari,special,1.0
593,Nodame Cantabile: Paris-hen,tv,11.0
1534,Noein: Mou Hitori no Kimi e,tv,24.0
2339,Nogizaka Haruka no Himitsu: Finale,ova,4.0
2301,Nogizaka Haruka no Himitsu: Purezza,tv,12.0
538,Nomad: Megalo Box 2,tv,13.0
9087,Nomad: Megalo Box 2 Short Anime,special,1.0
879,Non Non Biyori Movie: Vacation,movie,1.0
2009,Non Non Biyori Nonstop: Bukatsu wo Ganbatta,ova,1.0
1360,Non Non Biyori Repeat: Hotaru ga Tanoshinda,ova,1.0
1330,Non Non Biyori: Okinawa e Ikukoto ni Natta,ova,1.0
22581,Nonsense Monogatari Dai 2-hen: Kaizokusen,movie,1.0
14180,Nonsense Monogatari Dai Ippen: Sarugashima,movie,1.0
15446,Noobow: Kieta Medal,ova,1.0
17798,Noobow: Na Kokoro,ona,52.0
13201,Nora to Oujo to Noraneko Heart: Nora Fuku Ekichou Shuunin-shiki,ona,1.0
13817,Norakuro Nitouhei: Enshuu no Maki,movie,1.0
13610,Norakuro Nitouhei: Kyouren no Maki,movie,1.0
14052,Norakuro Shoui: Nichiyoubi no Kaijiken,movie,1.0
18625,Norasco: Cinema Point Card-hen,movie,10.0
19691,Norimono Atsumare: Hit Song-shuu,ova,6.0
17039,Norimono Man: Mobile Land no Car-kun,tv,104.0
17392,Norman the Snowman: Kita no Kuni no Aurora,movie,1.0
19919,Norman the Snowman: Nagareboshi no Furu Yoru ni,movie,1.0
4381,Norn9: Norn+Nonet,tv,12.0
8338,Norn9: Norn+Nonet - Unmei no Megami,special,1.0
9660,Nosewasure: Onna Kyoushi Chuuzenji Ayano no Inutsu na Kore kara,ova,2.0
14456,Nouryou Anime: Denkyuu Ika Matsuri,movie,1.0
10303,Null Peta: Doki♥ Nurunuru Petapeta! Mizugi-darake no Oneechan Taikai!,special,1.0
7153,Nurarihyon no Mago: Gekitou Dai Futsal Taikai! Nuragumi W Cup!!,special,1.0
636,Nurarihyon no Mago: Sennen Makyou,tv,24.0
5433,Nurarihyon no Mago: Sennen Makyou Recaps,special,2.0
17004,Nyamen: Tenkai Daiichi Joshi Koukou Bunka Matsuri Tokubetsu Eizou,special,1.0
16022,Nyancos: Hello! Our Brilliant Future,ova,1.0
17921,Nyancos: Hello! Our Brilliant Future Digest,special,1.0
19590,Nyani ga Nyandaa Nyandaa Kamen no Yuukai Boushi: Miiko-chan Chanto Check!!,ova,1.0
23428,Nyuugaku Junbi DVD: Ren no Yume to Suteki na Christmas Present,ova,1.0
13754,Nyuuin Bokki Monogatari: Odaijini!,ova,2.0
13697,O-parts: Oman,special,1.0
14557,OTMGirls no Yokiyoki Channel: Birthday Special Story,special,2.0
13424,"Oam Monogatari: Sono Natsu, Watashi ga Shitta koto",ona,1.0
17929,Obake no Q-Tarou: Susume! 1/100 Daisakusen,movie,1.0
17981,Obake no Q-Tarou: Tobidase! Bake Bake Daisakusen,movie,1.0
19427,Obentou Bako no Uta: Anata e no Otegami,music,1.0
5361,Obey Me!: Makai Dai Ryokou!,special,1.0
10214,Ocha-ken: Chokotto Monogatari,tv,26.0
17464,Ocha-ken: Hotto Monogatari,tv,13.0
17633,Ocha-ken: Ryokutto Monogatari,tv,13.0
6441,Ochame na Futago: Claire Gakuin Monogatari,tv,26.0
5662,Ochamegami Monogatari: Korokoro Pollon,tv,46.0
7007,Odd Taxi Movie: In the Woods,movie,1.0
11950,Odin: Koushi Hansen Starlight,movie,1.0
24923,Ohiru no Shocker-san: The Movie,movie,1.0
11480,"Oishinbo: Kyuukyoku tai Shikou, Chouju Ryouri Taiketsu!!",movie,1.0
11500,Oishinbo: Nichibei Kome Sensou,movie,1.0
20093,Ojamajo Doremi Sharp: Hana-chan to Issho!,ova,1.0
17400,Ojamajo Doremi: Honobono Gekijou,ova,5.0
9864,Ojamajo Doremi: Owarai Gekijou,ona,26.0
23944,Ojarumaru Planetarium Special: Ginga ga Maro wo Yondeiru - Futari no Negai Boshi,movie,1.0
18860,Ojarumaru: Chitchai Mono no Ookina Chikara,ova,1.0
17883,Ojarumaru: Mangetsu Road Kiki Ippatsu - Tama ni wa Maro mo Daibouken,special,1.0
22908,Ojarumaru: Mattari Planetarium,movie,1.0
18276,Ojarumaru: Wasureta Mori no Hinata,special,1.0
18705,Ojiichan ga Nokoshite Kureta Mono: Moetemo Moenai? Moenikui!,ova,1.0
7312,Ojisan to Marshmallow: Hige-san to Yume Mashmallow,special,1.0
4277,Ojousama wa H ga Osuki: The Animation,ova,2.0
17923,Okane wa Mawaru: Kurashi to Kinyuu,ova,1.0
5582,Okusama ga Seitokaichou! OVA: Okusama Gekijou,special,7.0
7701,Omishi Mahou Gekijou: Risky★Safety,tv,24.0
13437,Omocha Bako Series Dai 3 Wa: Ehon 1936-nen,movie,1.0
17113,Onagawa Chuu Baske Bu: 5-nin no Natsu,special,1.0
4608,Onaho Kyoushitsu: Joshi Zenin Ninshin Keikaku - The Animation,ova,1.0
872,One Piece 3D2Y: Ace no shi wo Koete! Luffy Nakama Tono Chikai,special,1.0
4482,One Piece 3D: Gekisou! Trap Coaster,movie,1.0
3072,One Piece 3D: Mugiwara Chase,movie,1.0
542,One Piece Film: Gold,movie,1.0
7493,One Piece Film: Gold - Cine Mike Popcorn Kokuchi,special,1.0
3077,One Piece Film: Gold Episode 0 - 711 ver.,special,1.0
730,One Piece Film: Red,movie,1.0
374,One Piece Film: Strong World,movie,1.0
882,One Piece Film: Strong World Episode 0,ova,1.0
325,One Piece Film: Z,movie,1.0
2349,One Piece Movie 02: Nejimaki-jima no Daibouken,movie,1.0
3013,One Piece Movie 03: Chinjuu-jima no Chopper Oukoku,movie,1.0
1248,One Piece Movie 04: Dead End no Bouken,movie,1.0
2373,One Piece Movie 05: Norowareta Seiken,movie,1.0
942,One Piece Movie 06: Omatsuri Danshaku to Himitsu no Shima,movie,1.0
2246,One Piece Movie 07: Karakuri-jou no Mecha Kyohei,movie,1.0
1926,One Piece Movie 08: Episode of Alabasta - Sabaku no Oujo to Kaizoku-tachi,movie,1.0
1704,"One Piece Movie 09: Episode of Chopper Plus - Fuyu ni Saku, Kiseki no Sakura",movie,1.0
416,One Piece Movie 14: Stampede,movie,1.0
2505,One Piece: Adventure of Nebulandia,special,1.0
6938,One Piece: Barto no Himitsu no Heya!,special,2.0
6741,One Piece: Cry Heart,special,3.0
8466,One Piece: Dai Gekisen Tokushuu! Hangeki Doumei vs. Big Mom,special,1.0
8525,One Piece: Dai Gekisen Tokushuu! Mugiwara no Ichimi vs. Tobi Roppou,special,1.0
8123,One Piece: Dai Gekisen Tokushuu! Zoro vs. Ookanban!,special,1.0
7030,One Piece: Dai Tettei Kaibou! Gekitou! 5-nin no Shin Sedai,special,1.0
7573,One Piece: Dai Tettei Kaibou! Kouzuki Oden Densetsu!,special,1.0
6079,One Piece: Densetsu no Log! Akagami no Shanks!,special,1.0
3599,One Piece: Episode of Alabasta - Prologue,special,1.0
1439,One Piece: Episode of East Blue - Luffy to 4-nin no Nakama no Daibouken,special,1.0
1626,One Piece: Episode of Luffy - Hand Island no Bouken,special,1.0
990,One Piece: Episode of Merry - Mou Hitori no Nakama no Monogatari,special,1.0
896,One Piece: Episode of Nami - Koukaishi no Namida to Nakama no Kizuna,special,1.0
1636,One Piece: Episode of Sabo - 3 Kyoudai no Kizuna Kiseki no Saikai to Uketsugareru Ishi,special,1.0
3133,One Piece: Episode of Sorajima,special,1.0
3104,One Piece: Glorious Island,special,2.0
1504,One Piece: Heart of Gold,special,1.0
2840,One Piece: Jango no Dance Carnival,movie,1.0
3981,One Piece: Kinkyuu Kikaku One Piece Kanzen Kouryakuhou,special,1.0
6028,One Piece: Long Ring Long Land-hen,special,1.0
2625,One Piece: Mamore! Saigo no Dai Butai,special,1.0
3345,One Piece: Mezase! Kaizoku Yakyuu Ou,movie,1.0
9825,One Piece: Mugiwara no Ichimi kara no Kansen Yobou Message,special,9.0
2860,One Piece: Nenmatsu Tokubetsu Kikaku! Mugiwara no Luffy Oyabun Torimonochou,special,1.0
2880,One Piece: Oounabara ni Hirake! Dekkai Dekkai Chichi no Yume!,special,1.0
9189,One Piece: Otoshidama Special - Tokubetsu Hou Mugiwara Kaizokudan no Himitsu!,special,1.0
2141,One Piece: Romance Dawn Story,ova,1.0
4159,One Piece: Taose! Kaizoku Ganzack,ova,1.0
11690,One Piece: Uchuu tte Omoshiree! Hoshizora Jima-hen,movie,1.0
2766,One Piece: Umi no Heso no Daibouken-hen,special,1.0
2869,One Piece: Yume no Soccer Ou!,movie,1.0
591,One Punch Man: Road to Hero,ova,1.0
6445,One Room: Second Season,tv,12.0
8454,One Room: Second Season - Hanasaka Yui no Prologue,special,1.0
9186,One Room: Second Season Special,special,1.0
5524,One Room: Third Season,tv,12.0
12103,One: Kagayaku Kisetsu e,ova,4.0
9093,One: Kagayaku Kisetsu e - True Stories,ova,3.0
5317,Oneechan ga Kita: Hajimete no… Kitaa!,special,1.0
5085,Onegai My Melody: Kurukuru Shuffle!,tv,52.0
11452,Onegai My Melody: Yuu & Ai,movie,1.0
18197,Onegai☆Teacher: Experience,ova,1.0
2212,Onegai☆Teacher: Himitsu na Futari,ova,1.0
5382,"Onegai☆Teacher: Marie, Ai no Gekijou",special,1.0
6993,Onegai☆Teacher: Reminiscence Disc,ova,1.0
3372,Onegai☆Twins: Natsu wa Owaranai,ova,1.0
18513,Onegai☆Twins: Relations,ova,1.0
5406,Oni Chichi 2: Harvest,ova,1.0
4838,Oni Chichi 2: Revenge,ova,2.0
3280,Oni Chichi: Re-birth,ova,1.0
2691,Oni Chichi: Re-born,ova,2.0
3323,Oni Chichi: Rebuild,ova,3.0
4500,Oni Chichi: Refresh♥,ova,4.0
5032,Oni Chichi: Vacation,ova,1.0
9698,Oni: Kamigami Yama no Onari,ona,4.0
8936,"Onihei: Sono Otoko, Heizou Hasegawa",ova,1.0
17534,Oniku Daisuki! Zeushi-kun: Suteki na Hamburger,ona,1.0
16911,Onimaru: Senjou ni Kakeru Itsutsu no Seishun,ova,1.0
17223,Only You: Viva! Cabaret Club,tv,15.0
10013,Onmyouji Ayakashi no Megami: Inran Jubaku,ova,2.0
11854,Onmyouji: Youen Emaki,ova,2.0
13361,Onna Kyoushi: Nikutai Jugyou,ova,2.0
11655,Onna Senshi Efe & Jira: Gude no Monshou,movie,1.0
15871,Onna Spy Goumon: Teki no Ajito wa Jotai Goumonsho,ova,1.0
18882,Onnanoko dake ga Wakaru Uta: Only Girls Get It,music,1.0
11536,Onomatopoeia Rap: Natsu Asobi-hen,music,1.0
18518,Ooedo Torimonochou: Nezumi Kozou,ova,1.0
2455,Ookami Shoujo to Kuro Ouji: Gishinanki – Happening Kiss,ova,1.0
17055,Ookami Shounen Ken: Arabia no Kaijin - Ma no Iwa no Kettou,movie,1.0
2876,Ookami to Koushinryou II: Holo no Short Anime,special,2.0
653,Ookami to Koushinryou II: Ookami to Kohakuiro no Yuuutsu,ova,1.0
16139,Ookami to Koushinryou: Merchant Meets the Wise Wolf,tv,
3420,Ookiku Furikabutte: Kihon no Kihon,special,1.0
6222,Ookiku Furikabutte: Natsu no Scorebook,ova,2.0
1304,Ookiku Furikabutte: Natsu no Taikai-hen,tv,13.0
3781,Ookiku Furikabutte: Natsu no Taikai-hen – Mokuhyou,special,1.0
24459,Oow: Zhihui Baodian,tv,100.0
16254,Ooyukiumi no Kaina: Hoshi no Kenja,movie,1.0
5755,Oppai Heart: Kanojo wa Kedamono Hatsujouki!?,ova,2.0
1452,Orange: Mirai,movie,1.0
7193,Ore no Imouto ga Konnani Kawaii Wake ga Nai.: Ore no Imouto ga Konnani Eroge na Wake Nai,special,1.0
6804,Ore no Imouto ga Konnani Kawaii Wake ga Nai.: SD Chara ni Yoru Short Movie,special,13.0
4861,Ore no Imouto ga Konnani Kawaii Wake ga Nai: SD Chara ni Yoru Character Commentary,special,16.0
7151,Ore no Yubi de Midarero.: Heitengo Futarikiri no Salon de...,ona,8.0
4551,Ore wo Suki nano wa Omae dake ka yo: Ore wa Teinei ni Susumeru,special,1.0
1121,Ore wo Suki nano wa Omae dake ka yo: Oretachi no Game Set,ova,1.0
6474,Oretachi ni Tsubasa wa Nai: Hadairo Ritsu Kyuuwari Zou!?,ova,1.0
3967,Oretachi ni Tsubasa wa Nai: Under the Innocent Sky.,tv,12.0
3251,Orient: Awajishima Gekitou-hen,tv,12.0
3308,Osake wa Fuufu ni Natte kara: Yuzu Atsukan,ona,1.0
13656,Osaru no Sankichi: Boukuusen,movie,1.0
13663,Osaru no Sankichi: Totsugeki-tai,movie,1.0
14230,Oshare Majo Love and Berry: Shiawase no Mahou,movie,1.0
10027,Oshiete Mahou no Pendulum: Rilu Rilu Fairilu,tv,26.0
6989,Oshiete Re: Maid,ova,2.0
3373,Oshiete! Galko-chan: Natsuyasumi tte Hontou desu ka?,ova,1.0
8117,Oshioki: Gakuen Reijou Kousei Keikaku,ova,3.0
19189,Oshiri Tantei Movie 1: Curry Naru Jiken,movie,1.0
19295,Oshiri Tantei Movie 2: Tentoumushi Iseki no Nazo,movie,1.0
20133,Oshiri Tantei Movie 3: Sufure-tou no Himitsu,movie,1.0
21411,Oshiri Tantei Movie 4: Shiriarty,movie,1.0
15779,Oshiri Tantei: Mina to Machi no Tuk-tuk Chase,ona,1.0
15272,Oshiri Tantei: Puputto Fumutto Kaiketsu Dance,music,1.0
16633,Osiris no Tenbin: Season 2,ona,11.0
12684,Osomatsu-kun (1988): Appare! Chibita no Onitaiji zansu,special,1.0
12692,Osomatsu-kun: Iyami wa Hitori Kaze no Naka,ova,1.0
12366,Osomatsu-kun: Suika no Hoshi kara Konnichiwa zansu!,movie,1.0
11013,Osomatsu-san Movie: Gekijou Koukai Kinen - Original Tanpen Gekijou,ona,7.0
7647,Osomatsu-san Movie: Zensetsu Gekijou,special,6.0
16431,Osomatsu-san: Hajimaru Hajimari,special,6.0
12541,Osomatsu-san: Haru no Zenkoku Dai Senbatsu Jouei-sai - Sentou Quiz 2,movie,1.0
10850,Osomatsu-san: Hipipo-Zoku to Kagayaku Kajitsu,movie,1.0
4045,Osomatsu-san: Ouma de Kobanashi,special,1.0
16393,Osomatsu-san: Tamashii no Takoyaki Party to Densetsu no Otomarikai,movie,1.0
17174,Otogi Banashi: Bunbuku Chagama,movie,1.0
17757,Otoko wa Tsurai yo: Torajirou Wasurenagusa,special,1.0
8620,Otome Juurin Yuugi: Maiden Infringement Play,ova,2.0
4866,Otome wa Boku ni Koishiteru: Futari no Elder The Animation,ova,3.0
11771,Otome wa Boku ni Koishiteru: Trinkle Stars The Animation,ova,1.0
11055,Otome wa Boku ni Koishiteru: Trinkle Stars The Animation (2022),ova,2.0
20964,"Otoppe Movie: Papa, Don't Cry",movie,1.0
23156,Otoppe no Waki Waki Otopetarium: Seigi ni Oto wo Tsukeyou YO!,movie,1.0
14676,Ougon no Hou: El Cantare no Rekishikan,movie,1.0
2162,Ouritsu Uchuugun: Honneamise no Tsubasa,movie,1.0
10459,Ouritsu Uchuugun: Honneamise no Tsubasa Pilot,special,1.0
2384,Ousama Ranking: Yuuki no Takarabako,tv,10.0
12651,Outsider:Requiem,music,1.0
1551,Overlord Movie 1: Fushisha no Ou,movie,1.0
1516,Overlord Movie 2: Shikkoku no Eiyuu,movie,1.0
16088,Overlord Movie 3: Sei Oukoku-hen,movie,1.0
4644,Overlord Movie: Manner Movie,movie,1.0
4464,Overlord Movie: Ple Ple Pleiades,movie,2.0
7479,Overlord: Oukoku no Kan-tachi - Drama CD-tsuki Tokusou-ban,ona,1.0
2820,Overlord: Ple Ple Pleiades,special,8.0
5164,Overlord: Ple Ple Pleiades - Clementine Toubou-hen,ona,3.0
3225,Overlord: Ple Ple Pleiades - Nazarick Saidai no Kiki,ova,1.0
3767,Overlord: Ple Ple Pleiades 2,ona,13.0
4055,Overlord: Ple Ple Pleiades 3,ona,13.0
5722,Overlord: Ple Ple Pleiades 4,ona,13.0
18448,Owara Nai Chinkonka wo Utaou: Seinen no Uta,ona,1.0
2285,Owaranai Seraph: Nagoya-hen,special,4.0
2404,Owari no Seraph: Kyuuketsuki Shahar,ova,1.0
506,Owari no Seraph: Nagoya Kessen-hen,tv,12.0
2394,Owari no Seraph: The Beginning of the End,special,1.0
20501,Oyako de Manabu: Kaji no Youjin - Jishin no Youjin,ova,1.0
5665,Oyakodon: Oppai Tokumori Bonyuu Tsuyudaku de,ova,1.0
18546,Oyone to Mattsan: Ai no Uta,ova,1.0
8959,Ozanari Dungeon: Kaze no Tou,ova,3.0
10566,PES: Peace Eco Smile,ona,7.0
13816,PES: Peace Eco Smile - Drive your Heart,ona,1.0
15263,PS3® no Tsukai Kata: feat.Peeping Life,ova,6.0
10130,Pa-Pa-Pa the ★ Movie: Perman,movie,1.0
10694,Pa-Pa-Pa the ★ Movie: Perman - Tako de Pon! Ashi wa Pon!,movie,1.0
7424,"Pakomane: Watashi, Kyou kara Meimon Yakyuubu no Seishorigakari ni Narimasu... The Animation",ova,1.0
18641,Palladium: siroPd Motion Collective,music,5.0
24522,Pan Xia Jiangmo Ji: Shouhu Jiayuan,tv,13.0
24653,Pan Xia Jiangmo Ji: Zhengjiu Jiayuan,tv,13.0
9878,Panda-Z: The Robonimation,tv,30.0
5528,Pandra The Animation: Shiroki Yokubou Kuro no Kibou,ova,2.0
3330,Paniponi Dash!: Danjite Okonaeba Kishin mo Kore wo Saku,special,1.0
18537,"Panpaka Pants Matsuri Movie: Purin Ara, Domo",movie,1.0
17689,Panpaka Pants Movie: Bananan Oukoku no Hihou,movie,1.0
13855,Pants no Ana: Mambo de Ganbo!,ova,1.0
22200,Pao Fu Xiaojie: Gan Ai Ji,ona,13.0
21832,Pao Fu Xiaojie: Hua Yang Ji,ona,28.0
21639,Pao Fu Xiaojie: Wennuan Guilai,ona,12.0
5186,Papa Love: Papa to Icha Ero Shitai Musume-tachi to Hitotsu Yane no Shita de,ova,2.0
2724,Papa no Iukoto wo Kikinasai!: Pokkapoka,special,1.0
19221,Paper Cranes Story: Kenta to Maiko,ova,1.0
7574,Peace Maker Kurogane Movie 1: Omou Michi,movie,1.0
9141,Peace Maker Kurogane Movie 2: Yuumei,movie,1.0
17325,Peeping Life Movie: We Are The Hero,ova,9.0
11193,Peeping Life TV: Season 1??,tv,12.0
17119,Peeping Life x I-O Data: Quiz!! Input Output,ona,8.0
17078,Peeping Life x Kaijuu Sakaba Kaiji: Kaijuu-tachi ga Iru Tokoro,ova,10.0
15372,Peeping Life: Gekijou Original-ban,movie,5.0
15050,Peeping Life: Shinkon-chan Kansai ni Irasshai,ona,1.0
16956,Peeping Life: TV Asahi Josei Announcer Collab,special,1.0
16902,Peeping Life: Tezuka Pro - Tatsunoko Pro Wonderland,ova,10.0
17049,Peeping Life: Tezuka Pro - Tatsunoko Pro Wonderland ONA,ona,4.0
17205,Peeping Life: Tezuka Pro - Tatsunoko Pro Wonderland Specials,special,2.0
14139,Peeping Life: The Perfect Emotion,ova,10.0
15042,Peeping Life: The Perfect Emotion Special,special,1.0
14014,Peeping Life: The Perfect Evolution,ova,10.0
15003,Peeping Life: The Perfect Evolution Specials,special,3.0
15133,Peeping Life: The Perfect Explosion,ova,10.0
17092,Peeping Life: The Perfect Explosion Specials,special,2.0
13973,Peeping Life: The Perfect Extension,ova,10.0
17292,Peeping Life: The Perfect Extension Specials,special,2.0
12928,Peeping Life: World History,ona,40.0
14993,Peeping Life: YouTuber-kun,ona,4.0
16869,Peleliu: Rakuen no Guernica,,
6002,Penguin's Memory: Shiawase Monogatari,movie,1.0
14144,Pepsi Nex x 009 Re:Cyborg,movie,3.0
12869,Perman: Birdman ga Yatte Kita!!,movie,1.0
15919,Persia no Komoriuta: Watashi no Hana,music,1.0
8457,Persona 2: Another Self,special,1.0
1191,Persona 3 the Movie 1: Spring of Birth,movie,1.0
1229,Persona 3 the Movie 2: Midsummer Knight's Dream,movie,1.0
1382,Persona 3 the Movie 3: Falling Down,movie,1.0
1022,Persona 3 the Movie 4: Winter of Rebirth,movie,1.0
8119,Persona 4 the Animation: A Brief Lesson on Izanagi & Izanami,special,1.0
10105,Persona 4 the Animation: Mr. Experiment Shorts,special,5.0
1868,Persona 4 the Animation: No One is Alone,special,1.0
3792,Persona 4 the Animation: The Factor of Hope,movie,1.0
6203,Persona 4 the Golden Animation: Thank you Mr. Accomplice,special,1.0
2874,Persona 5 the Animation: The Day Breakers,special,1.0
4656,Persona: Trinity Soul,tv,26.0
7011,Peter Grill to Kenja no Jikan: Super Extra,tv,12.0
8755,Petit Eva: Evangelion@School,ona,24.0
5830,Phantasy Star Online 2: Episode Oracle,tv,25.0
11741,Phantasy Star Online 2: Episode Oracle - Xiao's Report,special,1.0
8096,Phantom of the Kill: Zero kara no Hangyaku,movie,1.0
508,Phantom: Requiem for the Phantom,tv,26.0
7340,Phantom: Requiem for the Phantom Picture Drama,special,9.0
18809,Phantomi: Mini Anime,ona,18.0
2265,Phi Brain: Kami no Puzzle,tv,25.0
2497,Phi Brain: Kami no Puzzle - Orpheus Order-hen,tv,25.0
2906,Phi Brain: Kami no Puzzle - Shukuteki! Rätsel-hen,tv,25.0
10386,Pia Carrot e Youkoso!!: Sayaka no Koi Monogatari,movie,1.0
7989,Piace: Watashi no Italian,tv,12.0
24573,Piao Chong Bei Bei: Shenmi Gongchang,tv,52.0
24119,Piao Chong Bei Bei: Wu Long Mofa,tv,52.0
24428,Piao Chong Bei Bei: Zhengjiu Gu Shu Zhen,tv,52.0
24799,Piaoyi Dao: Tiankong Lixian Ji,tv,52.0
8829,Pig: Oka no Ue no Dam Keeper,ona,10.0
13476,Pikkoman no Kichikumichi: Mayonaka no Milk Party,ova,1.0
23086,Pili Yongshi: Yuanqi Yongzhe,tv,52.0
16654,Pink Lady Monogatari: Eikou no Tenshi-tachi,tv,33.0
17894,Pink Lady Monogatari: Eikou no Tenshi-tachi Recaps,special,2.0
21806,Pinkfong Cinema Concert 2: Wonderstar Concert Daejagjeon,movie,1.0
22674,Pinkfong Cinema Concert: Ujudaetamheom,movie,1.0
15721,Pinky Monkey x FaFa Collaboration Animation: At Afternoon of Sunny Day,ona,1.0
24081,Pipi Zhu: Chengyu Lieche,tv,20.0
23938,Pipi Zhu: Conglin Da Maoxian,tv,20.0
24082,Pipi Zhu: Conglin Riji,tv,20.0
24084,Pipi Zhu: Conglin Shenghuo,tv,20.0
24083,Pipi Zhu: Dizhen Qiusheng Ji,ona,20.0
12456,Planet:Valkyrie,ona,1.0
1372,Planetarian: Chiisana Hoshi no Yume,ona,5.0
1724,Planetarian: Hoshi no Hito,movie,1.0
4437,Planetarian: Snow Globe,ova,1.0
21367,Planetarium Chibi Maruko-chan: Minamijuujisei ni Miserarete,movie,1.0
21735,Planetarium Chibi Maruko-chan: Soredemo Chikyuu wa Mawatteiru,movie,1.0
21070,Planetarium Hakushon Daimaou 2020: Uchuu Ryokou ni Shuppatsu! No Hanashi,movie,1.0
23240,Planetarium Hanakappa: Hanasake! Pakkaan Uchuu Ryokou,movie,1.0
18576,Planetarium Kamiusagi Rope: Orera Rocket Tobasu tte Maji ssuka!?,movie,1.0
22907,Planetarium Ojarumaru: Inseki Kozu ga Futte Kita!,movie,1.0
9719,Planetarium Pokemon: Aurora kara no Message,movie,1.0
15074,Platonic Chain: Ansatsu Jikkouchuu,special,1.0
13269,Platonic Chain: Web,special,1.0
12788,Play the Lupin: Clips x Parts Collection,music,4.0
18478,Pochitto Hatsumei: Pikachin-Kit,ona,1.0
4689,Pokemon (2019): Harukanaru Aoi Sora,special,1.0
5977,Pokemon (2019): Kami to Yobareshi Arceus,ona,4.0
12542,Pokemon (2019): Natsuyasumi Chokuzen 1-jikan Special,special,1.0
5307,Pokemon 3D Adventure 2: Pikachu no Kaitei Daibouken,movie,1.0
4769,Pokemon 3D Adventure: Mew wo Sagase!,movie,1.0
11834,Pokemon Advanced Generation Planetarium: Tenkuu Kara no Chousen,movie,1.0
18104,Pokemon Anime Chou Hyakka: Pokemon Kingin Zukan Super Select,ova,1.0
5581,Pokemon Best Wishes! Season 2: Decolora Adventure,tv,20.0
6092,Pokemon Best Wishes! Season 2: Decolora Adventure - Dent to Takeshi! Gyarados no Gekirin!!,special,1.0
6676,Pokemon Best Wishes! Season 2: Decolora Adventure - Iris vs. Ibuki! Dragon Master e no Michi!!,special,1.0
4081,Pokemon Best Wishes! Season 2: Episode N,tv,14.0
2762,Pokemon Black and White 2: Introduction Movie,ona,1.0
4090,Pokemon Crystal: Raikou Ikazuchi no Densetsu,special,1.0
8605,Pokemon Diamond & Pearl: Clip Show,special,1.0
8540,Pokemon Fushigi no Dungeon: Magnagate to Mugendai Meikyuu,ona,2.0
5829,Pokemon Fushigi no Dungeon: Shutsudou Pokemon Kyuujotai Ganbaruzu!,special,1.0
5654,Pokemon Fushigi no Dungeon: Sora no Tankentai - Toki to Yami wo Meguru Saigo no Bouken,special,1.0
5938,"Pokemon Fushigi no Dungeon: Toki no Tankentai, Yami no Tankentai",special,1.0
3191,Pokemon Legends Arceus: Yuki Hodo Kishi Futaai,ona,3.0
9161,Pokemon Masters: Trainers Great Gathering Special Animation,ona,1.0
643,Pokemon Movie 01: Mewtwo no Gyakushuu,movie,1.0
1268,Pokemon Movie 02: Maboroshi no Pokemon Lugia Bakutan,movie,1.0
2029,Pokemon Movie 03: Kesshoutou no Teiou Entei,movie,1.0
2536,Pokemon Movie 04: Celebi Toki wo Koeta Deai,movie,1.0
2034,Pokemon Movie 05: Mizu no Miyako no Mamorigami Latias to Latios,movie,1.0
3266,Pokemon Movie 06: Nanayo no Negaiboshi Jirachi,movie,1.0
2549,Pokemon Movie 07: Rekkuu no Houmonsha Deoxys,movie,1.0
1582,Pokemon Movie 08: Mew to Hadou no Yuusha Lucario,movie,1.0
3223,Pokemon Movie 09: Pokemon Ranger to Umi no Ouji Manaphy,movie,1.0
1640,Pokemon Movie 10: Dialga vs. Palkia vs. Darkrai,movie,1.0
2888,Pokemon Movie 11: Giratina to Sora no Hanataba Sheimi,movie,1.0
2570,Pokemon Movie 12: Arceus Choukoku no Jikuu e,movie,1.0
3087,Pokemon Movie 13: Genei no Hasha Zoroark,movie,1.0
4262,Pokemon Movie 14 Black: Victini to Shiroki Eiyuu Reshiram,movie,1.0
4046,Pokemon Movie 14 White: Victini to Kuroki Eiyuu Zekrom,movie,1.0
4776,Pokemon Movie 15: Kyurem vs. Seikenshi,movie,1.0
5284,Pokemon Movie 16: Shinsoku no Genosect - Mewtwo Kakusei,movie,1.0
4750,Pokemon Movie 17: Hakai no Mayu to Diancie,movie,1.0
4261,Pokemon Movie 18: Ring no Choumajin Hoopa,movie,1.0
4452,Pokemon Movie 19: Volcanion to Karakuri no Magearna,movie,1.0
2539,Pokemon Movie 20: Kimi ni Kimeta!,movie,1.0
2769,Pokemon Movie 21: Minna no Monogatari,movie,1.0
6590,Pokemon Movie 22: Mewtwo no Gyakushuu Evolution,movie,1.0
2987,Pokemon Movie 23: Koko,movie,1.0
5261,Pokemon Omega Ruby & Alpha Sapphire: Mega Special Animation,ona,1.0
6942,Pokemon Ranger: Hikari no Kiseki,special,2.0
6793,Pokemon XY SP: Road to Kalos,special,1.0
7240,Pokemon XY&Z: Subete no Nazo wo Tokiakase!,special,1.0
8822,Pokemon XY: Hoopa no Odemashi Daisakusen!!,special,6.0
7750,Pokemon XY: Koukoku no Princess Diancie,special,1.0
2253,Pokemon XY: Mega Evolution,special,4.0
8016,Pokemon XY: New Year Special,special,1.0
8365,Pokemon XY: New Year's Eve 2014 Super Mega Special,special,1.0
6380,Pokemon XY: Odemashi Ko Majin Hoopa,ova,1.0
6127,Pokemon XY: Sora no Hahen,movie,1.0
11949,"Pokemon no Heisei-shi: Kayou Kara Mokuyou, Soshite Nichiyou e",special,1.0
11132,Pokemon: Aki no Special,special,1.0
5955,Pokemon: Bokutachi Pichu Brothers - Party wa Oosawagi! no Maki,special,1.0
6737,Pokemon: Meloetta no Kirakira Recital,movie,1.0
5921,Pokemon: Mewtwo - Kakusei e no Prologue,special,1.0
2542,Pokemon: Mewtwo! Ware wa Koko ni Ari,special,1.0
2546,Pokemon: Mezase Pokemon Master,tv,11.0
6291,Pokemon: Odoru Pokemon Himitsu Kichi,movie,1.0
3989,Pokemon: Pichu to Pikachu,movie,1.0
7805,Pokemon: Pikachu Koori no Daibouken,special,1.0
7925,Pokemon: Pikachu Tanken Club,special,1.0
5050,Pokemon: Pikachu Tankentai,movie,1.0
5813,Pokemon: Pikachu no Dokidoki Kakurenbo,movie,1.0
7898,Pokemon: Pikachu no Fushigi na Fushigi na Daibouken,special,1.0
5814,Pokemon: Pikachu no Fuyuyasumi,ova,2.0
6687,Pokemon: Pikachu no Fuyuyasumi (2000),ova,2.0
6791,Pokemon: Pikachu no Fuyuyasumi (2001),ova,3.0
7886,Pokemon: Pikachu no Kirakira Daisousaku!,special,1.0
7753,Pokemon: Pikachu no Natsumatsuri,special,1.0
3741,Pokemon: Pikachu no Natsuyasumi,movie,1.0
7843,Pokemon: Pikachu no Obake Carnival,special,1.0
8546,Pokemon: Pikachu no Summer Bridge Story,special,1.0
6739,Pokemon: Pikachu no Wanpaku Island,special,1.0
5376,Pokemon: Pikachu to Eievui Friends,movie,1.0
8311,Pokemon: Pikachu to Pokemon Ongakutai,movie,1.0
7762,"Pokemon: Pikachu, Kore Nan no Kagi?",movie,1.0
5533,Pokemon: Pikapika Hoshizora Camp,movie,1.0
5119,Pokemon: Senritsu no Mirage Pokemon,ona,1.0
598,Pokemon: The Origin,special,4.0
8530,Pokemon: Utae Meloetta - Rinka no Mi wo Sagase!,ova,1.0
7259,Pokemon: Yadoking no Ichinichi,special,1.0
14339,Ponkotsu Quest x Digimon Story: Cyber Sleuth - Hacker's Memory,ona,1.0
16696,Ponkotsu Quest: Maou to Haken no Mamono-tachi,ona,
17563,Ponkotsu Quest: Maou to Haken no Mamono-tachi Specials,special,
11176,Popee the Performer: Countdown Special,special,1.0
17736,Poppoya-san: Nonki Ekichou,movie,1.0
17930,Poppoya-san: Nonki Kikanshi,movie,1.0
22393,Pororo Movie: Bomulseom Daemoheom,movie,1.0
22392,Pororo Movie: Gonglyongseom Daemoheom,movie,1.0
22579,Pororo Movie: Keompyuteo Wang-gug Daemoheom,movie,1.0
22087,Pororo Movie: Nun-yojeong Ma-eul Daemoheom,movie,1.0
22570,Pow Pow Bing: Pow Pow Xiang Qian Chong,ona,64.0
19310,Power Battle Watch Car: Minicar Battle League - Bulkkoch-ui Jilju,movie,1.0
19237,Power Battle Watch Car: Watch Gamyeon-ui Yeogseub,movie,1.0
17726,Powerful Pro Yakyuu: Powerful Koukou-hen,ona,4.0
7095,Precure All Stars DX the Dance Live♥: Miracle Dance Stage e Youkoso,ova,1.0
4743,Precure All Stars Movie DX2: Kibou no Hikari☆Rainbow Jewel wo Mamore!,movie,1.0
3969,Precure All Stars Movie DX3: Mirai ni Todoke! Sekai wo Tsunagu☆Nijiiro no Hana,movie,1.0
4440,Precure All Stars Movie DX: Minna Tomodachi☆Kiseki no Zenin Daishuugou!,movie,1.0
5295,Precure All Stars Movie New Stage 2: Kokoro no Tomodachi,movie,1.0
4981,Precure All Stars Movie New Stage 3: Eien no Tomodachi,movie,1.0
4944,Precure All Stars Movie New Stage: Mirai no Tomodachi,movie,1.0
7818,Precure All Stars Movie: Haru no Carnival♪,movie,1.0
8651,Precure All Stars Movie: Haru no Carnival♪ - Ima Koko kara,music,1.0
6129,Precure All Stars Movie: Minna de Utau♪ - Kiseki no Mahou,movie,1.0
6247,Precure Miracle Leap Movie: Minna to no Fushigi na Ichinichi,movie,1.0
9266,Pretty Rhythm Movie: All Star Selection - Prism Show☆Best Ten,movie,1.0
8516,Pretty Rhythm: All Star Selection,tv,11.0
2814,Pretty Rhythm: Aurora Dream,tv,51.0
7064,Pretty Rhythm: Aurora Dream - Prism Shougekijou,special,51.0
5838,Pretty Rhythm: Dear My Future,tv,51.0
3038,Pretty Rhythm: Rainbow Live,tv,51.0
9392,PriPara & Kiratto Pri☆chan Movie: Kirakira Memorial Live,movie,1.0
7567,PriPara Movie: Mi~nna Atsumare! Prism☆Tours,movie,1.0
7202,PriPara Movie: Mi~nna de Kagayake! Kirarin☆Star Live!,movie,1.0
6454,PriPara Movie: Mi~nna no Akogare♪ Let's Go☆Prix Paris,movie,1.0
2632,Prince of Stride: Alternative,tv,12.0
14008,Princess Army: Wedding★Combat,ova,2.0
2094,Princess Connect! Re:Dive,tv,13.0
1067,Princess Connect! Re:Dive Season 2,tv,12.0
12665,Princess Holiday: Korogaru Ringo Tei Senya Ichiya,ova,2.0
9184,Princess Lover!: Magical Knight Maria-chan,special,6.0
4247,Princess Nine: Kisaragi Joshikou Yakyuubu,tv,26.0
7821,Princess Principal: Ange Report,ona,1.0
2615,Princess Principal: Crown Handler Movie 1,movie,1.0
6955,Princess Principal: Crown Handler Movie 1 - Busy Easy Money,special,1.0
2896,Princess Principal: Crown Handler Movie 2,movie,1.0
8547,Princess Principal: Crown Handler Movie 2 - Revealing Reviews,special,1.0
4839,Princess Principal: Crown Handler Movie 3,movie,1.0
13118,Princess Road: Bara to Dokuro no Monshou,ova,1.0
12017,Prism Magical: Prism Generations!,ova,1.0
1315,Prison School: Mad Wax,ova,1.0
18031,Pro Golfer Saru: Kouga Hikyou! Kage no Ninpou Golfer Sanjou!,movie,1.0
18168,Pro Golfer Saru: Super Golf World e no Chousen!!,movie,1.0
6896,Project A-Ko 2: Daitokuji Zaibatsu no Inbou,ova,1.0
7518,Project A-Ko 3: Cinderella Rhapsody,ova,1.0
7407,Project A-Ko 4: Final,ova,1.0
5661,Project ARMS: The 2nd Chapter,tv,26.0
7900,Project Scard: Praeter no Kizu,tv,13.0
14806,Project Tokyo Dolls: Episode 0,ona,3.0
3864,Promare: Galo-hen,ona,1.0
3497,Promare: Lio-hen,ona,1.0
10302,Psycho Diver: Mashou Bosatsu,ova,1.0
1128,Psycho-Pass 3: First Inspector,ona,3.0
5019,Psycho-Pass Movie: Providence,movie,1.0
2408,Psycho-Pass: Sinners of the System Case.1 - Tsumi to Batsu,movie,1.0
1589,Psycho-Pass: Sinners of the System Case.2 - First Guardian,movie,1.0
1213,Psycho-Pass: Sinners of the System Case.3 - Onshuu no Kanata ni＿＿,movie,1.0
4445,Puchimas!!: Petit Petit iDOLM@STER,ona,74.0
8407,Puchimas!!: Petit Petit iDOLM@STER - Fuyu→Kotatsu←Haru,ova,1.0
4001,Puchimas!: Petit iDOLM@STER,ona,64.0
12561,Puchimas!: Petit iDOLM@STER (OVA),ova,2.0
7732,Puchimas!: Petit iDOLM@STER - Takatsuki Gold Densetsu Special!! Haruka-san Matsuri,special,6.0
7423,Puchimas!: Petit iDOLM@STER Episode 0,ova,1.0
9503,Puchitto Gargantia: Marumaru no Gargantia,special,1.0
5337,Pui Pui Molcar: Driving School,tv,12.0
15806,Pure Aluminum: Sunoko-tan.,ova,1.0
11768,PuriGorota: Uchuu no Yuujou Daibouken,ova,1.0
10759,Puso Ni Comi: Okawari,ona,26.0
16530,"Pyuu to Fuku! Jaguar: Ima, Fuki ni Yukimasu",movie,1.0
17193,Pyuu to Fuku! Jaguar: Return of Yaku Ichinenburi,ova,3.0
23708,Q Ban Sanguo: San Xiaoqiang,tv,52.0
13671,Q Transformers: Kaette Kita Convoy no Nazo,tv,13.0
14509,Q Transformers: Saranaru Ninki Mono e no Michi,tv,13.0
24333,Qi Qu Gong Fang: Buyi Shougong Baodian,tv,42.0
24331,Qi Qu Gong Fang: Jianzhi Baodian,tv,42.0
24334,Qi Qu Gong Fang: Keji Shougong Baodian,tv,42.0
24335,Qi Qu Gong Fang: Mofa Qiqiu Baodian,tv,42.0
24332,Qi Qu Gong Fang: Shougong Baodian,tv,42.0
24489,Qi Qu Gong Fang: Zhezhi Baodian,tv,42.0
21450,Qian Ting Zong Dong Yuan 3: Caihong Baozang,movie,1.0
21603,Qian Ting Zong Dong Yuan 4: Zhangyu Giyu Ji,movie,1.0
21983,Qian Ting Zong Dong Yuan 5: Shi Guang Bao He,movie,1.0
22041,Qian Ting Zong Dong Yuan: Haidi Liang Wanli,movie,1.0
20422,Qian Ting Zong Dong Yuan: Wai Xing Baobei Jihua,movie,1.0
22950,Qianfang Gaoneng: Huaji,ona,8.0
23528,Qianfang Gaoneng: La Ji,ona,16.0
23203,Qianfang Gaoneng: Shen Fan Gou,ona,20.0
18250,Qiang Shen Ji: Shenhai Xianluo Pian,ona,
12443,Qiang Shen Ji: Tegong Shijie Pian,ona,12.0
12088,Qiang Shen Ji: Xuezu Mishi Pian,ona,12.0
24648,Qiaopi Da Zui Mao: Chengshi Youxia,tv,50.0
24520,Qiaopi Da Zui Mao: Chong Fan Chengshi,tv,50.0
24859,Qiaopi Da Zui Mao: Meng Chong Tianxia,tv,50.0
24519,Qiaopi Da Zui Mao: Youchang Jiaqi,tv,50.0
22968,Qihuan Lucheng: Mao Mao Shu Laile,tv,13.0
21837,Qimiao Wangguo: Mofa Qi Yuan,movie,1.0
16411,Qin Shi Ming Yue: Canghai Hengliu,ona,23.0
21384,Qin Shi Ming Yue: Chunjie Tebie Pian,ona,1.0
14920,Qin Shi Ming Yue: Guoqing Tebie Pian,ona,1.0
9140,Qin Shi Ming Yue: Junlin Tianxia,ona,75.0
16979,Qin Shi Ming Yue: Yi Zhe Ru Shi,ona,1.0
11689,Qin Shi Mingyue 3D: Dianying Longteng Wanli,movie,1.0
13020,Qin Shi Mingyue Tebie Pian: Di Zi Jiang Xi,ona,1.0
9786,Qin Shi Mingyue: Bai Bu Fei Jian,tv,10.0
10598,Qin Shi Mingyue: Kong Shan Niao Yu,ona,3.0
12824,Qin Shi Mingyue: Luosheng Tangxia,ona,1.0
8231,Qin Shi Mingyue: Tian Xing Jiu Ge,ona,60.0
10374,Qin Shi Mingyue: Tian Xing Jiu Ge 2nd Season,ona,30.0
7995,Qin Shi Mingyue: Wanli Changcheng,tv,37.0
19579,Qin Shi Mingyue: Xiao Chuangjianghu,tv,52.0
20822,Qin Shi Mingyue: Xiao Chuangjianghu 2nd Season,tv,52.0
9294,Qin Shi Mingyue: Ye Jin Tianming,tv,18.0
8337,Qin Shi Mingyue: Zhu Zi Bai Jia,tv,34.0
18181,Qing Chi Hong Xiaodou Ba! Wai Zhuan: Mo Xiang Wang,ona,3.0
23621,Qing Ping Chuanshuo: Dao Tu,ona,1.0
18867,Qingwa Wangguo: Bingdong Da Maoxian,movie,1.0
24011,Qingwa Wangzi: Wa Wa Tanxian Dui,tv,52.0
17674,Quanzhi Fashi: Q Ban Xiao Juchang,ona,12.0
18012,Quanzhi Fashi: Q Ban Xiao Juchang 2nd Season,ona,12.0
1290,Quanzhi Gaoshou: Dianfeng Rongyao,movie,1.0
8196,Queen's Blade: Grimoire,ova,2.0
4720,Queen's Blade: Gyokuza wo Tsugu Mono,tv,12.0
7601,Queen's Blade: Gyokuza wo Tsugu Mono Specials,special,6.0
6232,Queen's Blade: Rebellion,tv,12.0
8240,Queen's Blade: Rebellion Specials,special,6.0
5885,Queen's Blade: Rurou no Senshi,tv,12.0
7838,Queen's Blade: Rurou no Senshi Specials,special,6.0
10194,Queen's Blade: Unlimited,ova,2.0
5575,Queen's Blade: Utsukushiki Toushi-tachi,ova,6.0
7882,Quiz Magic Academy: The Original Animation,ova,1.0
8924,Quiz Magic Academy: The Original Animation 2,ova,1.0
5003,R-15: R15 Shounen Hyouryuuki,ova,1.0
1392,R.O.D: Read or Die,ova,3.0
1662,R.O.D: The TV,tv,26.0
12049,R20: Ginga Kuukou,special,1.0
4031,RDG: Red Data Girl,tv,12.0
19021,RE:Map,movie,1.0
13209,REACH x Thermae Romae: Pietrada no Kekkon,special,1.0
8077,RErideD: Tokigoe no Derrida,tv,12.0
10834,RS Keikaku: Rebirth Storage,special,1.0
5139,RWBY: Hyousetsu Teikoku,tv,12.0
7534,RabbiTube: Creator ni Challenge!,ona,16.0
23616,Rabby CC: Carol de Xinling Shijie,ona,25.0
7664,RahXephon: Kansoukyoku/Kanojo to Kanojo Jishin to - Thatness and Thereness,ova,1.0
4198,RahXephon: Tagen Hensoukyoku,movie,1.0
12166,Raikou Shinki Aigis Magia: Pandra Saga 3rd Ignition - The Animation,ova,2.0
18899,Rain: Memory of Cloud. 1,movie,1.0
13357,"Rainbow Finder: Tokimeki wa, Sugu Soba ni.",ona,3.0
12612,Rainbow Signal: Hi-Fi Set,music,1.0
253,Rainbow: Nisha Rokubou no Shichinin,tv,26.0
16325,Rakudai Majo: Fuuka to Yami no Majo,movie,1.0
9730,Rakuen Shinshoku: Island of the Dead,ova,2.0
19394,Rakuen Tsuihou: Faith Conquest,music,1.0
2376,Ramayana: The Legend of Prince Rama,movie,1.0
5445,Ran->Sem: Hakudaku Delmo Tsuma no Miira Tori,ova,2.0
1952,Rance 01: Hikari wo Motomete The Animation,ova,4.0
8052,Rance 01: Hikari wo Motomete The Animation - Leazas no Yami,special,1.0
7584,Rance: Sabaku no Guardian,ova,2.0
12750,Rankou Choukyou: Maid ni Natta Shoujo,ova,1.0
7700,Ranma ½: 1994 Music Calendar,ova,1.0
2962,Ranma ½: Akumu! Shunmin Kou,ova,1.0
5851,Ranma ½: Battle ga Ippai 29-nin no Korinai Yatsura,ova,1.0
3020,Ranma ½: Chou Musabetsu Kessen! Ranma Team vs. Densetsu no Houou,movie,1.0
3024,Ranma ½: Chuugoku Nekonron Daikessen! Okite Yaburi no Gekitou-hen!!,movie,1.0
6995,Ranma ½: DoCo Music Video,ova,1.0
2594,Ranma ½: Kessen Tougenkyou! Hanayome wo Torimodose!,movie,1.0
5084,Ranma ½: Nettou Uta Gassen,ova,2.0
6562,Ranma ½: Tendou-ke no Oyobidenai Yatsura!,special,1.0
6313,Ranma ½: Totteoki Talk - Best of Memories,ova,1.0
2456,Ranma ½: Yomigaeru Kioku,ova,2.0
3930,Ranpo Kitan: Game of Laplace,tv,11.0
24192,Ranshao de Shucai: Jiayuan Baowei Zhan,tv,52.0
23911,Ranshao de Shucai: Shenqi Dalu,tv,26.0
3464,Re: Cutey Honey,ova,3.0
726,Re:Creators,tv,22.0
12385,Re:Hello World,music,1.0
10668,Re:I Am,music,1.0
4109,Re:Petit kara Hajimeru Isekai Seikatsu,special,14.0
20411,Re:Searchlight,music,1.0
5817,Re:Stage! Dream Days♪,tv,12.0
3845,Re:Zero kara Hajimeru Break Time,special,11.0
2816,Re:Zero kara Hajimeru Break Time 2nd Season,special,25.0
68,Re:Zero kara Hajimeru Isekai Seikatsu,tv,25.0
798,Re:Zero kara Hajimeru Isekai Seikatsu - Hyouketsu no Kizuna,movie,1.0
2143,Re:Zero kara Hajimeru Isekai Seikatsu - Hyouketsu no Kizuna - Manner Movie,movie,1.0
766,Re:Zero kara Hajimeru Isekai Seikatsu - Memory Snow,movie,1.0
1929,Re:Zero kara Hajimeru Isekai Seikatsu - Memory Snow - Manner Movie,movie,1.0
8521,Re:Zero kara Hajimeru Isekai Seikatsu - Memory Snow Announcement,ona,1.0
74,Re:Zero kara Hajimeru Isekai Seikatsu 2nd Season,tv,13.0
71,Re:Zero kara Hajimeru Isekai Seikatsu 2nd Season Part 2,tv,12.0
16061,Re:Zero kara Hajimeru Isekai Seikatsu 3rd Season,tv,
6545,Re:cycle of the Penguindrum,movie,2.0
1430,Re:␣Hamatora,tv,12.0
250,ReLIFE: Kanketsu-hen,special,4.0
4205,ReLIFE: Kanketsu-hen Specials,special,2.0
13122,Rebirth: Virtual to no Souguu,special,1.0
20555,Rebirth: Yuu vs. Great-O-Khan,ona,2.0
3192,Rec: Yurusarezarumono,special,1.0
11721,Red Ash: Gearworld,movie,1.0
7273,Red Garden: Dead Girls,ova,1.0
7708,Regalia: The Three Sacred Stars,tv,13.0
16643,Regalia: The Three Sacred Stars Recaps,special,2.0
12861,Reijou Caster: Ingyaku no Wana,ova,1.0
3677,Reikenzan: Eichi e no Shikaku,tv,12.0
2731,Reikenzan: Hoshikuzu-tachi no Utage,tv,12.0
5357,Rekka no Honoo: Final Burning,special,1.0
13594,Renzu: Futari no Kyori,ova,1.0
12744,Restol: Teugsu Gujo Dae,tv,26.0
23269,Rexue Lei Feng Xia: Jiqing Yingjiu,movie,1.0
24767,Rexue Sanguo: Guandu Zhi Zhan,tv,64.0
22885,Rexue Sanguo: Luanshi Tianxia,tv,82.0
22884,Rexue Sanguo: San Gu Maolu,tv,38.0
22575,Rexue Sanguo: Sanguo Dingli,tv,140.0
15136,Rhythm: Koi no Rhythm,ova,2.0
11169,Rifle Is Beautiful: Zengoku Daikai Is Mokuzen,special,1.0
12329,"Right Places: Sono Toki, Boku no Irubeki Basho",ona,1.0
12223,Riki-Oh 2: Horobi no Ko,ova,1.0
9414,Riki-Oh: Toukatsu Jigoku,ova,1.0
8840,Rilu Rilu Fairilu: Mahou no Kagami,tv,51.0
7686,Rilu Rilu Fairilu: Yousei no Door,tv,59.0
4818,Rin x Sen + Ran -> Sem: Cross Mix,ova,2.0
6515,Rin x Sen: Hakudaku Onna Kyoushi to Yaroudomo,ova,2.0
9034,Ring ni Kakero 1: Kage Dou-hen,tv,6.0
8227,Ring ni Kakero 1: Nichibei Kessen-hen,tv,12.0
9545,Ring ni Kakero 1: Sekai Taikai-hen,tv,6.0
6401,Rinkan Biyaku Chuudoku: Nigeba Nashi! 1428-nin no Seito Zenin ni Sex Sareru Reijou Sayaka,ova,2.0
11871,"Rinkan Gakuen: Yamete! ...Okaasan, Minaide!",ova,1.0
5627,Rinne no Lagrange: Kamogawa Days,ova,1.0
9237,Rinne no Lagrange: Kamogawa Memoria,special,1.0
7474,Rio: Rainbow Gate!,tv,13.0
9238,Rio: Rainbow Gate! Special,special,1.0
4142,Ro-Kyu-Bu!: Tomoka no Ichigo Sundae,ova,1.0
19407,Robinson Crusoe: Mujintou no Bouken,special,1.0
15907,Robo to Shoujo (Kari): Oshirase Gekijou (Kari),ona,5.0
13153,Robot Girls Z: Fukkatsu no Chika Teikoku!? Robot Girls Z vs. Nazo no Sandai Shuyaku Robo!,special,1.0
17178,Robot Taekwon V: Wooju Jakjeon,movie,1.0
5210,Rockman.EXE Movie: Hikari to Yami no Program,movie,1.0
23097,Roco Wangguo 2: Sheng Long De Xinyuan,movie,1.0
23263,Roco Wangguo 3: Sheng Long De Shouhu,movie,1.0
23348,Roco Wangguo 4: Chufa! Juren Gu,movie,1.0
24109,Roco Wangguo Da Maoxian 2: En Zuo Riji,tv,52.0
24248,Roco Wangguo Da Maoxian: Ya Ya Yue Da Xian Shenwei,tv,10.0
22711,Roco Wangguo: Sheng Long Qishi,movie,1.0
12914,Rokumon Tengai Mon Colle Knights Movie: Densetsu no Fire Dragon,movie,1.0
12212,Rokushin Gattai GodMars: Juunana-sai no Densetsu,ova,1.0
10069,Rolling☆Girls: Chibi☆Rolling☆Girls Korokoro Gekijou,special,12.0
18649,Romeo: Music Video Making,ova,1.0
12379,Roots Search: Shokushin Buttai X,ova,1.0
16597,Rouge: Lady's Comic Video,ova,2.0
5798,Rozen Maiden: Meitantei Kunkun - Duell Walzer,special,1.0
1269,Rozen Maiden: Ouvertüre,special,2.0
1098,Rozen Maiden: Träumend,tv,12.0
22935,Rubi Yoyo Jiaoyu Xilie: Kuaile Chengzhang,tv,52.0
23980,Rubi Yoyo Kepu Xilie: Anquan Jiaoyu,tv,52.0
24444,Rubi Yoyo Kepu Xilie: Dongwu Ziran,tv,52.0
24263,Rubi Yoyo: Dayang Huan Youji,tv,52.0
24130,Rubi Yoyo: Lele Laile,tv,52.0
20705,Ruguo Lishi Shi Yiqun Miao: Miao Miao Mi Ya,music,5.0
21353,Run=Dim: Naeseoseu-ui Banran,movie,1.0
8573,Rune's Pharmacy: Tiarajima no Okusuriya-san,ona,4.0
17282,Running Boy: Star Soldier no Himitsu,movie,1.0
22391,Running Man: Pullulluui Yeogseub,movie,1.0
208,Rurouni Kenshin: Meiji Kenkaku Romantan,tv,94.0
2016,Rurouni Kenshin: Meiji Kenkaku Romantan (2023),tv,24.0
1664,Rurouni Kenshin: Meiji Kenkaku Romantan - Ishinshishi e no Chinkonka,movie,1.0
868,Rurouni Kenshin: Meiji Kenkaku Romantan - Seisou-hen,ova,2.0
3316,Rurouni Kenshin: Meiji Kenkaku Romantan - Shin Kyoto-hen,ova,2.0
260,Rurouni Kenshin: Meiji Kenkaku Romantan - Tsuioku-hen,ova,4.0
6825,Rurouni Kenshin: Review Special,special,1.0
4268,Rurouni Kenshin: Special Techniques,special,1.0
18210,Rusuden Hour: Sodan Brothers,tv,25.0
23208,Ruyi Ku Bao: Bao Li Long,tv,52.0
23464,Ruyi Ku Bao: Ben Ben Zhu,tv,52.0
23280,Ruyi Ku Bao: Dong Dou Hu,tv,52.0
23365,Ruyi Ku Bao: Fei Li Niu,tv,52.0
23547,Ruyi Ku Bao: Guai Li Shu,tv,52.0
23207,Ruyi Ku Bao: Mile Hou,tv,52.0
22952,Ruyi Ku Bao: Qicai She,tv,52.0
23366,Ruyi Ku Bao: Qiyi Gou,tv,52.0
23209,Ruyi Ku Bao: Sha Qi Ma,tv,52.0
23367,Ruyi Ku Bao: Shanzhai Ji,tv,52.0
23463,Ruyi Ku Bao: Xi Ou Tu,tv,52.0
23281,Ruyi Ku Bao: Xiao Shen Yang,tv,52.0
24124,Ruyi Tu: Hong Jing Shi,tv,52.0
24436,Ruyi Tu: Hong Jing Shi Xuji,tv,52.0
23832,Ruyi Tu: Kaixin Nongchang,tv,312.0
20052,Ryoku Tama Shinshi: 10 Short Stories,special,10.0
5856,Ryou Seibai!: Gakuen Bishoujo Seisai Hiroku,ova,2.0
11449,Ryoujoku no Machi: Kyouen no Ceremony,ova,1.0
10812,Ryouma! The Prince of Tennis Shinsei Movie: Tennis no Oujisama,movie,1.0
7031,Ryuugajou Nanana no Maizoukin: Nanana Nippon Mukashibanashi,special,6.0
13723,Ryuukyuu Timeline 2: Tedako no Machi Tanbou,ona,1.0
13337,Ryuukyuu Timeline: Mirai Shoujo to Inishie no Ou,ona,1.0
5461,Ryza no Atelier: Tokoyami no Joou to Himitsu no Kakurega,tv,12.0
14755,R²: Rise R to the Second Power,music,1.0
11434,SAI: Part 1 / Revolving... to the Core,music,1.0
12029,SD Gundam World: Sangoku Souketsuden,ona,10.0
1887,SKET Dance: Imouto no Nayami ni Nayamu Ani ni Nayamu Imouto to Sono Nakama-tachi,ova,1.0
8446,SKET Dance: SD Character Flash Anime,ona,16.0
6290,SKET Dance: Tettei Bunseki Special,special,1.0
4258,SK∞: Crazy Rock Jam,special,1.0
12051,Sabiiro no Armor: Reimei,tv,12.0
6964,Sacred Seven: Shirogane no Tsubasa,movie,1.0
10127,Sacred Seven: Shirogane no Tsubasa Picture Drama,special,2.0
1460,Saenai Heroine no Sodatekata ♭: Koi to Junjou no Service-kai,special,1.0
2283,Saenai Heroine no Sodatekata: Ai to Seishun no Service-kai,special,1.0
3543,Saezuru Tori wa Habatakanai: Don't Stay Gold,ova,1.0
2449,Saezuru Tori wa Habatakanai: The Clouds Gather,movie,1.0
16200,Saezuru Tori wa Habatakanai: The Storm Breaks,movie,1.0
20681,Sai Er Hao Movie 2: Leiyi Yu Mai Er Si,movie,1.0
20660,Sai Er Hao Movie 3: Zhanshen Lianmeng,movie,1.0
20741,Sai Er Hao Movie 4: Sheng Mo Zhi Zhan,movie,1.0
20793,Sai Er Hao Movie 5: Leishen Jue Qi,movie,1.0
20931,Sai Er Hao Movie 6: Sheng Zhe Wudi,movie,1.0
20905,Sai Er Hao Movie 7: Fengkuang Jiqi Cheng,movie,1.0
21168,Sai Er Hao Season 10: Bing Feng Yaosai,tv,30.0
19975,Sai Er Hao Season 11: Liekong Canghai,tv,30.0
20296,Sai Er Hao Season 2: Sheng Zhe Ni Xi,tv,40.0
20880,Sai Er Hao Season 3: Guangming De Jiushu,tv,30.0
20421,Sai Er Hao Season 4: Zhanshen Fengyun Jue,tv,30.0
20504,Sai Er Hao Season 5: Lie Tian Kun Shou,tv,30.0
20486,Sai Er Hao Season 6: Cangqiong Liehuo,tv,30.0
20599,Sai Er Hao Season 7: Yuzhou Zhi Yan,tv,30.0
20577,Sai Er Hao Season 8: Huanmeng Zhan Ji,tv,30.0
20680,Sai Er Hao Season 9: Pili Jiuchong Tian,tv,30.0
20634,Sai Er Hao: Xunzhao Fenghuang Shenshou,movie,1.0
19493,Saigo no Kuushuu: Kumagaya,ova,1.0
17925,Saigo no Mori: Hajimari no Hito,movie,1.0
9100,Saihate no Paladin: Michiyuki,special,1.0
16082,Saihate no Paladin: Tetsusabi no Yama no Ou,tv,
387,Saiki Kusuo no Ψ-nan: Kanketsu-hen,special,1.0
408,Saiki Kusuo no Ψ-nan: Ψ-shidou-hen,ona,6.0
8714,Saikyou Bushouden: Sangoku Engi,tv,52.0
10986,Saikyou Donbei x Hanma Baki: Saikyou no Dongitsune Genrutsutsu,special,1.0
9389,Saikyou Ginga Ultimate Zero: Battle Spirits,tv,49.0
8985,Saint Beast: Ikusen no Hiru to Yoru-hen,ova,2.0
7926,Saint Beast: Kouin Jojishi Tenshi Tan,tv,13.0
8758,Saint Beast: Seijuu Kourin-hen,tv,6.0
14786,Saint Elmo: Hikari no Raihousha,special,1.0
11301,Saint Seiya: Gold Saints Data File,special,3.0
4375,Saint Seiya: Jashin Eris,movie,1.0
4269,Saint Seiya: Kamigami no Atsuki Tatakai,movie,1.0
6250,Saint Seiya: Legend of Sanctuary,movie,1.0
1678,Saint Seiya: Meiou Hades Elysion-hen,ova,6.0
995,Saint Seiya: Meiou Hades Juuni Kyuu-hen,ova,13.0
2958,Saint Seiya: Meiou Hades Juuni Kyuu-hen - Yomigaerishi Gold Saint-tachi no Shinwa,special,2.0
1303,Saint Seiya: Meiou Hades Meikai-hen,ova,12.0
9048,Saint Seiya: Saintia Shou,ona,10.0
4658,Saint Seiya: Saishuu Seisen no Senshi-tachi,movie,1.0
3350,Saint Seiya: Shinku no Shounen Densetsu,movie,1.0
3247,Saint Seiya: Soul of Gold,ona,13.0
2964,Saint Seiya: Tenkai-hen Josou - Overture,movie,1.0
748,Saint Seiya: The Lost Canvas - Meiou Shinwa,ova,13.0
839,Saint Seiya: The Lost Canvas - Meiou Shinwa 2,ova,13.0
3851,Saishuu Heiki Kanojo: Another Love Song,ova,2.0
19048,"Saitama-ken Zaijuu, Fujiyama Osamu, 33-sai, Mushoku (NEET).: Fujilog Nyuumon-hen",ona,25.0
18805,"Saitama-ken Zaijuu, Fujiyama Osamu, 33-sai, Mushoku (NEET).: Fujilog Nyuumon-hen Specials",special,4.0
6137,Saiyuuki Gaiden: Kouga no Shou,ova,1.0
2884,Saiyuuki Reload: Burial,ova,3.0
6631,Saiyuuki Reload: Zeroin,tv,13.0
13015,Saiyuuki: Son Gokuu Monogatari,movie,1.0
2735,Sakasama no Patema: Beginning of the Day,special,4.0
2555,Saki Achiga-hen: Episode of Side-A,tv,12.0
8232,Saki Achiga-hen: Episode of Side-A - Kuro no Tanjoubi,special,1.0
2711,Saki Achiga-hen: Episode of Side-A Specials,special,4.0
11599,Sakura Kakumei: Hanasaku Otome-tachi,ona,1.0
11382,Sakura Momoko Gekijou: Coji-Coji,tv,100.0
7897,Sakura Taisen: Ecole de Paris,ova,3.0
6030,Sakura Taisen: Gouka Kenran,ova,6.0
11735,Sakura Taisen: Kanadegumi,music,1.0
7048,Sakura Taisen: Katsudou Shashin,movie,1.0
8439,Sakura Taisen: Le Nouveau Paris,ova,3.0
8999,Sakura Taisen: New York,ova,6.0
6516,Sakura Taisen: Ouka Kenran,ova,4.0
8537,Sakura Taisen: Sumire,ova,1.0
14872,Sakura no Chikai: Marronni☆Yell - Higashi no Hichou Shimotsuke-shi wo Yell!,special,1.0
15924,Samchongsa: Time Machine 001,movie,1.0
9372,Samurai Noodles: The Originator,ona,1.0
9661,Samurai Spirits 2: Asura Zanmaden,ova,2.0
11077,Samurai Spirits: Haten Gouma no Shou,special,1.0
15062,Samuraider: Nazo no Tenkousei,ova,1.0
22656,San Zhi Songshu: Songshu Xiao Zhen,tv,52.0
22657,San Zhi Songshu: Songshu Xiao Zhen 2,tv,26.0
22514,San Zhi Songshu: Zhongguo Xing,tv,26.0
23818,San Zhi Xiao Zhu: Mofa Da Maoxian,tv,26.0
8463,Sango Shou Densetsu: Aoi Umi no Elfie,special,1.0
11088,Sangokushi II: Amakakeru Otoko-tachi,special,1.0
10038,Sangokushi: Dai Ichi Bu - Eiyuu-tachi no Yoake,movie,1.0
10112,Sangokushi: Dai Ni Bu - Choukou Moyu!,movie,1.0
10472,Sangokushi: Dai San Bu - Harukanaru Taichi,movie,1.0
21232,Sanguo Yanyi 2nd Season: Zhulu Zhongyuan,ona,20.0
2093,Sankarea: Wagahai mo... Zombie de Aru...,special,1.0
22285,Sanko Seika: Breakthrough,special,3.0
14066,Sankou to Tako: Hyakumanryou Chinsoudou,movie,1.0
24001,Sanqi Xiao Fuxing: Bao Lu Xiansheng,tv,26.0
23743,Sanqi Xiao Fuxing: Bian Fei Wei Bao Lu,tv,26.0
24003,Sanqi Xiao Fuxing: Caihong Yuezhang,tv,26.0
24141,Sanqi Xiao Fuxing: Duo Bao Qibing,tv,26.0
24002,Sanqi Xiao Fuxing: Haixia Xiongdi,tv,26.0
23868,Sanqi Xiao Fuxing: Jun Jun Daluan Dou,tv,26.0
23865,Sanqi Xiao Fuxing: Rong Cheng Yiji,tv,26.0
24000,Sanqi Xiao Fuxing: Sanqi Zhen Yi Shi,tv,26.0
23866,Sanqi Xiao Fuxing: Shenqi de Bai Guo Teng,tv,26.0
23999,Sanqi Xiao Fuxing: Xiao Fuxing Ai Kexue,tv,26.0
24142,Sanqi Xiao Fuxing: Xuyuan Ji,tv,26.0
23867,Sanqi Xiao Fuxing: Xuyuan Shanzhuang,tv,26.0
23742,Sanqi Xiao Fuxing: Zhi Dou Sanshiliu Ji,tv,27.0
7559,Sansha Mendan: Rensa Suru Chijoku Choukyou no Gakuen,ova,4.0
13224,Santa Company: Christmas no Himitsu,movie,1.0
11845,Santa Company: Manatsu no Merry Christmas,movie,1.0
6006,Saraba Uchuu Senkan Yamato: Ai no Senshi-tachi,movie,1.0
17885,Saru Getchu Movie: Ougon no Pipo Helmet - Ukki Battle,movie,1.0
11495,Saru Getchu: On Air,tv,26.0
13157,Saru Getchu: On Air 2nd,tv,51.0
18432,Saru Kani Gassen: Ijimekkozaru to Shoujiki Kani-san,ova,1.0
19356,Saru Tarou Jishin ni wa Makenai zo!: Jishin e no Sonae Dai Sakusen,ova,1.0
3079,Sarusuberi: Miss Hokusai,movie,1.0
5462,Sasaki to Miyano Movie: Sotsugyou-hen,movie,1.0
2183,Sasaki to Miyano: Koi ni Kizuku Mae no Chotto Shita Hanashi.,ova,1.0
17162,Sasami 14: Mahou Shoujo Pretty Sammy,ova,
6612,Sasami: Mahou Shoujo Club,tv,13.0
6891,Sasami: Mahou Shoujo Club 2,tv,13.0
15151,Sawatte! Gudetama: 3-dome no Shoujiki,special,6.0
4203,Sayonara Ginga Tetsudou 999: Andromeda Shuuchakueki,movie,1.0
24234,Sayonara Koinu no Marvin: Nyuugaku Chokuzen Special,ova,1.0
4641,Sayonara Watashi no Cramer Movie: First Touch,movie,1.0
3120,Sayonara Zetsubou Sensei Jo: Zetsubou Shoujo Senshuu,special,1.0
3958,Sayonara Zetsubou Sensei Jo: Zoku Zetsubou Shoujo Senshuu,special,1.0
18784,"Sayonara, Midori ga ike: Tobe! Tako Glider!!",ova,1.0
13340,Sazae-san: Dawn to Ikka de Hawaii Ryokou,special,1.0
18418,Sazae-san: Valentine-hen,special,1.0
7935,School Days: Magical Heart Kokoro-chan,ova,1.0
7046,School Days: Valentine Days,ova,1.0
1299,School Rumble: Ichi Gakki Hoshuu,ova,2.0
8683,Schoolgirl Strikers: Animation Channel,tv,13.0
19635,Science Anime: Choudendou Monogatari,special,1.0
10324,Scramble Wars: Tsuppashire! Genom Trophy Rally,ova,1.0
7418,Scratch x One Piece Film: Gold,special,1.0
16971,Secret of Moldiver: Himitsu Daihyakka,ova,1.0
14024,Seihou Tenshi Angel Links: Meifon no Special Kaisetsu Corner,special,1.0
6113,"Seija Musou: Salaryman, Isekai de Ikinokoru Tame ni Ayumu Michi",tv,12.0
11969,Seijuuden: Twin Dolls,ova,2.0
4619,Seikai no Danshou: Tanjou,special,1.0
10511,Seikaisuru Kado: Beyond Information,ona,1.0
8795,Seikaisuru Kado: Ekwari,special,1.0
4892,Seikaisuru Kado: Ninovo,ona,1.0
9488,Seiken Densetsu: Legend of Mana - The Teardrop Crystal,tv,12.0
12682,Seikima II Humane Society: Jinrui Ai ni Michita Shakai,ova,1.0
17628,Seikimatsu Densetsu: Wonderful Tatsunoko Land,special,1.0
5897,Seikon no Qwaser: Jotei no Shouzou,ova,1.0
9016,Seikou!: Osananajimi wa Terekusasou ni Uso wo Tsuku,ova,1.0
9900,Seikoujo: Haitoku no Biden Dorei,ova,2.0
5762,Seimei no Kagaku: Micro Patrol,ova,26.0
7468,Seisen Cerberus: Ryuukoku no Fatalités,tv,13.0
17959,Seisho Gensou Fu: Adam to Eve,movie,1.0
15485,Seishun Fuufu Monogatari: Koiko no Mainichi,ova,2.0
15483,Seishun Midnight Runners: Shiosai,music,1.0
2954,Seitokai no Ichizon Lv.2: Watasu Seitokai,ova,1.0
3422,Seiyou Kottou Yougashiten: Antique,tv,12.0
10034,Sekai Meisaku Douwa: Aladdin to Mahou no Lamp,movie,1.0
6163,Sekai Meisaku Douwa: Hakuchou no Mizuumi,movie,1.0
8169,Sekai Meisaku Douwa: Hakuchou no Ouji,movie,1.0
7434,Sekai Meisaku Douwa: Mori wa Ikiteiru,movie,1.0
11249,Sekai Meisaku Douwa: Oyayubi Hime,movie,1.0
10086,Sekai Meisaku Douwa: Wow! Maerchen Oukoku,tv,26.0
2479,Sekai Seifuku: Bouryaku no Zvezda,tv,12.0
4809,Sekai Seifuku: Bouryaku no Zvezda - Shin Zvezda Daisakusen,special,1.0
18690,Sekai no Hikari: Shinran Shounin,ova,6.0
17512,Sekai no Ouja: King Kong Taikai,special,1.0
1176,Sekaiichi Hatsukoi Movie: Yokozawa Takafumi no Baai,movie,1.0
2791,Sekaiichi Hatsukoi: Propose-hen,movie,1.0
1629,Sekaiichi Hatsukoi: Valentine-hen,movie,1.0
18097,Sekigahara Gassen: Kiro ni Tatta Tarui no Bushou-tachi,ona,1.0
2839,Sekirei: Hajimete no Otsukai,special,1.0
1380,Sekirei: Pure Engagement,tv,13.0
2558,Sekirei: Pure Engagement Episode 0,special,1.0
8814,Selector Infected WIXOSS: Midoriko-san to Piruruku-tan,special,3.0
21188,Sen no Tobira: Thousand Doors,music,1.0
8660,Sengoku Basara Movie: 4-Koma Gekijou - Another Last Party,special,5.0
2120,Sengoku Basara Movie: The Last Party,movie,1.0
4611,"Sengoku Basara Ni: Ryuko, Itadaki no Chikai! Atsuki Mirai e Kakeru Tamashii!!",special,1.0
4173,Sengoku Basara: Judge End,tv,12.0
3903,Sengoku Basara: Setonai no Gekitotsu! Hi wo Fuku Umi no Daiyousai - Fugaku!!,special,1.0
9307,Sengoku Choujuu Giga: Kou,tv,13.0
10044,Sengoku Choujuu Giga: Otsu,tv,13.0
7665,Sengoku Majin Goushougun: Toki no Etranger,movie,1.0
6855,Sengoku Musou SP: Sanada no Shou,special,1.0
11410,Sengoku Musou: Sengoku Musou High School,special,8.0
10743,Sengoku Night Blood: Ongaku Dai Tokushuu,special,1.0
4784,Sengoku Otome: Momoiro Paradox,tv,13.0
3463,Senjou no Valkyria 3: Tagatame no Juusou,ova,2.0
5162,Senjou no Valkyria: SenVal Theater,special,9.0
16465,Senjuushi: Gendaijuu no Heya,special,17.0
14719,Senjuushi: Kijuushi-tachi no Happy Birthday!,ova,1.0
6064,Senki Zesshou Symphogear AXZ: Senki Zesshou Shinai Symphogear,special,4.0
5117,Senki Zesshou Symphogear G: Senki Zesshou Shinai Symphogear,special,2.0
5489,Senki Zesshou Symphogear GX: Senki Zesshou Shinai Symphogear,special,4.0
6699,Senki Zesshou Symphogear XV: Senki Zesshou Shinai Symphogear,special,4.0
9418,Senkou no Night Raid: Aruku Hako,special,1.0
8205,Senkou no Night Raid: Yogen,special,1.0
24488,Senlin Hao Huoban: Kuaile Shenghuo,tv,58.0
5872,Senran Kagura Estival Versus: Mizugi-darake no Zenyasai,ova,1.0
6286,Senran Kagura Shinovi Master: Tokyo Youma-hen,tv,12.0
6306,Sensei no Ojikan: Dokidoki School Hours,tv,13.0
8158,Sensei no Ojikan: Dokidoki School Hours OVA,ova,7.0
20033,Sensou: Kodomo-tachi no Yuigon,movie,1.0
16655,Sentai Hero Sukiyaki Force: Gunma no Heiwa wo Negau Season,tv,24.0
17607,"Sentai Hero Sukiyaki Force: Gunma no Heiwa wo Negau Season e, Mata?",tv,24.0
19901,Sentou Yousei Yukikaze: Experimental Movie,special,1.0
10709,Senyoku no Sigrdrifa: Dai-909 Senjutsu Hime-tai Sentou Kiroku!,special,1.0
11724,Septem Charm Magical Kanan: SP Summer Camp,ova,2.0
3439,Servamp Movie: Alice in the Garden,movie,1.0
7248,Seton Doubutsuki: Kuma no Ko Jacky,tv,26.0
8293,Seton Doubutsuki: Risu no Banner,tv,26.0
5596,Seven Knights Revolution: Eiyuu no Keishousha,tv,12.0
6540,Sex Friend Osananajimi: Shojo to Doutei wa Hazukashii tte Minna ga Iu kara - The Animation,ova,1.0
16361,Sex: Prologue,ova,1.0
3385,Sexy Commando Gaiden: Sugoi yo!! Masaru-san,tv,48.0
9030,Sexy Commando Gaiden: Sugoi yo!! Masaru-san Specials,special,2.0
5988,Shabura Rental: Ecchi na Oneesan to no Eroero Rental Obenkyou The Animation,ova,1.0
15335,Shachiku: Kuruma no Naka de Kattemasu,ova,1.0
4398,Shadow Skill: Eigi,tv,26.0
11017,Shadow Skill: Kurudaryuu Kousatsuhou no Himitsu,ova,1.0
10339,Shadowverse Flame: Seven Shadows-hen,tv,
20590,Shake it up 'n' go: Shakitto! Corn no Uta,music,1.0
4168,Shakugan no Shana-tan III (Final): Final Destruction,special,2.0
6071,Shakugan no Shana: Friagne & Marianne no Naze Nani Shana! Nandemo Shitsumonbako!,special,8.0
7603,Shakugan no Shana: Friagne & Marianne no Naze Nani Shana! Nandemo Shitsumonbako! 2,special,8.0
9223,Shakugan no Shana: Friagne & Marianne no Naze Nani Shana! Nandemo Shitsumonbako! Specials,special,3.0
2948,Shakugan no Shana: Koi to Onsen no Kougai Gakushuu!,ova,1.0
8241,Shakugan no Shana: Shana & Yuuji no Naze Nani Shana! Nandemo Shitsumonbako!,special,1.0
13154,Shaman King (2021): Funbari Onsen Hanjouki,ona,10.0
16163,Shaman King: Flowers,tv,
16145,"Shangri-La Frontier: Kusoge Hunter, Kamige ni Idoman to su",tv,
20428,Shanhai Jing: Zaijian Gaoshou,movie,1.0
23808,Shankou Shan Zhan Ji: Cao Qun Wawa,ona,11.0
23598,Shankou Shan Zhan Ji: Taiyang Jing,ona,10.0
24454,Shanmao He Jimi: Jianianhua,tv,108.0
24453,Shanmao He Jimi: Kuaile Pian,tv,108.0
24455,Shanmao He Jimi: Mohuan Pintu,tv,52.0
24729,Shanmao He Jimi: Pintu Mima,tv,52.0
24835,Shanmao He Jimi: Quanjia Le,tv,108.0
24836,Shanmao He Jimi: Yijia Qin,tv,108.0
24044,Shanmao Jimi: Kuaile Pian,tv,108.0
17310,Shanshan de Hongxing: Hongxing Xiao Yongshi,movie,1.0
8108,Shaonian Ge Xing: Feng Hua Xue Yue Pian Part 1,ona,16.0
8821,Shaonian Ge Xing: Feng Hua Xue Yue Pian Part 2,ona,16.0
10658,Shaonian Ge Xing: Feng Hua Xue Yue Pian Special,ona,1.0
22126,Shaonian Shiye: Da Yu Baozang,movie,1.0
21898,Shaonian Shiye: Duanan Chuanqi,tv,26.0
22015,Shaonian Shiye: Gongji Da Yu,tv,26.0
22016,Shaonian Shiye: Ji Yu Shengdian,tv,26.0
21705,Shaonian Shiye: Jishan Yang Ming,tv,26.0
21637,Shaonian Shiye: Ren Shanxing Tianxia,tv,26.0
21830,Shaonian Shiye: Shenmi Dadao,tv,26.0
21482,Shaonian Shiye: Xiayi Huanle Xing,tv,26.0
21536,Shaonian Shiye: Xinyi Xiao Xiake,tv,26.0
21577,Shaonian Shiye: Yongzhe Chuang Jiangnan,tv,26.0
21636,Shaonian Shiye: Zhihui Kuaile Xia,tv,26.0
21704,Shaonian Shiye: Zhihui Si Lu,tv,26.0
21703,Shaonian Shiye: Zhili Wanshitong,tv,26.0
23014,Shaonian Shiye: Zhongyi Man Qiankun,tv,26.0
6547,Shaonu Qianxian: Renxing Xiao Juchang,ona,24.0
7743,Shaonu Qianxian: Renxing Xiao Juchang 2,ona,12.0
8590,Shen Lan Qi Yu Wushuang Zhu: Tianmo Pian,ona,15.0
18068,Shen Lan Qi Yu Wushuang Zhu: Tianmo Pian - Ding Dang,ona,15.0
22124,Shen Shou Jin Gang 2: Tianshen De Shou,tv,52.0
22199,Shen Shou Jin Gang 3: Chao Bianxing Jia,tv,46.0
22014,Shen Shou Jin Gang 4: Bang Bao Lixian Ji,tv,45.0
22125,Shen Shou Jin Gang 5: Chao Neng Jing Jia,tv,45.0
21303,Shen Shou Jin Gang: Qinglong Zaixian,movie,1.0
24152,Shenghuo Baike: Jiankang Jingsai,tv,104.0
24157,Shengxiao Chuanqi: Shi Er Shengxiao Chuangjianghu,tv,52.0
24300,Shengxiao Chuanqi: Shi Er Shengxiao Kuaile Jie,tv,208.0
23753,Shengxiao Chuanqi: Shi Er Shengxiao Zongdongyuan,tv,52.0
22948,Shenhai Tegong Dui: Chao Neng Jing Shi,movie,1.0
22784,Shenlong Zhengjiu Dui: Yuanqi Xing Hun,tv,52.0
10880,Shenmue: The Movie,movie,1.0
23340,Shenqi A You: Zui Qiang Liuxing Ren,tv,52.0
22324,Shenqi Xiaozi: Mike Yu Xiao Buji,tv,50.0
24004,Shenqi de Youxi: Zhihui Shaonian Zu,tv,26.0
23100,Shi Er Shengxiao: Chengshi Yingxiong,movie,1.0
22566,Shi Er Shengxiao: Fuxing Gao Zhao Zhu Xiao Ba,movie,1.0
23037,Shi Er Shengxiao: Long Xing Tianxia,tv,40.0
22880,Shi Er Shengxiao: Mashang Jiu Hao,tv,40.0
24311,Shi Er Shengxiao: Tianxia Shu Tu,tv,40.0
24164,Shi Er Shengxiao: Wufu Waizhuan,tv,40.0
24474,Shi Er Shengxiao: Yang Yang Deyi,tv,40.0
24348,Shi Er Xing Hun: Zhanshi Di Juexing,tv,52.0
23473,Shi Wan Ge Weisheme Juchang: Haiyang Ban,tv,365.0
5950,Shi Yi Chang An: Mingyue Jishi You,ona,12.0
5777,Shi Yi Chang An: Mingyue Jishi You Er,ona,13.0
11170,Shi Zhi Ge: Hua Yu Yan De Kuangxiang Shi,ona,13.0
22204,Shibing Shunliu: Bing Wang Zhengfeng,movie,1.0
19836,Shibuzome Ikki: Ashita ni Kakeru Niji,ova,1.0
10722,Shichinin no Nana: Oshougatsu da yo! 7 x 7 = 49-nin no Nana?,special,1.0
991,Shigatsu wa Kimi no Uso: Moments,ova,1.0
2947,Shigofumi: Sore kara,special,1.0
6815,Shigokare: Ecchi na Joshi Daisei to Doki x2 Love Lesson!! The Animation,ova,1.0
10908,Shiguang Daili Ren x Vatti: Nan Qin Na Yi Wan Mifang Da Gongkai!,ona,1.0
1761,Shiguang Dailiren Fan Wai Pian: Biwu Zhaoqin,ona,1.0
9330,Shiguang Dailiren Special: Xiaoyao Sanren de Weituo,ona,1.0
14136,Shiguang Dailiren x Laneige: Cheng Xiaoshi Po Fang Weiji,ona,1.0
11366,Shiguang Dailiren x Wanglaoji: Guanjian Shike Hai de Kan Guang Lu a!,ona,1.0
14476,Shiguang Dailiren x realme: Shenmi Q Xiansheng de Weituo,ona,1.0
9875,Shiiku x Kanojo: Tenshi no Kousoku-hen,ova,4.0
5121,Shika no Ou: Yuna to Yakusoku no Tabi,movie,1.0
2188,Shikabane Hime: Aka,tv,13.0
2172,Shikabane Hime: Kuro,tv,12.0
4515,"Shikabane Hime: Kuro – Soredemo, Hito to Shite",special,1.0
9021,Shikabane Hime: Puchitto,special,1.0
11245,Shikatte Ingo: Misaki Shunin no Buka Kyouiku-hen,ova,1.0
6279,Shimaizuma: Shimaizuma 3 The Animation,ova,2.0
22232,Shimajirou Movie 1: Shimajirou no Daibouken - Konchuu no Kuni no Otomodachi,movie,1.0
22282,Shimajirou Movie 2: Shimajirou to Kaizokusen,movie,1.0
22342,Shimajirou Movie 3: Shimajirou to Fushigi ga Mori no Himitsu,movie,1.0
21189,Shimajirou no Wow! Movie 10: Shimajirou to Kirakira Oukoku no Oujisama,movie,1.0
17486,Shimajirou no Wow! Movie 1: Shimajirou to Fufu no Daibouken: Sukue! Nanairo no Hana,movie,1.0
17460,Shimajirou no Wow! Movie 2: Shimajirou to Kujira no Uta,movie,1.0
17890,Shimajirou no Wow! Movie 3: Shimajirou to Ookinaki,movie,1.0
18020,Shimajirou no Wow! Movie 4: Shimajirou to Ehon no Kuni,movie,1.0
17975,Shimajirou no Wow! Movie 5: Shimajirou to Niji no Oasis,movie,1.0
18176,Shimajirou no Wow! Movie 6: Mahou no Shima no Daibouken,movie,1.0
18671,Shimajirou no Wow! Movie 7: Shimajirou to Ururu no Hero Land,movie,1.0
18271,Shimajirou no Wow! Movie 8: Shimajirou to Soratobu Fune,movie,1.0
22097,Shimajirou no Wow! Movie 9: Shimajirou to Miracle-jima no Nanairo Carnation,movie,1.0
4403,Shin Chou Kyou Ryo: Condor Hero,tv,26.0
5392,Shin Chou Kyou Ryo: Condor Hero II,tv,26.0
6143,Shin Chou Kyou Ryo: Condor Hero III,tv,26.0
14752,Shin Dokonjou Gaeru: Dokonjou Yumemakura,movie,1.0
10633,Shin Dousei Jidai: Hawaiian Breeze,ova,1.0
7945,Shin Hikari Shinwa: Palutena no Kagami,ona,3.0
1390,Shin Kidou Senki Gundam Wing: Endless Waltz,ova,3.0
1166,Shin Kidou Senki Gundam Wing: Endless Waltz Special,movie,1.0
9519,Shin Kidou Senki Gundam Wing: Frozen Teardrop Picture Drama - Aratanaru Tatakai,special,1.0
3690,Shin Kidou Senki Gundam Wing: Operation Meteor,ova,4.0
3747,"Shin Kimagure Orange☆Road: Soshite, Ano Natsu no Hajimari",movie,1.0
6276,"Shin Koihime†Musou: Gunyuu, Minami no Shima de Bakansu wo Suru no Koto - Ato, Porori mo Aru yo!",ova,1.0
7215,Shin Koihime†Musou: Live Revolution,ova,1.0
4117,Shin Koihime†Musou: Otome Tairan,tv,12.0
6704,Shin Koihime†Musou: Otome Tairan - Gakuensai da yo! Zenin Shuugou no Koto,ova,1.0
10554,Shin Koihime†Musou: Otome Tairan OVA Omake,special,1.0
10305,Shin Kyouhaku 2 The Animation: Kizu ni Saku Hana Senketsu no Kurenai,ova,2.0
7458,Shin Maple Town Monogatari: Palm Town-hen,tv,50.0
11632,Shin Maple Town Monogatari: Palm Town-hen - Konnichiwa! Atarashii Machi,movie,1.0
7200,Shin Megami Tensei Devil Children: Light & Dark,tv,52.0
10449,Shin Megami Tensei: Tokyo Mokushiroku,ova,2.0
11642,Shin Onimusha: Dawn of Dreams the Story,ova,1.0
14471,Shin Reyon Densetsu: Mou Hitori no Flair,ova,1.0
14178,Shin Reyon Densetsu: Shikkoku no Majin,ova,1.0
17875,Shin Seikimatsu: Yatsuto no Souguu,ona,5.0
8084,Shin Shinka no Mi: Shiranai Uchi ni Kachigumi Jinsei,tv,12.0
5837,Shin Taketori Monogatari: 1000-nen Joou,tv,42.0
6751,Shin Tennis no Oujisama: Hyoutei vs. Rikkai - Game of Future,ona,2.0
5796,Shin Tennis no Oujisama: U-17 World Cup,tv,13.0
16384,Shin Tennis no Oujisama: U-17 World Cup Semifinal,tv,
9382,Shina Dark: Kuroki Tsuki no Ou to Souheki no Tsuki no Himegimi,music,4.0
709,Shinchou Yuusha: Kono Yuusha ga Ore Tueee Kuse ni Shinchou Sugiru,tv,12.0
6151,Shinchou Yuusha: Kono Yuusha ga Ore Tueee Kuse ni Shinchou Sugiru Recap,special,1.0
663,Shingeki no Bahamut: Genesis,tv,12.0
6535,Shingeki no Bahamut: Genesis - Roundup,special,1.0
3433,Shingeki no Bahamut: Genesis - Short Story,ona,2.0
1202,Shingeki no Bahamut: Virgin Soul,tv,24.0
1039,Shingeki no Kyojin Movie 1: Guren no Yumiya,movie,1.0
932,Shingeki no Kyojin Movie 2: Jiyuu no Tsubasa,movie,1.0
1487,Shingeki no Kyojin Season 2 Movie: Kakusei no Houkou,movie,1.0
4735,Shingeki no Kyojin in the Dome: Heishi-tachi no Hoshizora,movie,1.0
1520,Shingeki no Kyojin: Ano Hi Kara,special,1.0
1426,Shingeki no Kyojin: Chronicle,movie,1.0
135,Shingeki no Kyojin: Kuinaki Sentaku,ova,2.0
536,Shingeki no Kyojin: Lost Girls,ova,3.0
7,Shingeki no Kyojin: The Final Season,tv,16.0
187,Shingeki no Kyojin: The Final Season - Kanketsu-hen,special,2.0
33,Shingeki no Kyojin: The Final Season Part 2,tv,12.0
5364,Shingeki no Kyojin: The Final Season Specials,special,2.0
6487,Shining Hearts: Shiawase no Pan,tv,12.0
11100,Shining Hearts: Shiawase no Pan - Kokoro ga Todoita Picture Drama,special,6.0
10335,Shining Hearts: Shiawase no Pan Specials,special,6.0
17825,Shining Star: Saeroun Luna-Queen-ui Tansaeng!,movie,1.0
14919,Shinjuku Shin-chan Patrol: Warui Otona ni Ki wo Tsukete,ona,1.0
15609,Shinjuku Shin-chan: Yoiko no Koutsuu Anzen,ona,1.0
5011,Shinka no Mi: Shiranai Uchi ni Kachigumi Jinsei,tv,12.0
13673,Shinkai no Kantai: Submarine 707,ova,1.0
9723,Shinkansen Henkei Robo Shinkalion: Mirai kara Kita Shinsoku no ALFA-X,movie,1.0
16595,Shinken Densetsu: Tight Road,tv,13.0
9015,Shinkyoku no Grimoire The Animation: Unico no Natsuyasumi,special,1.0
3455,Shinmai Maou no Testament Burst: Toujou Basara no Shigoku Heiwa na Nichijou,ova,1.0
5183,Shinmai Maou no Testament Departures: Maria no Hizou Eizou,special,1.0
2719,Shinmai Maou no Testament: Toujou Basara no Hard Sweet na Nichijou,ova,1.0
16789,Shinmai Renkinjutsushi no Tenpo Keiei Mini Anime: Onsen,special,2.0
15368,Shinrabanshou: Tenchi Shinmei no Shou,ona,1.0
13865,"Shinran-sama: Negai, Soshite Hikari",ova,1.0
6724,Shinryaku! Ika Musume: Ika Ice Tabena-ika?,music,1.0
7532,Shinryaku! Ika Musume: Kore ga Umi e no Ai Jana-ika!,music,1.0
6215,Shinsei: Futanari Idol - Dekatama-kei!,ova,2.0
12375,Shinshaku Sengoku Eiyuu Densetsu: Sanada Juu Yuushi,special,1.0
12096,Shinshaku Sengoku Eiyuu Densetsu: Sanada Juu Yuushi The Animation,tv,12.0
7929,Shintaisou: Kari,ova,4.0
9270,Shintaisou: Shin,ova,2.0
16828,Shiohi Girls: Vongole Bianco,ona,48.0
11402,Shippuu! Iron Leaguer: Silver no Hata no Moto ni,ova,5.0
14756,Shiritsutantei: Toki Shouzou Trouble Note - Hard & Loose,ova,1.0
15092,Shirobako Movie: C96 Gentei Gekijou Maeuriken Kokuchi Eizou,ona,1.0
5043,Shirogane no Ishi: Argevollen,tv,24.0
20302,"Shironeko Project Mini Anime: Zerokiss, Ganbaru?",ona,1.0
7967,Shironeko Project: Zero Chronicle,tv,12.0
12946,Shirotan: Shirotan ga Ippai!,ona,24.0
15546,Shirouto Club: Hamedori Anime Kanzen Mushuusei!!,ova,1.0
16648,Shizukanaru Don: Yakuza Side Story,ova,1.0
1102,Shokugeki no Souma: Gou no Sara,tv,13.0
161,Shokugeki no Souma: Ni no Sara,tv,13.0
1154,Shokugeki no Souma: Ni no Sara OVA,ova,2.0
216,Shokugeki no Souma: San no Sara,tv,12.0
1674,Shokugeki no Souma: San no Sara - Kyokuseiryou no Erina,ova,1.0
267,Shokugeki no Souma: San no Sara - Tootsuki Ressha-hen,tv,12.0
433,Shokugeki no Souma: Shin no Sara,tv,12.0
24098,Shougakkou Daibouken: Karikari Ouji no Himitsu,ova,1.0
23947,Shougakkou Daibouken: Tobe! Shouta no Kamihikouki,ova,1.0
15137,Shougakusei no Yuukai Boushi: Yumi-chan Abunai yo!,ova,1.0
22671,Shouhu Lian Meng ROY6: Baobao Senlin de Maoxian,ona,8.0
20943,Shouhu Lian Meng ROY6: Senlin Li de Minini,ona,16.0
16469,Shoujo Fight: Norainu-tachi no Odekake,ova,1.0
1558,Shoujo Kakumei Utena: Adolescence Mokushiroku,movie,1.0
6828,Shoujo-tachi wa Kouya wo Mezasu: Iubeki Monokashira,ova,1.0
3986,Shoujo☆Kageki Revue Starlight: Rondo Rondo Rondo,movie,1.0
19930,Shouka Robo Zeres: Fire Dragon wo Taose!,ova,1.0
9677,Shounen Ashibe: Go! Go! Goma-chan,tv,32.0
11821,Shounen Ashibe: Go! Go! Goma-chan 2,tv,32.0
13265,Shounen Ashibe: Go! Go! Goma-chan 3,tv,32.0
13249,Shounen Ashibe: Go! Go! Goma-chan 4,tv,24.0
7872,Shounen Hollywood: Holly Stage for 49,tv,13.0
7334,Shounen Hollywood: Holly Stage for 50,tv,13.0
8820,Shounen Maid Kuuro-kun: Tenshi no Uta,ova,1.0
5329,"Shounen Maid: Onna wa Dokyou, Otoko wa Aikyou?",special,1.0
16939,Shounen Ninja Kaze no Fujimaru: Nazo no Arabiya Ningyou,movie,1.0
15340,Shounen Sunday CM: ARMS,special,1.0
12794,Shounen Sunday CM: All-Star Total Appearance,special,1.0
13814,Shounen Sunday CM: Be Blues! Ao ni Nare,ona,1.0
19634,Shounen Sunday CM: Dan Doh!!,special,1.0
19687,Shounen Sunday CM: Dan Doh!! Xi,special,1.0
7287,Shounen Sunday CM: Denpa Kyoushi,special,2.0
11714,Shounen Sunday CM: Detective Conan,special,1.0
15302,Shounen Sunday CM: Devil & Devil,special,1.0
19716,Shounen Sunday CM: Fantasista,special,1.0
15342,Shounen Sunday CM: Ganba! Fly High,special,1.0
19233,Shounen Sunday CM: H2,special,1.0
15007,Shounen Sunday CM: Hayate no Gotoku!,special,1.0
9443,Shounen Sunday CM: Imawa no Kuni no Alice,ona,1.0
8501,Shounen Sunday CM: InuYasha-hen,special,2.0
19688,Shounen Sunday CM: Ja Ja Uma Grooming UP!,special,1.0
18876,Shounen Sunday CM: Joujuu Senjin!! Mushibugyou,special,1.0
12177,Shounen Sunday CM: Karakuri Circus,special,1.0
13408,Shounen Sunday CM: Kekkaishi,special,1.0
18390,Shounen Sunday CM: Konjiki no Gash!!,special,1.0
8586,Shounen Sunday CM: Kyoukai no Rinne,special,1.0
20063,Shounen Sunday CM: LOVe,special,1.0
15393,Shounen Sunday CM: Major,special,1.0
7874,Shounen Sunday CM: Major 2nd,special,1.0
14967,Shounen Sunday CM: Megumi no Daigo,special,1.0
19871,Shounen Sunday CM: Monkey Turn,special,1.0
18734,Shounen Sunday CM: MÄR,special,1.0
14281,Shounen Sunday CM: Shijou Saikyou no Deshi Kenichi,special,1.0
14978,Shounen Sunday CM: Tenshi na Konamaiki,special,1.0
13907,Shounen Sunday CM: Tokiwa Kitareri!! CM,special,1.0
14930,Shounen Sunday CM: Tuxedo Gin,special,1.0
18828,Shounen Sunday CM: Ueki no Housoku,special,1.0
19525,Shounen Sunday CM: Wild Life,special,1.0
14551,Shounen Sunday CM: Yakitate!! Japan,special,1.0
10826,Shounen Sunday CM: Yugami-kun ni wa Tomodachi ga Inai,ona,2.0
19174,Shounen Sunday CM: Zettai Karen Children,special,1.0
17605,Shouta no Sushi: Kokoro ni Hibiku Shari no Aji,special,1.0
511,Shouwa Genroku Rakugo Shinjuu: Sukeroku Futatabi-hen,tv,12.0
3815,Shouwa Genroku Rakugo Shinjuu: Yotarou Hourou-hen,ova,2.0
23187,Shouwang Zhengfeng: Yuanshi Zhi Li,tv,26.0
10714,Show By Rock!!: Legend of Shingan Crimsonz,ona,3.0
11891,Show By Rock!!: Plasmagica na Gogo,ona,3.0
22563,Shuiguo Baobei: Shuiguo Zong Dong Yuan,movie,1.0
23809,Shuihu Zuqiu Zhongji Ban: Tian Can Fanji Zhan,movie,1.0
24585,Shuimu Juchang: Zhonghua Shangxia Wuqian Nian,tv,104.0
24441,Shuimu Youjiao Xuetang Xilie: Jiao Ni Zuo Shougong,tv,300.0
24727,Shuimu Youjiao Xuetang Xilie: Qian Zi Wen,tv,63.0
24725,Shuimu Youjiao Xuetang Xilie: Sanzijing,tv,116.0
24584,Shuimu Youjiao Xuetang Xilie: Shenghuo Xiao Baike,tv,230.0
20719,Shuimu Youjiao: Xuetang Xilie - Bai Jia Xing,tv,160.0
7068,Shukufuku no Campanella: La Campanella Della Benedizione,ova,1.0
16202,Shuo Feng: Po Zhen Zi,movie,1.0
11548,Shuranosuke Zanmaken: Shikamamon no Otoko,ova,1.0
13546,Si Ling Bianma: Shijie Caozong Zhe,ona,12.0
17417,Si Ling Bianma: Shijie Caozong Zhe Recap,ona,1.0
3600,Sidonia no Kishi: Ai Tsumugu Hoshi,movie,1.0
940,Sidonia no Kishi: Daikyuu Wakusei Seneki,tv,12.0
8491,Silent Möbius: The Motion Picture,movie,1.0
18368,Silk Road Shounen Yuuto: Toki wo Kakeru Shounen Yuuto no Hyouryuu Nikki,special,1.0
6874,Sin: Nanatsu no Taizai,tv,12.0
9759,Sin: Nanatsu no Taizai - Masani Akuma no Shogyou...,special,1.0
8482,Sin: Nanatsu no Taizai Zange-roku,ona,12.0
9198,Sin: Nanatsu no Taizai Zange-roku Specials,special,7.0
10949,Sin: The Movie,ova,1.0
10114,Sinbad: Mahiru no Yoru to Fushigi no Mon,movie,1.0
10603,Sinbad: Mahou no Lamp to Ugoku Shima,movie,1.0
10081,Sinbad: Soratobu Hime to Himitsu no Shima,movie,1.0
14354,Sinbad: Soratobu Hime to Himitsu no Shima Pilot,special,1.0
20507,Sinbi Apateu Movie: Haneuldokkaebi Dae Yoleumungandeu,movie,1.0
21659,Sinbi Apateu: Geumbich Dokkaebiwa Bimil-ui Dong-gul,movie,1.0
8992,Sinbi Apateu: Ghost Ball Bimil,tv,24.0
20497,Sinbi Apateu: Ghost Ball Double X,tv,26.0
12775,Sinbi Apateu: Ghost Ball X-ui Tansaeng,tv,23.0
22665,Sinbi Apateu: Haliui Teugbyeolhan Halu,special,1.0
22580,"Sinbi Apateu: Halmeoniui Sowon, Bug-eseo On Mildong-gwi",special,1.0
18496,Sinbi Apateu: Zero,tv,
7366,Sister Princess: Re Pure,tv,13.0
2837,Sketchbook: Full Color's,tv,13.0
8739,Sketchbook: Full Color's Picture Drama,special,6.0
15009,Ski Jumping Pairs: Road to Torino 2006,movie,1.0
2470,Slam Dunk: Hoero Basketman-damashii! Hanamichi to Rukawa no Atsuki Natsu,movie,1.0
10791,Slam Dunk: Ketsui no Shouhoku Basket-bu,special,1.0
2617,Slam Dunk: Shouhoku Saidai no Kiki! Moero Sakuragi Hanamichi,movie,1.0
2640,Slam Dunk: Zenkoku Seiha Da! - Sakuragi Hanamichi,movie,1.0
2825,Slayers: The Motion Picture,movie,1.0
10824,Sleepless: A Midsummer Night's Dream - The Animation,ova,2.0
12845,"Slime Boukenki: Umi da, Yeah!",special,1.0
11002,Slow Start: Web Yokoku Movie,ona,11.0
4495,Smile Precure! Movie: Ehon no Naka wa Minna Chiguhagu!,movie,1.0
17552,Sockies: Frontier Quest,tv,39.0
16035,Sofy Soft Tampon: Drive Ryokou-hen,special,1.0
5743,Soikano: Gyutto Dakishimete - The Animation,ova,1.0
7864,Sol Bianca: Taiyou no Fune,ova,6.0
5845,"Solty Rei: Surechigau Kimochi de, Omoi Au Kokoro de.",special,1.0
19891,Somei-ka no Hi no Youjin: Bouka no Tebiki Katei-hen,ova,1.0
6243,SoniAni: Super Sonico The Animation,tv,12.0
6118,Sonic: Night of the WereHog,ona,1.0
2482,Sono Hanabira ni Kuchizuke wo: Anata to Koibito Tsunagi,ova,1.0
6926,Sono Hanabira ni Kuchizuke wo: Reo x Mai Diaries,ona,10.0
8836,Sono Hanabira ni Kuchizuke wo: Risa x Miya Gekijou,ona,10.0
10960,Sono Kinisasete yo: My My Mai,ova,2.0
20818,Sonotoki Kimi wa?: Ryouta to Pikari no Jishin Bousai Gaku,ova,1.0
11471,Soosee no Aquarion: Dai 27-wa Parallel-ban,special,1.0
5008,Sora no Method: Aru Shoujo no Kyuujitsu★,special,1.0
5542,Sora no Method: Mou Hitotsu no Negai,ona,1.0
3520,Sora no Otoshimono Final: Eternal My Master,movie,1.0
1559,Sora no Otoshimono: Project Pink,ova,1.0
1107,Sora no Otoshimono: Tokeijikake no Angeloid,movie,1.0
18395,Soratobu Usagi no Yuukai Boushi: Boku Iya da yo!,ova,1.0
19965,Sore Ike! Anpanman Movie: Roboly to Pokapoka Present,movie,1.0
18741,Sore Ike! Anpanman no Hiragana Asobi: Hajimete no AIUEO,ova,1.0
21802,Sore Ike! Anpanman: 12 Seiza wo Sukui Dase,movie,1.0
17481,Sore Ike! Anpanman: Anpanman no Jin-Jin-Jingle Bells,special,1.0
17328,Sore Ike! Anpanman: Anpanman to Christmas no Hoshi,special,1.0
17461,Sore Ike! Anpanman: Anpanman to Happy Otanjoubi,movie,1.0
17454,Sore Ike! Anpanman: Anpanman to Okashi na Nakama,movie,1.0
17571,Sore Ike! Anpanman: Anpanman to Oyakusoku,ova,2.0
17522,Sore Ike! Anpanman: Anpanman to Tanoshii Nakama-tachi,movie,1.0
12795,Sore Ike! Anpanman: Anpanman to Yukai na Nakama-tachi,movie,1.0
12753,Sore Ike! Anpanman: Baikinman no Gyakushuu,movie,1.0
17414,Sore Ike! Anpanman: Baikinman to 3 Bai Punch,movie,1.0
17500,Sore Ike! Anpanman: Baikinman vs. Baikinman!?,movie,1.0
10705,Sore Ike! Anpanman: Black Nose to Mahou no Uta,movie,1.0
17559,Sore Ike! Anpanman: Bokura wa Hero,movie,1.0
17776,Sore Ike! Anpanman: Buruburu no Takarasagashi Daibouken!,movie,1.0
22341,Sore Ike! Anpanman: Chibi Ookami to Tsuki no Fushigi,movie,1.0
12188,Sore Ike! Anpanman: Dadandan to Futago no Hoshi,movie,1.0
17768,Sore Ike! Anpanman: Dokin-chan no Dokidoki Calendar,movie,1.0
20513,Sore Ike! Anpanman: Dororin to Bakeru Carnival,movie,1.0
17469,Sore Ike! Anpanman: Franken-Robo-kun's Surprised Christmas,special,1.0
17497,Sore Ike! Anpanman: Fuwa Fuwa Fuwaly to Kumo no Kuni,movie,1.0
13636,Sore Ike! Anpanman: Gomira no Hoshi,movie,1.0
17139,Sore Ike! Anpanman: Happy no Daibouken,movie,1.0
13185,Sore Ike! Anpanman: Hashire! Wakuwaku Anpanman Grand Prix,movie,1.0
17553,Sore Ike! Anpanman: Hiya Hiya Hiyariko to Babu Babu Baikinman,movie,1.0
17501,Sore Ike! Anpanman: Horrorman to Hora Horako,movie,1.0
21734,Sore Ike! Anpanman: Hoshi no Iro to Sora no Iro,movie,1.0
21803,Sore Ike! Anpanman: Hoshizora wo Kaese,movie,1.0
11250,Sore Ike! Anpanman: Inochi no Hoshi no Dolly,movie,1.0
17517,Sore Ike! Anpanman: Kagayake! Kurun to Inochi no Hoshi,movie,1.0
17118,Sore Ike! Anpanman: Kaiketsu Naganegiman to Doremi Hime,movie,1.0
14028,Sore Ike! Anpanman: Kaiketsu Naganegiman to Yakisobapanman,movie,1.0
17747,Sore Ike! Anpanman: Keito no Shiro no Christmas,special,1.0
17380,Sore Ike! Anpanman: Kieta Jam Ojisan,special,1.0
12502,Sore Ike! Anpanman: Kirakira Boshi no Namida,movie,1.0
17727,Sore Ike! Anpanman: Kirameke! Ice no Kuni no Vanilla-hime,movie,1.0
17540,Sore Ike! Anpanman: Kokin-chan to Aoi Namida,movie,1.0
17733,Sore Ike! Anpanman: Kokin-chan to Namida no Christmas,special,1.0
17470,Sore Ike! Anpanman: Kuroyuki-hime to Mote Mote Baikinman,movie,1.0
12601,Sore Ike! Anpanman: Kyouryuu Nosshii no Daibouken,movie,1.0
17274,Sore Ike! Anpanman: Lyrical☆Magical Mahou no Gakkou,movie,1.0
17566,Sore Ike! Anpanman: Mija to Mahou no Lamp,movie,1.0
17249,Sore Ike! Anpanman: Minami no Umi wo Sukue!,special,1.0
17285,Sore Ike! Anpanman: Minna Atsumare! Anpanman World,movie,1.0
17498,Sore Ike! Anpanman: Minna de Teasobi - Anpanman to Itazura Obake,movie,1.0
12890,Sore Ike! Anpanman: Niji no Pyramid,movie,1.0
13241,Sore Ike! Anpanman: Ningyohime no Namida,movie,1.0
17503,Sore Ike! Anpanman: Omocha no Hoshi no Nanda to Runda,movie,1.0
17311,Sore Ike! Anpanman: Omusubiman,movie,1.0
17755,Sore Ike! Anpanman: Otanjoubi Series,ova,12.0
17558,Sore Ike! Anpanman: Outa to Teasobi Tanoshii ne,ova,2.0
17596,Sore Ike! Anpanman: Rhythm de Teasobi - Anpanman to Fushigi na Parasol,movie,1.0
19855,Sore Ike! Anpanman: Rhythm de Utaou! Anpanman Natsumatsuri,movie,1.0
12641,Sore Ike! Anpanman: Ringo Boy to Minna no Negai,movie,1.0
10874,Sore Ike! Anpanman: Roll to Laura Ukigumojou no Himitsu,movie,1.0
11738,Sore Ike! Anpanman: Ruby no Negai,movie,1.0
21801,Sore Ike! Anpanman: SLman to Hoshi wo Utsusou,movie,1.0
11592,Sore Ike! Anpanman: Shabondama no Purun,movie,1.0
17479,Sore Ike! Anpanman: Sing! Dance! Everybody's Christmas,special,1.0
11406,Sore Ike! Anpanman: Soratobu Ehon to Glass no Kutsu,movie,1.0
17227,Sore Ike! Anpanman: Sukue! Kokorin to Kiseki no Hoshi,movie,1.0
20016,Sore Ike! Anpanman: Tanoshiku Teasobi Mama ni Natta Kokin-chan!?,movie,1.0
14613,Sore Ike! Anpanman: Tekka no Maki-chan to Kin no Kamameshidon,movie,1.0
13090,Sore Ike! Anpanman: Tenohira wo Taiyou ni,movie,1.0
17335,Sore Ike! Anpanman: Tobase! Kibou no Handkerchief,movie,1.0
17110,Sore Ike! Anpanman: Tobe! Tobe! Chibigon,movie,1.0
17489,Sore Ike! Anpanman: Tsukiko to Shiratama - Tokimeki Dancing,movie,1.0
11972,Sore Ike! Anpanman: Tsumikijou no Himitsu,movie,1.0
17372,Sore Ike! Anpanman: Utatte Teasobi! Anpanman to Mori no Takara,movie,1.0
17173,Sore Ike! Anpanman: Yakisobapanman to Black Sabotenman,movie,1.0
11769,Sore Ike! Anpanman: Yomigaere Bananajima,movie,1.0
12482,Sore Ike! Anpanman: Yousei Rinrin no Himitsu,movie,1.0
10857,Sore Ike! Anpanman: Yumeneko no Kuni no Nyanii,movie,1.0
17397,Sore Ike! Anpanman: Yuuki no Hana ga Hiraku Toki,movie,1.0
17815,Sore Ike! Anpanman: Yuuki to Honoo to Christmas,special,1.0
12322,Sore Ike! Anpanman: Yuurei Sen wo Yattsukero!!,movie,1.0
7250,Sore ga Seiyuu!: Petit Uchiage,special,1.0
12208,Sotsugyou M: Ore-tachi no Carnival,ova,2.0
19293,Sotsugyou Mae: 10-hi de 100 no Dekigoto,music,1.0
10431,Sotsugyou: Graduation,ova,2.0
11466,"Sou: Uchiage Hanabi, Shita kara Miru ka? Yoko kara Miru ka?-hen",special,1.0
10292,Soukihei MD Geist 2: Death Force,ova,1.0
10942,"Soukou Kihei Votoms Vol.I: Stories of the ""A.T.Votoms""",ova,1.0
12060,"Soukou Kihei Votoms Vol.II: Highlights from the ""A.T.Votoms""",ova,1.0
6904,Soukou Kihei Votoms: Big Battle,ova,1.0
8234,Soukou Kihei Votoms: Case;Irvine,ova,1.0
17617,Soukou Kihei Votoms: Case;Irvine - Tenmatsu,special,1.0
7221,Soukou Kihei Votoms: Genei-hen,ova,6.0
6434,Soukou Kihei Votoms: Kakuyaku taru Itan,ova,5.0
6696,Soukou Kihei Votoms: Koei Futatabi,ova,1.0
5057,Soukou Kihei Votoms: Pailsen Files,ova,12.0
8713,Soukou Kihei Votoms: Pailsen Files Movie,movie,1.0
5233,Soukou Kihei Votoms: Red Shoulder Document - Yabou no Roots,ova,1.0
5496,Soukou Kihei Votoms: The Last Red Shoulder,ova,1.0
10608,Soukou Seiki Ysphere: Ingyaku no Sennou Kaizou,ova,2.0
2761,Soukyuu no Fafner: Dead Aggressor,tv,25.0
8666,Soukyuu no Fafner: Dead Aggressor - Arcadian Memory,ova,2.0
16348,Soukyuu no Fafner: Dead Aggressor - Behind the Line,movie,1.0
3047,Soukyuu no Fafner: Dead Aggressor - Exodus,tv,13.0
2856,Soukyuu no Fafner: Dead Aggressor - Exodus Part 2,tv,13.0
7680,Soukyuu no Fafner: Dead Aggressor - Exodus Special,special,1.0
3353,Soukyuu no Fafner: Dead Aggressor - Heaven and Earth,movie,1.0
3283,Soukyuu no Fafner: Dead Aggressor - Right of Left,special,1.0
5718,Soukyuu no Fafner: Dead Aggressor - The Beyond,movie,3.0
6055,Soukyuu no Fafner: Dead Aggressor - The Beyond Part 2,movie,3.0
6148,Soukyuu no Fafner: Dead Aggressor - The Beyond Part 3,movie,3.0
6417,Soukyuu no Fafner: Dead Aggressor - The Beyond Part 4,movie,3.0
4516,Soul Eater: Late Night Show,special,51.0
10307,Soul Worker: Your Destiny Awaits,ona,5.0
19223,Soumubu Sououka Yamaguchi Roppeita: Saibanin Project Hajimemasu!,ova,1.0
17006,Sousei no Aquarion: Myth of Emotions,tv,
5959,Soushi Souai: Junai Mellow yori,ova,1.0
7756,Soushin Shoujo Matoi: Kabushiki Gaisha Knight Busters,special,1.0
10782,"Soushin Shoujo Matoi: Yuma-chin, Matomemashita - Nanimo Kitenakute... Natsu",special,1.0
19289,Souta no Chikai: Sabetsu ni Makenai Chikara,ova,1.0
9450,Souten no Ken: Regenesis,tv,12.0
9394,Souten no Ken: Regenesis 2nd Season,tv,12.0
19927,Space Dreamers: Uchuu Kyoudai Nanba Mutta ga Yattekita!,movie,1.0
4492,Space Pirate Captain Herlock: Outside Legend - The Endless Odyssey,ova,13.0
15616,Space Shower Man: Legacy for the Future,special,1.0
12434,Spice Paradise: Curry Meshi Ver.,music,1.0
6210,Spider Riders: Oracle no Yuusha-tachi,tv,26.0
6521,Spider Riders: Yomigaeru Taiyou,tv,26.0
2569,Spiral: Suiri no Kizuna,tv,25.0
8136,Spirit of Wonder: China-san Tanpenshuu,special,3.0
7733,Spirit of Wonder: China-san no Yuuutsu,ova,1.0
7798,Spirit of Wonder: Shounen Kagaku Club,ova,2.0
17491,Spo-chan Taiketsu: Youkai Daikessen,movie,1.0
14999,SpoGomi: World Cup Exhibition Match-hen,ona,1.0
23242,Spookiz Movie: Bimilgwaoe,movie,1.0
20035,Sprin' Pan: Mae e Susumou!,movie,1.0
11316,Sprite: Between Two Worlds,ova,2.0
18959,Spy Penguin (ONA): White Christmas,ona,1.0
16080,Spy x Family Movie: Code: White,movie,1.0
12430,Stairs: Houkago no Album,ova,1.0
8356,Stand My Heroes: Piece of Truth,tv,12.0
11939,Stand My Heroes: Warmth of Memories,ova,1.0
6496,Star Beat!: Hoshi no Kodou,music,1.0
2180,Star Driver: Kagayaki no Takuto,tv,25.0
8390,Star Fox Zero: The Battle Begins,ona,1.0
16473,Star Ocean: Anamnesis,ona,17.0
20252,Star Seed: Kakusei,music,1.0
14506,Star Wars/Saigo no Jedai: Tokubetsu Eizou,ona,1.0
2406,Star Wars: Visions,ona,9.0
6368,Starless: 21st Century Nymphomaniacs,ova,4.0
10731,Starmyu 3rd Season: Encore,special,1.0
13838,Starry Tales: Seiza wa Toki wo Koete,movie,1.0
6212,Starship Troopers: Invasion,movie,1.0
7933,Starship Troopers: Red Planet,movie,1.0
12825,Star☆Jewel Gaiden: Natsumi Oblivion,ova,1.0
4376,Star☆Twinkle Precure: Hoshi no Uta ni Omoi wo Komete,movie,1.0
2032,Steins;Gate 0: Kesshou Takei no Valentine - Bittersweet Intermedio,special,1.0
98,Steins;Gate Movie: Fuka Ryouiki no Déjà vu,movie,1.0
323,Steins;Gate: Kyoukaimenjou no Missing Link - Divide By Zero,special,1.0
185,Steins;Gate: Oukoubakko no Poriomania,special,1.0
1422,Steins;Gate: Soumei Eichi no Cognitive Computing,ona,4.0
13226,Stitch!: Itazura Alien no Daibouken - Uchuu Ichi no Oniichan,special,1.0
12239,Stitch!: Piko Kara no Chousenjou,special,1.0
10379,Stitch!: Zutto Saikou no Tomodachi,tv,29.0
13247,Stitch!: Zutto Saikou no Tomodachi Special,special,1.0
292,Stranger: Mukou Hadan,movie,1.0
4599,Stranger: Mukou Hadan Pilot,special,1.0
12989,Stratos 4 OVA: Stratos 4.1 - Dutch Roll,special,1.0
9860,Stratos 4: Logbook,special,1.0
17047,Stray Sheep: Poe no Chicchana Daibouken,tv,18.0
5808,Street Fighter Alpha: Generations,movie,1.0
10767,Street Fighter II: Yomigaeru Fujiwara-Kyou - Toki wo Kaketa Fighter-tachi,ova,1.0
12174,Street Fighter IV: Aftermath,special,4.0
7370,Street Fighter IV: Aratanaru Kizuna,ova,1.0
5687,Strike Witches: 501 Butai Hasshin Shimasu!,tv,12.0
6998,Strike Witches: 501 Butai Hasshin Shimasu! Movie,movie,1.0
2963,Strike Witches: Operation Victory Arrow,ova,3.0
3149,Strike Witches: Road to Berlin,tv,12.0
3909,Strike the Blood: Kieta Seisou-hen,ova,1.0
2059,Strike the Blood: Valkyria no Oukoku-hen,ova,2.0
3264,Stringendo: Angel-tachi no Private Lesson,ova,12.0
17740,"Subarashii Sekai Ryokou: Alaska no Tabi ""Daigo Hyougaki""",special,2.0
17979,"Subarashii Sekai Ryokou: New York Tabi ""Computopia Seireki Nisennen no Monogatari""",special,2.0
6589,Succubus Appli: Gakuen Sai*,ova,4.0
17336,Sugar Bunnies: Taisetsu na Tomodachi e...,special,1.0
14424,Sugio: Mori de Koi wo Shite,ona,3.0
21158,Sui Cheng Li Xin: Guiyu Zhou Yuan,ona,1.0
11334,Suika: Manatsu no Okurimono,ova,1.0
15440,Suirin: Karma (Ni),movie,1.0
14486,Suisei no Freyline: Prologue,special,1.0
2353,"Suisei no Gargantia: Meguru Kouro, Haruka",ova,2.0
9466,Suisei no Gargantia: Puchitto Furikaerintia,special,1.0
15017,Suishou no Yoru: Aoi Kokuhaku yori,ova,1.0
5499,Suite Precure♪ Movie: Torimodose! Kokoro ga Tsunagu Kiseki no Melody♪,movie,1.0
8440,Suki na Mono wa Suki Dakara Shou ga Nai!!: Onsen ni Ikou!,special,1.0
7397,Sumikko Gurashi Movie 1: Tobidasu Ehon to Himitsu no Ko,movie,1.0
18920,Sumikko Gurashi Movie 3: Tsugihagi koujou no fushigina kou,movie,1.0
8896,Summer: Inaka no Seikatsu,ova,
3523,Sumomomo Momomo: Chijou Saikyou no Yome,tv,22.0
4678,Sumomomo Momomo: Chijou Saikyou no Yome Specials,special,2.0
9156,Suna no Bara: Yuki no Mokushiroku,ova,1.0
2237,Super Danganronpa 2.5: Komaeda Nagito to Sekai no Hakaimono,ova,1.0
12327,Super Doll Licca-chan: Licca-chan Zettai Zetsumei! Doll Knights no Kiseki,movie,1.0
12637,Super Dragon Ball Heroes: Kessen! Time Patrol vs. Ankoku Ou,ona,1.0
9713,Super Mario Brothers: Peach-hime Kyuushutsu Daisakusen!,movie,1.0
12650,Super Mario World: Mario to Yoshi no Bouken Land,ova,1.0
15101,Super Real Mahjong: Kasumi Miki Shouko no Hajimemashite,ova,1.0
15222,Super Real Mahjong: Mahjong Battle Scramble - Konran-teki Sento Mahjong,ova,1.0
5776,Super Robot Taisen OG: Divine Wars,tv,25.0
7520,Super Robot Taisen OG: Divine Wars - Sorezore no Michi,special,1.0
4325,Super Robot Taisen OG: The Inspector,tv,26.0
12169,Suzy's Zoo: Daisuki! Witzy,tv,25.0
14334,Suzy's Zoo: Daisuki! Witzy - Happy Birthday,special,1.0
3924,Sweet Home: H na Oneesan wa Suki desu ka?,ova,3.0
1900,Sword Art Online Alternative: Gun Gale Online,tv,12.0
4854,Sword Art Online Alternative: Gun Gale Online - Refrain,special,1.0
16125,Sword Art Online Alternative: Gun Gale Online II,tv,
6972,Sword Art Online Fatal Bullet: The Third Episode,special,1.0
8401,Sword Art Online Fatal Bullet: The Third Episode - Pilot-ban,ona,1.0
3483,Sword Art Online II: Debriefing,special,1.0
4468,Sword Art Online II: Sword Art Offline II,special,9.0
587,Sword Art Online Movie: Ordinal Scale,movie,1.0
4224,Sword Art Online Movie: Ordinal Scale - Sword Art Offline,special,1.0
562,Sword Art Online: Alicization,tv,24.0
3813,Sword Art Online: Alicization - Recollection,special,1.0
564,Sword Art Online: Alicization - War of Underworld,tv,12.0
723,Sword Art Online: Alicization - War of Underworld 2nd Season,tv,11.0
4125,Sword Art Online: Alicization - War of Underworld Recap,special,1.0
3603,Sword Art Online: Alicization - War of Underworld Reflection,special,1.0
3393,Sword Art Online: Extra Edition,special,1.0
7931,Sword Art Online: Full Dive - Opening Eizou,movie,1.0
613,Sword Art Online: Progressive Movie - Hoshi Naki Yoru no Aria,movie,1.0
1496,Sword Art Online: Progressive Movie - Kuraki Yuuyami no Scherzo,movie,1.0
5723,Sword Art Online: Sword Art Offline,special,9.0
4397,Sword Art Online: Sword Art Offline - Extra Edition,special,1.0
18236,Sylvanian Families Mini Gekijou: Omoigakenai Okyakusama,ova,3.0
21463,Sylvanian Families Movie: Flair kara no Okurimono,movie,1.0
20470,Sylvanian Families: Freya no Go for Dream!,tv,13.0
17634,Sylvanian Families: Freya no Happy Diary,tv,12.0
17308,Sylvanian Families: Mini Story,tv,12.0
19330,Sylvanian Families: Mini Story - Clover,tv,12.0
20654,Sylvanian Families: Mini Story - Peony,tv,12.0
18323,Sylvanian Families: Mini Story 2nd Season,tv,12.0
24964,Synapusyu The Movie: Push Hoppe New World,movie,1.0
20400,Synduality: Kagaku Kouza,ona,
6144,Synduality: Noir,tv,24.0
9917,T.P. Sakura: Time Paladin Sakura,ova,2.0
10858,T7S Longing for Summer Again and Again: Harukaze,music,1.0
12598,THE iDOLM@STER Cinderella Girls: Starlight Stage - Shinshun! Happy New Year Campaign,special,1.0
8909,TOHO Cinemas x One Piece Film: Gold - Tokubetsu Eizou,ona,1.0
11613,TV Yarou Nanaana: Kaibutsu Kraken wo Oe!,tv,24.0
10711,TV Yarou Nanaana: Wakuwaku Doukutsu Land,tv,24.0
6811,TWO-MIX: White Reflection,music,1.0
13388,Tabidachi: Ami Shuushou,movie,1.0
4791,Tabisuru Nuigurumi: Traveling Daru,movie,1.0
11174,Tactical Roar: Mercurius no Kyuujitsu,special,1.0
16582,Tai Yi Xian Mo Lu: Ling Fei Ji,ona,26.0
18118,Tai Yi Xian Mo Lu: Ling Fei Ji II,ona,26.0
17978,Tai Yi Xian Mo Lu: Ling Fei Ji III,ona,26.0
17376,Tai Yi Xian Mo Lu: Ling Fei Ji IV,ona,12.0
16255,Tai-Ari deshita.: Ojou-sama wa Kakutou Game nante Shinai,,
4481,Taiho Shichau zo: Full Throttle,tv,23.0
6581,Taiho Shichau zo: Full Throttle - Watashitachi no Iru Basho,special,1.0
5633,Taiho Shichau zo: Nagisa no Koutsuu Yuudou,special,1.0
3630,Taiho Shichau zo: Second Season,tv,26.0
24495,Taiji Kedou Chengzhang Ji: Baishi Xi Wu Pian,tv,52.0
12364,Taiko no Tatsujin: 15-shuunen Kinen Short Animation,ona,1.0
14446,Taiman Blues: Ladies-hen - Mayumi,ova,2.0
16564,Taiman Blues: Shimizu Naoto-hen,ova,3.0
9486,Taimanin Asagi: Toraware no Niku Ningyou,ova,1.0
10183,Taimanin Shiranui: Inyoku no Dorei Shoufu,ova,1.0
10794,Taishou Mebiusline: Chicchai-san,tv,12.0
12591,Taishou Mebiusline: Chicchai-san - You and I,special,1.0
24780,Taiyang Baobei: Chengyu Xin Shuo,tv,150.0
14295,Taiyou no Hou: El Cantare e no Michi,movie,1.0
7252,Taiyou no Mokushiroku: A Spirit of the Sun,special,2.0
6513,Taiyou no Ouji: Horus no Daibouken,movie,1.0
17483,Taka no Tsume 7: Joou Heika no Jobuubu,movie,1.0
17432,Taka no Tsume 8: Yoshida-kun no Batten File,movie,1.0
16782,Taka no Tsume GO: Utsukushiki Elleair Shoushuu Plus,movie,1.0
18087,Taka no Tsume Yoshida-kun Batten File: Natsuyasumi Mystery Adventure,ona,5.0
17869,Taka no Tsume x Johnson: Tatakae! Jokin Shitennou,ona,2.0
15981,Taka no Tsume: Tokyo Comic Con 2017 no Ouendan ni Shuunin Kettei!,ona,1.0
1588,Takanashi Rikka Kai: Chuunibyou demo Koi ga Shitai! Movie,movie,1.0
2833,Takanashi Rikka Kai: Chuunibyou demo Koi ga Shitai! Movie Lite,special,1.0
8908,Takarajima Memorial: Yuunagi to Yobareta Otoko,ova,1.0
7414,Tales of Crestoria: Toga Waga wo Shoite Kare wa Tatsu,special,1.0
8793,Tales of Luminaria: The Fateful Crossroad,ona,2.0
6557,Tales of Symphonia The Animation: Kaette Kita Kratos-sensei no Private Lesson,special,1.0
5841,Tales of Symphonia The Animation: Kratos-sensei no Private Lesson,special,1.0
2744,Tales of Symphonia The Animation: Sekai Tougou-hen,ova,3.0
5554,Tales of Symphonia The Animation: Sekai Tougou-hen Specials,special,3.0
2798,Tales of Symphonia The Animation: Sylvarant-hen,ova,4.0
2382,Tales of Symphonia The Animation: Tethe'alla-hen,ova,4.0
5052,Tales of Symphonia The Animation: Tethe'alla-hen Specials,special,4.0
1759,Tales of Vesperia: The First Strike,movie,1.0
2292,Tales of Zestiria the Cross: Saiyaku no Jidai,special,1.0
2262,Tales of Zestiria: Doushi no Yoake,special,1.0
12449,Tales of the Rays: Everlasting Destiny,ona,1.0
18663,Tama & Friends: Sagase! Mahou no Punipuni Stone,tv,26.0
12438,Tama & Friends: Uchi no Tama Shirimasen ka?,tv,104.0
14449,Tama Gura Abayo: Moki Yumokyu Superdeluxe,music,1.0
16836,Tamagotchi Movie: Tanpen Himitsu no Otodoke Daisakusen!,movie,1.0
17720,Tamagotchi! x Taka no Tsume: Tamagotchi de Seikai Seifuku,ova,1.0
8659,Tamala 2010: A Punk Cat in Space,movie,1.0
13104,Tamala 2010: A Punk Cat in Space OVA,ova,2.0
14148,Tamaya CM: Sono Saki e-hen,ona,1.0
11048,Tamaya CM: Takusareta Omoi-hen,ona,1.0
2685,Tamayura: Hitotose,tv,12.0
3573,"Tamayura: Hitotose - Attakai Kaze no Omoide, nanode",special,1.0
2654,Tamayura: More Aggressive,tv,12.0
4209,"Tamayura: More Aggressive - Tsuitachi dake no Shuugakuryokou, nanode",special,1.0
10863,Tamayura: More Aggressive Picture Drama,special,1.0
3286,Tamayura: Sotsugyou Shashin Part 1 - Kizashi,movie,1.0
3241,Tamayura: Sotsugyou Shashin Part 2 - Hibiki,movie,1.0
3246,Tamayura: Sotsugyou Shashin Part 3 - Akogare,movie,1.0
2988,Tamayura: Sotsugyou Shashin Part 4 - Ashita,movie,1.0
24431,Tan Tan Mao: Qihuan Maxi Tuan,tv,52.0
24432,Tan Tan Mao: Qihuan Maxi Tuan 2,tv,52.0
24829,Tan Tan Mao: Qimiao Shijie,tv,32.0
24575,Tan Tan Mao: Qimiao Shijie 2nd Season,tv,26.0
24654,Tangguo Taikong Aoyou Ji: Nengliang Zhi Xing,tv,26.0
24796,Tangguo Taikong Aoyou Ji: Xingqiu Chong Su,tv,26.0
14097,Tanjou: Debut,ova,2.0
11597,Tanken Driland: 1000-nen no Mahou,tv,51.0
17262,Tanoshii Bunmeishi: Tetsu Monogatari,movie,1.0
9675,Tanpen Unico: Kuroi Kumo to Shiroi Hane,ova,1.0
5707,Tantei Opera Milky Holmes Movie: Gyakushuu no Milky Holmes,movie,1.0
7085,Tantei Opera Milky Holmes: Alternative,special,2.0
7809,Tantei Opera Milky Holmes: Arsene Karei naru Yokubou,special,1.0
8005,Tantei Opera Milky Holmes: Fun Fun Party Night♪ - Ken to Janet no Okurimono,special,1.0
8109,Tantei Opera Milky Holmes: Psycho no Aisatsu,special,1.0
5207,Tantei Opera Milky Holmes: Summer Special,special,1.0
17995,Tanuki to Kitsune: Dai 5-kan Hatsubai Kinen Animation,ona,1.0
20702,Taoleujima Beoseuteo: Beullaeg-Eosseolteuui Gwihwan,movie,1.0
16004,Tapuri Card x Kaijuu Sakaba Kanpai: Kanegon no Shuchou,ona,1.0
5638,"Tari Tari: Kumottari, Kagayaitari, Mata Itsuka Utattari",special,1.0
1443,Tasogare Otome x Amnesia: Taima Otome,special,1.0
18235,Tasukeai no Rekishi: Seimei Hoken no Hajimari,movie,1.0
16951,Tasuuketsu: Judgement Assizes,ova,1.0
18964,Tatakae! Dokan-kun: Gekitou-kun,tv,13.0
18988,Tatakae! Dokan-kun: Robolympic-hen,tv,13.0
2822,Tatakau Shisho: The Book of Bantorra,tv,27.0
3779,Tayutama: Kiss on My Deity,tv,12.0
7508,Tayutayu: Pure My Heart,special,6.0
16176,"Tearmoon Teikoku Monogatari: Dantoudai kara Hajimaru, Hime no Tensei Gyakuten Story",tv,
6808,Technoroid: Overmind,tv,12.0
23356,Teddy Xiong: Wanju Dazhan,movie,1.0
10121,Tegami: Haikei Juugo no Kimi e,music,1.0
3016,Tegamibachi: Hikari to Ao no Gensou Yawa,special,1.0
7017,Tegamibachi: Omakebachi,special,25.0
23685,Tegong Huan Ying 2: Conglin Tegong Dui,tv,26.0
23790,Tegong Huan Ying: Conglin Mi Ying,tv,26.0
23906,Tegong Tu: Shenmi De Wangzhan,tv,20.0
22572,Tegong Tu: Xin De Maoxian,tv,20.0
10293,Teki wa Kaizoku: Neko-tachi no Kyouen,tv,6.0
11718,"Tekkamen wo Oe: ""d'Artagnan Monogatari"" yori",special,1.0
4792,Tekken: Blood Vengeance,movie,1.0
5253,Tekken: Bloodline,ona,6.0
20048,Ten ni Yaka Reru: E ni Yoru Shougen,ova,1.0
12448,Tenchi Muyou! GXP: Paradise Shidou-hen,ova,6.0
3871,Tenchi Muyou! Ryououki 3rd Season: Tenchi Seirou naredo Namitakashi?,ova,1.0
13304,Tenchi Muyou! Ryououki: Heianmuyo! Picture Drama,ova,1.0
3153,Tenchi Muyou! Ryououki: Omatsuri Zenjitsu no Yoru!,ova,1.0
3472,Tenchi Muyou! in Love 2: Harukanaru Omoi,movie,1.0
5403,Tenchi Muyou!: Galaxy Police Mihoshi Space Adventure,ova,1.0
3549,Tenchi Souzou Design-bu: Idea 13,special,1.0
13531,Tengai Makyou: Ziria Oboro-hen,ova,2.0
548,Tengen Toppa Gurren Lagann Movie 1: Gurren-hen,movie,1.0
356,Tengen Toppa Gurren Lagann Movie 2: Lagann-hen,movie,1.0
2931,Tengen Toppa Gurren Lagann Movie Zenyasai: Viral no Amai Yume,ova,1.0
3091,Tengen Toppa Gurren Lagann: Kirameki★Yoko Box - Pieces of Sweet Stars,music,1.0
2326,Tengen Toppa Gurren Lagann: Mitee Mono wa Miteen da!!,special,1.0
4155,Tengen Toppa Gurren Lagann: Ore no Gurren wa Pikka-Pika!!,ova,1.0
3185,Tengen Toppa Gurren Lagann: Parallel Works,music,8.0
4091,Tengen Toppa Gurren Lagann: Parallel Works 2,music,7.0
5681,"Tenioha! 2: Limit Over - Mada Mada Ippai, Ecchi Shiyo? The Animation",ova,1.0
5484,"Tenioha! 2: Nee, Motto Ecchi na Koto Ippai Shiyo? The Animation",ova,1.0
4181,Tenioha!: Onnanoko datte Honto wa Ecchi da yo?,ova,2.0
3714,Tenjou Tenge: The Past Chapter,ova,1.0
3098,Tenjou Tenge: The Ultimate Fight,ova,2.0
12741,Tenjouhen: Utsunomiko,movie,1.0
11627,Tenka Hyakken: Meiji-kan e Youkoso!,tv,12.0
16656,Tenka Touitsu Koi no Ran: Shutsujin! Saika 4-nin Shuu,ona,4.0
9080,Tenkuu Senki Shurato: Sousei e no Anto,ova,6.0
2749,Tennis no Oujisama Movie 1: Futari no Samurai - The First Game,movie,1.0
3331,Tennis no Oujisama Movie 2: Eikokushiki Teikyuu Shiro Kessen!,movie,1.0
2681,Tennis no Oujisama: Another Story - Kako to Mirai no Message,ova,4.0
5150,Tennis no Oujisama: Another Story - Kako to Mirai no Message Specials,special,2.0
3365,Tennis no Oujisama: Another Story II - Ano Toki no Bokura,ova,4.0
5580,Tennis no Oujisama: Another Story II - Ano Toki no Bokura Specials,special,2.0
2846,Tennis no Oujisama: Atobe kara no Okurimono - Kimi ni Sasageru Tennis Prince Matsuri,movie,1.0
9729,Tennis no Oujisama: Best Games!!,ova,4.0
8322,Tennis no Oujisama: Message in a Bottle,special,1.0
6318,Tennis no Oujisama: Mini Theater,special,3.0
5705,Tennis no Oujisama: Oshougatsu Special,special,1.0
5200,Tennis no Oujisama: Pair Prince,special,8.0
2975,Tennis no Oujisama: Sonzoku Yama no Hi,ova,1.0
5827,Tennis no Oujisama: The Band of Princes Film Kick the Future,music,1.0
1298,Tennis no Oujisama: Zenkoku Taikai-hen,ova,13.0
1411,Tennis no Oujisama: Zenkoku Taikai-hen - Final,ova,7.0
1428,Tennis no Oujisama: Zenkoku Taikai-hen - Semifinal,ova,6.0
5054,Tenpou Ibun: Ayakashi Ayashi,tv,25.0
7320,Tenpou Ibun: Ayakashi Ayashi - Ayashi Shinkyoku,special,5.0
17298,Tensai Bakavon: Yomigaeru Flanders no Inu,movie,1.0
10480,Tensai Ouji no Akaji Kokka Saisei Jutsu: Short Drama,ona,5.0
10193,Tensai Ouji no Akaji Kokka Saisei Jutsu: Short Drama Specials,special,4.0
4783,"Tensei Kenja no Isekai Life: Dai-2 no Shokugyou wo Ete, Sekai Saikyou ni Narimashita",tv,12.0
3553,Tensei Kizoku no Isekai Boukenroku: Jichou wo Shiranai Kamigami no Shito,tv,12.0
2740,Tensei shitara Slime Datta Ken 2nd Season: Kanwa - Veldora Nikki 2,special,1.0
1099,Tensei shitara Slime Datta Ken Movie: Guren no Kizuna-hen,movie,1.0
16108,Tensei shitara Slime Datta Ken: Coleus no Yume,ova,3.0
3713,Tensei shitara Slime Datta Ken: Kanwa - Hinata Sakaguchi,special,1.0
3278,Tensei shitara Slime Datta Ken: Kanwa - Veldora Nikki,special,1.0
11577,Tenshi no Shippo Chu!: Tenshi no Utagoe,ova,1.0
762,Tensura Nikki: Tensei shitara Slime Datta Ken,tv,12.0
9746,Tentai Senshi Sunred: Short Corner,special,4.0
18263,Terajima-chou Kidan: Ginnagashi,ova,1.0
2864,Terra Formars: Bugs 2-hen,ova,2.0
8671,Terra Formars: Earth-hen,ova,2.0
3681,Terra Formars: Revenge,tv,13.0
15557,Tesla Note: Mickey to Oliver no Agent Yousei Kouza,ona,15.0
10110,Tetsujin 28-gou: Hakuchuu no Zangetsu,movie,1.0
15111,Tetsujin 28-gou: Tanjou-hen,special,1.0
12720,Tetsuwan Atom: Ao Kishi no Kan,movie,1.0
11413,Tetsuwan Atom: Atom Tanjou no Himitsu,movie,1.0
13262,Tetsuwan Atom: Chikyuu Saigo no Hi,movie,1.0
11377,Tetsuwan Atom: Ivan no Wakusei - Robot to Ningen no Yuujou,movie,1.0
11638,"Tetsuwan Atom: Kagayakeru Hoshi - Anata wa Aoku, Utsukushii...",movie,1.0
10359,Tetsuwan Atom: Uchuu no Yuusha,movie,1.0
3162,Tetsuwan Birdy Decode: The Cipher,ova,1.0
1543,Tetsuwan Birdy Decode:02,tv,12.0
12245,Texhnolyze: Revisit,special,1.0
10902,Tezuka Osamu Monogatari: Boku wa Son Gokuu,special,1.0
5244,Tezuka Osamu no Buddha: Akai Sabaku yo! Utsukushiku,movie,1.0
6551,Tezuka Osamu no Buddha: Owarinaki Tabi,movie,1.0
9655,Tezuka Osamu no Kyuuyaku Seisho Monogatari: In the Beginning,tv,26.0
18549,Tezuka Osamu no Uchuu Wonder 3: Ginga Renmei no Shisha,movie,1.0
18365,"That's Hanakappa Musical: Pan to Gohan, Docchi nano!?",movie,1.0
15771,The Aurora: Umi no Aurora,movie,1.0
11666,The Borgman: Last Battle,ova,1.0
22758,The Dentsu Advertising Awards: Walk Walk,special,1.0
2517,The Disappearance of Conan Edogawa: The Worst Two Days in History,special,1.0
20963,The Epic of Zektbach: Ristaccia,music,1.0
19093,The Fullmoon Tradition: Indra Pilot Film,movie,1.0
8703,The Hakkenden: Shin Shou,ova,7.0
12604,The Humanoid: Ai no Wakusei Lezeria,ova,1.0
21464,The IDOLM@STER Cinderella Girls: Starlight Stage CMs,special,10.0
13044,The Kabocha Wine: Nita no Aijou Monogatari,movie,1.0
20060,The Kabocha Wine: Ore to Aitsu no Shinkon Ryokou!?,special,1.0
7307,The King of Fighters: Destiny,ona,24.0
376,The Last: Naruto the Movie,movie,1.0
8488,The Legend of Heroes: Sen no Kiseki - Northern War,tv,12.0
13310,The New A-Class.: Next Stage with YOU,ona,1.0
19254,The Primitives: Bongo and Grunge,tv,52.0
14833,The Siamese: First Mission,movie,1.0
17650,The Snack World: Hitogirai no Renny,movie,1.0
6395,The SoulTaker: Tamashii-gari,tv,13.0
11433,The SoulTaker: Tamashii-gari - Komugi Daisakusen,special,3.0
14465,"The Tales of Rien Village #1: ""Toilet ni Ittokiya""",ona,1.0
3165,The Third: Aoi Hitomi no Shoujo,tv,24.0
13359,The iDOLM@STER Cinderella Girls: 5th Live Tour Serendipity Parade!!! Manner Movie,special,1.0
4127,"The iDOLM@STER Cinderella Girls: Anytime, Anywhere with Cinderella.",special,1.0
8295,The iDOLM@STER Cinderella Girls: Special Program,special,1.0
9987,The iDOLM@STER Cinderella Girls: Spin-off!,ona,1.0
9940,"The iDOLM@STER Cinderella Girls: Starlight Stage - 5-shuunen Kinen ""Go Just Go!"" PV",music,1.0
2976,The iDOLM@STER Cinderella Girls: U149,tv,12.0
12220,The iDOLM@STER Cinderella Girls: U149 Recap,special,1.0
2218,The iDOLM@STER Movie: Kagayaki no Mukougawa e!,movie,1.0
4729,The iDOLM@STER Prologue SideM: Episode of Jupiter,special,1.0
9752,The iDOLM@STER SideM: 315 Variety Pack! Made In Passion!,special,1.0
8927,The iDOLM@STER SideM: Wake Atte Mini!,tv,12.0
13115,The iDOLM@STER SideM: Wake Atte Mini! - Shoshi Kantetsu Daisouji!,ova,1.0
16825,The iDOLM@STER SideM: Wake Atte Mini! Specials,special,3.0
2501,The iDOLM@STER: 765 Pro to Iu Monogatari,special,1.0
11283,Thermae Romae: Kodai Romajin ga Uchuu e,ona,1.0
9070,The☆Doraemons: Dokidoki Kikansha Daibakusou!,movie,1.0
9891,The☆Doraemons: Goal! Goal! Goal!!,movie,1.0
9205,The☆Doraemons: Mushimushi Pyonpyon Daisakusen!,movie,1.0
20538,The☆Doraemons: Mystery X'Mass Daisakusen,special,1.0
10398,"The☆Doraemons: Strange, Sweets, Strange?",movie,1.0
7256,The☆Doraemons: The Mysterious Thief Dorapan The Mysterious Cartel,movie,1.0
24750,Tian Tian Quan Baobei: Feixing Leyuan,tv,25.0
24841,Tian Tian Quan Baobei: Gongfu Xueyuan,tv,25.0
24751,Tian Tian Quan Baobei: Mifeng Huayuan,tv,25.0
24752,Tian Tian Quan Baobei: Saiche Xiao Zhen,tv,25.0
21707,Tian Xin Ge Ge: Henian Duanpian,special,1.0
21270,Tian Xin Ge Ge: Huanbao Xilie,special,11.0
17484,Tian Yu 2nd Season: Cang Gu Zhi Ban,ona,13.0
23997,Tianwai Fuxing: Chi Jian Chuanqi,tv,26.0
23494,Tiaowei Gongyu: Xiao Shenghuo Da Daoli,ona,40.0
24270,Tico: Shuqi de Weiji,tv,22.0
8076,Tide-Line Blue: Kyoudai,special,1.0
2713,Tiger & Bunny Movie 1: The Beginning,movie,1.0
1971,Tiger & Bunny Movie 2: The Rising,movie,1.0
9943,Tiger & Bunny: Too Many Cooks Spoil the Broth.,special,1.0
12336,Time Bokan 2000: Kaitou Kiramekiman,tv,26.0
12484,Time Bokan Series: Gyakuten Ippatsuman,tv,58.0
12802,Time Bokan Series: Itadakiman,tv,20.0
9555,Time Bokan Series: Time Patroltai Otasukeman,tv,53.0
6604,Time Bokan Series: Yatterman,tv,108.0
8831,Time Bokan Series: Yattodetaman,tv,52.0
12324,Time Bokan Series: Zenderman,tv,52.0
11338,Time Bokan: Gyakushuu no San Akunin,tv,24.0
12781,Time Driver: Bokura ga Kaita Mirai,movie,1.0
18077,Time Ranger Cesar Boy no Bouken: Roma Teikoku-hen,ova,1.0
20679,Time Slip 1923: Mori no Miracle Jishin Taiken,ova,1.0
12296,Time Slip Ichimannen: Prime Rose,special,1.0
6089,Time Travel Shoujo: Mari Waka to 8-nin no Kagakusha-tachi,tv,12.0
17164,Time-Patrol Bon: Fujiko F. Fujio Anime Special - SF Adventure,special,1.0
19136,Time: Toki no Shiori,music,1.0
24643,Titi He Kiki: Moli Ketang,tv,52.0
8738,To Heart 2: Dungeon Travelers,ova,2.0
6940,To Heart: Remember My Memories,tv,13.0
9731,To Heart: Remember My Memories Specials,special,7.0
2813,To LOVE-Ru: Multiplication - Mae kara Ushiro kara,ova,1.0
6635,Toaru Kagaku no Accelerator: Tobidase Ippou-san - Hachamecha Kaishingeki,special,1.0
4083,Toaru Kagaku no Railgun S: Daiji na Koto wa Zenbu Sentou ni Osowatta,ova,1.0
3403,Toaru Kagaku no Railgun S: Motto Marutto Railgun,special,2.0
6121,Toaru Kagaku no Railgun T: Motto Marutto Railgun,special,2.0
3862,Toaru Kagaku no Railgun: Entenka no Satsuei Model mo Raku Ja Arimasen wa ne.,ova,1.0
1692,Toaru Kagaku no Railgun: Misaka-san wa Ima Chuumoku no Mato desu kara,ova,1.0
3614,Toaru Kagaku no Railgun: Motto Marutto Railgun,special,2.0
1347,Toaru Majutsu no Index Movie: Endymion no Kiseki,movie,1.0
3612,Toaru Majutsu no Index-tan Movie: Endymion no Kiseki - Ga Attari Nakattari,special,1.0
23802,Tobidasu Ojarumaru 3D: Maro wa Ou-sama,movie,1.0
8710,Tobidasu PriPara: Mi~nna de Mezase! Idol☆Grand Prix,movie,1.0
14314,Toho Cinemas & I Love Snoopy: The Peanuts Movie Collab Logo Eizou,movie,1.0
7013,Toji no Miko: Kizamishi Issen no Tomoshibi,ova,2.0
11161,Toji no Miko: Kizamishi Issen no Tomoshibi PV,ona,2.0
13843,Toki no Daichi: Hana no Oukoku no Majo,ova,3.0
9539,Toki no Tabibito: Time Stranger,movie,1.0
6889,Toki wa Meguru: Tokyo Station,ona,1.0
18049,Toki: Kono Hoshi no Mirai wo Mitsumete,special,2.0
9820,Tokimeki Memorial: Forever With You,ova,2.0
3404,Tokimeki Memorial: Only Love,tv,25.0
6753,Tokimeki Memorial: Only Love Specials,special,2.0
18265,Tokio Heidi: Mainichi no Kodomo Uta,ona,
10638,Toku: Touken Ranbu - Hanamaru - Setsugetsuka,movie,3.0
10707,Tokyo 24-ku: Reversal Film,special,1.0
9143,Tokyo 7th Sisters: Bokura wa Aozora ni Naru,movie,1.0
17658,Tokyo 7th Sisters: Bokura wa Aozora ni Naru: Character Butai Aisatsu Eizou,movie,3.0
11824,Tokyo Babylon: Vision,music,1.0
19892,"Tokyo Dai Kuushuu: Aoyo, Kaette Koi",ova,1.0
9834,Tokyo Disney Resort: Yume ga Kanau Basho,special,1.0
1293,"Tokyo Ghoul: ""Jack""",ova,1.0
1669,"Tokyo Ghoul: ""Pinto""",ova,1.0
3841,Tokyo Ghoul:re,tv,12.0
3649,Tokyo Ghoul:re 2nd Season,tv,12.0
14759,Tokyo Juushouden: Fuuma Gogyou Denshou,ova,3.0
2878,Tokyo Majin Gakuen Kenpucho: Tou,tv,14.0
2977,Tokyo Majin Gakuen Kenpucho: Tou Dai Ni Maku,tv,12.0
7201,Tokyo One Piece Tower: Tongari Shima no Dai Hihou,movie,1.0
5789,Tokyo Ravens: Kon ga Oshiete Moshi Agemasu! Maru Wakari Tokyo Ravens,ona,3.0
729,Tokyo Revengers: Seiya Kessen-hen,tv,13.0
16075,Tokyo Revengers: Tenjiku-hen,tv,
19777,Tomica Heroes Jobraver: Tokusou Gattai Robo,ona,
12267,Tomica Hyper Rescue Drive Head: Kidou Kyuukyuu Keisatsu,tv,37.0
16944,Tomica Hyper Rescue Drive Head: Kidou Kyuukyuu Keisatsu (ONA),ona,7.0
16638,Tomica Hyper Rescue Drive Head: Kidou Kyuukyuu Keisatsu Movie,movie,1.0
20261,Tomica Hyper Series: Next Stage,ona,4.0
12630,Tomica Kizuna Gattai: Earth Granner,tv,51.0
19362,Tomo: Tabidachi no Toki,music,1.0
2389,Tonari no Kaibutsu-kun: Tonari no Gokudou-kun,ova,1.0
23143,Tong Ge Wawa: Dou Hei Feng Guai,tv,50.0
16368,Tongari Atama no Gonta: Futatsu no Namae wo Ikita Fukushima Hisai Inu no Monogatari,movie,1.0
11710,Tongari Boushi no Memole: Marielle no Housekibako,ova,1.0
23905,Tongzi Chuanqi: Da Nao Zhao Cai Dao,tv,52.0
24040,Tongzi Chuanqi: Jixiang Zhongguo,tv,52.0
24041,Tongzi Chuanqi: Zhao Cai Dao Zongdongyuan,tv,52.0
2952,Tonikaku Kawaii: Joshikou-hen,ona,4.0
1958,Tonikaku Kawaii: Kaisou,special,1.0
619,Tonikaku Kawaii: SNS,ova,1.0
1255,Tonikaku Kawaii: Seifuku,special,1.0
8524,Tono to Issho: Gantai no Yabou,tv,12.0
8933,Tono to Issho: Ippunkan Gekijou,tv,12.0
5974,Tony's Heroine Series: Kanojo wa Hanayome Kouhosei? Cinderella Collection,ova,2.0
3897,Top Secret: The Revelation,tv,26.0
1149,Toradora!: Bentou no Gokui,special,1.0
4610,Toradora!: SOS! Kuishinbou Banbanzai,special,4.0
15649,Tori vs. Buta: Buttobi Pizza Battle,ona,1.0
6020,Toriko 3D: Kaimaku Gourmet Adventure!!,movie,1.0
8504,Toriko Hime: Hakudaku Mamire no Reijou,ova,2.0
4926,Toriko Movie: Bishokushin no Special Menu,movie,1.0
6920,Toriko no Kusari: Shojo-tachi wo Yogosu Midara na Kusabi,ova,2.0
9580,Toriko no Shizuku: Natsu no Gouka Kyakusen de Kegasareru Otome-tachi,ova,2.0
8102,Toriko: Barbarian Ivy wo Hokaku Seyo!,special,1.0
4948,Toriko: Jump Super Anime Tour 2009 Special,special,1.0
7003,Toromitsu Musume no Hitou Service: Torottoro Churu Churu Gohoushi Sasete Kudasai,ona,1.0
2317,Toshokan Sensou: Kakumei no Tsubasa,movie,1.0
3390,Toshokan Sensou: Koi no Shougai,special,1.0
9594,Toshoshitsu no Kanojo: Seiso na Kimi ga Ochiru made - The Animation,ova,6.0
7483,Tottoko Hamtarou Movie 1: Ham-Ham Land Daibouken,movie,1.0
8165,Tottoko Hamtarou Movie 2: Ham-Ham Hamuuja! Maboroshi no Princess,movie,1.0
8549,Tottoko Hamtarou Movie 3: Ham Ham Grand Prix Aurora Tani no Kiseki - Ribon-chan Kiki Ippatsu!,movie,1.0
9055,Tottoko Hamtarou Movie 4: Hamtaro to Fushigi no Oni no Emon Tou,movie,1.0
8248,Tottoko Hamtarou OVA 1: Hamtaro no Otanjoubi - Mama wo Tasunete Sanzen Techi Techi,ova,1.0
9711,Tottoko Hamtarou OVA 2: Hamuchanzu no Takara Sagashi Daisaku - Hamuha! Suteki na Umi no Natsuyasumi,ova,1.0
10362,Tottoko Hamtarou OVA 3: Hamuchanzu to Niji no Kuni no Oujisama - Sekai de Ichiban no Takaramono,ova,1.0
10123,Tottoko Hamtarou OVA 4: Hamuchanzu no Mezase! Hamuhamu Kin Medal - Hashire! Hashire! Daisakusen,ova,1.0
16883,"Tottoko Hamtarou: ""A"" kara ""N"" made Hiragana Asobi",ova,1.0
11422,Tottoko Hamtarou: Anime Dechu!,ova,1.0
13302,Tottoko Hamtarou: Best Hit Ham-chan'zu Music Clip,music,7.0
13612,Tottoko Hamtarou: Hiragana Tanken,ova,1.0
24491,Tou Xing Jiu Yue Tian: Tongnian Gushi,tv,26.0
24843,Tou Xing Jiu Yue Tian: Zhentan Xueyuan,ona,52.0
8068,Touch 2: Sayonara no Okurimono,movie,1.0
8221,Touch 3: Kimi ga Toorisugita Ato ni - Don't Pass Me By,movie,1.0
6476,Touch: Cross Road - Kaze no Yukue,special,1.0
7168,"Touch: Miss Lonely Yesterday - Are kara, Kimi wa...",special,1.0
7823,Touch: Sebangou no Nai Ace,movie,1.0
17180,Touch: Tobidashi wa Out da yo!,ova,1.0
935,Touhai Densetsu Akagi: Yami ni Maiorita Tensai,tv,26.0
2848,Touhou Niji Sousaku Doujin Anime: Musou Kakyou,ova,
3840,Touhou Niji Sousaku Doujin Anime: Musou Kakyou Special,ova,1.0
3712,Touken Ranbu: Hanamaru,tv,12.0
9361,Touken Ranbu: Hanamaru - Makuai Kaisouroku,movie,1.0
13621,Touken Ranbu: Hanamaru - Makuai Kaisouroku Manner Movies,movie,2.0
16351,Touken Ranbu: Kyoden Moyuru Honnouji,,
12240,Toukiden: The Age of Demons - Introduction,special,1.0
15541,Toushindai My Lover: Minami tai Mecha-Minami,ova,1.0
12249,Tousouchuu: Great Mission,tv,
14775,Touyama Sakura Uchuu Chou: Yatsu no Na wa Gold,ova,1.0
2269,Towa no Quon 1: Utakata no Kaben,movie,1.0
2366,Towa no Quon 2: Konton no Ranbu,movie,1.0
2152,Towa no Quon 3: Mugen no Renza,movie,1.0
1988,Towa no Quon 4: Guren no Shoushin,movie,1.0
2068,Towa no Quon 5: Souzetsu no Raifuku,movie,1.0
1874,Towa no Quon 6: Towa no Quon,movie,1.0
13395,Tragic Silence: Shoujo Yugi,ova,1.0
6914,Transformers: Car Robots,tv,39.0
7331,Transformers: Choujin Master Force,tv,43.0
17321,Transformers: Choujin Master Force Soushuuhen,ova,4.0
12848,Transformers: Robot Masters,special,2.0
10838,Transformers: Scramble City,ova,1.0
7834,Transformers: The☆Headmasters,tv,35.0
5879,Trava: Fist Planet,ova,4.0
12556,Tres Marias: Sannin no Sei Shojo,ova,2.0
5538,Triage X: Recollection XOXO,ova,1.0
12093,Triangle Heart: Sazanami Joshi Ryo,ova,5.0
8412,Triangle Heart: Sweet Songs Forever,ova,4.0
5428,"Trickster: Edogawa Ranpo ""Shounen Tanteidan"" yori",tv,24.0
9434,"Trickster: Edogawa Ranpo ""Shounen Tanteidan"" yori OVA",ova,2.0
688,Trigun: Badlands Rumble,movie,1.0
1641,Trinity Seven Movie 1: Eternity Library to Alchemic Girl,movie,1.0
1707,Trinity Seven Movie 2: Heavens Library to Crimson Lord,movie,1.0
1490,Trinity Seven: Nanatsu no Taizai to Nana Madoushi,ova,1.0
7315,Tropical-Rouge! Precure Movie: Yuki no Princess to Kiseki no Yubiwa!,movie,1.0
11001,True Blue: Gaiden,ova,1.0
7047,True Tears: Mini Chara 4-koma Gekijou,special,7.0
7914,True Tears: Raigomaru to Jibeta no Monogatari,special,1.0
2299,Tsubasa Chronicle: Tori Kago no Kuni no Himegimi,movie,1.0
1070,Tsubasa: Shunraiki,ova,2.0
732,Tsubasa: Tokyo Revelations,ova,3.0
4969,Tsuki ga Kirei: Michinori,special,1.0
8237,Tsuki wa Higashi ni Hi wa Nishi ni: Operation Sanctuary,tv,13.0
12693,Tsuki wa Higashi ni Hi wa Nishi ni: Operation Sanctuary OVA,ova,4.0
3113,Tsukuyomi: Moon Phase,tv,25.0
5530,Tsukuyomi: Moon Phase Special,special,1.0
10803,Tsuma Netori 3: Kairaku ni Ochita Injiru Kyoushi-tachi,ova,1.0
9208,Tsuma Netori: Ikumi to Shizuka,ova,1.0
7403,Tsuma Netori: Ryoujoku Rinne,ova,1.0
15417,Tsumamigui The Animation Chance.0: Watashi wo Check Shite Miru?,ova,1.0
22100,Tsumurin: Funkoro Yakata ni Okurimono,ona,1.0
22169,Tsumurin: Korokoro Yamu no Daibouken,ona,2.0
10604,Tsuritama: Harikitte Contest,special,1.0
10793,Tsuru ni Notte: Tomoko no Bouken,movie,1.0
6110,Tsurune Movie: Hajimari no Issha,movie,1.0
1020,Tsurune: Kazemai Koukou Kyuudou-bu,tv,13.0
2872,Tsurune: Kazemai Koukou Kyuudou-bu - Yabai,special,1.0
1694,Tsurune: Tsunagari no Issha,tv,13.0
16852,Tsushima Maru: Sayounara Okinawa,movie,1.0
10982,Tsuukin Kairaku: Chikan de Go!!,ova,1.0
17013,Tsuyoshi Shikkari Shinasai: Tsuyoshi no Time Machine de Shikkari Shinasai,movie,1.0
24845,Tu Xiao Bei: Dongwu Qi Yuan,ona,43.0
24846,Tu Xiao Bei: Shenqi de Da Ziran,ona,42.0
24876,Tudou Dori: Yi Meng Yilu,ona,26.0
24184,Tulou Tanxian: Niuniu He Niuniu,tv,26.0
24617,Tunshu Xiao Zhen: Le You Da Shijie,tv,75.0
24748,Tunshu Xuetang: Chengyu Gushi,tv,75.0
24749,Tunshu Xuetang: Jim Baike Changshi,tv,75.0
24487,Tunshu Zhen Kuaile Shenghuo: Yanyu Leyuan,tv,96.0
7888,Turn A Gundam I Movie: Earth Light,movie,1.0
7319,Turn A Gundam II Movie: Moonlight Butterfly,movie,1.0
17614,Turning Mecard W: Black Mirror-ui Buhwal,movie,1.0
17364,Turning Mecard W: Vandyne-ui Bimil,tv,6.0
17824,Turning Mecard W: Vandyne-ui Bimil - Teugbyeolpan,movie,1.0
24572,Tuzi Bang: Jixie Shi Lianmeng,tv,26.0
12151,Tuzki: Love Assassin,ona,1.0
9454,Twin Signal: Family Game,ova,3.0
12621,Twinkle Heart: Gingakei made Todokanai,ova,1.0
19334,Two on the Road: Itsumo Futari de,ova,2.0
4666,UFO Princess Valkyrie 2: Juunigatsu no Yasoukyoku,tv,12.0
5048,UFO Princess Valkyrie 3: Seiresetsu no Hanayome,ova,6.0
5753,UFO Princess Valkyrie 4: Toki to Yume to Ginga no Utage,ova,2.0
10595,UFO Princess Valkyrie: Recap,special,1.0
6620,UFO Princess Valkyrie: Shichiten Battou Hanayome Shuugyou,special,1.0
4321,Uchi no Maid ga Uzasugiru!: Uchi no Maid wa Yappari Mou Honto Uzainda naa...,special,1.0
5904,Uchuu Kaizoku Captain Herlock: Arcadia-gou no Nazo,movie,1.0
11075,Uchuu Kaizoku Mito no Daibouken: Futari no Joou-sama,tv,13.0
7246,Uchuu Koukyoushi Maetel: Ginga Tetsudou 999 Gaiden,tv,13.0
11401,Uchuu Kyoudai: Apo's Dream,ova,1.0
7429,Uchuu Kyoudai: Itten no Hikari,movie,1.0
4287,Uchuu Kyoudai: Number Zero,movie,1.0
17865,Uchuu Neko: Mardock no Bouken,ona,4.0
21071,Uchuu Senchi Kyuugou SOS: Tetsuwan Atom to Kangaeru Minna no Mirai,movie,1.0
2752,Uchuu Senkan Yamato 2199: Hoshimeguru Hakobune,movie,1.0
16769,Uchuu Senkan Yamato 2199: Hoshimeguru Hakobune Picture Drama,special,3.0
8075,Uchuu Senkan Yamato 2199: Tsuioku no Koukai,special,1.0
2605,Uchuu Senkan Yamato 2202: Ai no Senshi-tachi,ova,26.0
5322,Uchuu Senkan Yamato 2205: Aratanaru Tabidachi,ova,8.0
19829,Uchuu Senkan Yamato II: Yamato yo Eien Nare,special,1.0
19923,Uchuu Senkan Yamato III: Taiyoukei no Hakai,special,1.0
7212,Uchuu Senkan Yamato: Aratanaru Tabidachi,special,1.0
6297,Uchuu Senkan Yamato: Fukkatsu-hen,movie,1.0
6776,Uchuu Senkan Yamato: Kanketsu-hen,movie,1.0
16499,Uchuu no Hou: Erohim-hen,movie,1.0
14622,Uchuu no Hou: Reimei-hen,movie,1.0
16885,Uchuu no Kishi Tekkaman Blade II: Virgin Memory,special,1.0
8247,Uchuu no Kishi Tekkaman Blade OVA: Burning Clock,ova,1.0
10569,Uchuu no Kishi Tekkaman Blade OVA: Missing Link,ova,1.0
6406,Uchuu no Kishi Tekkaman Blade OVA: Twin Blood,ova,1.0
22395,Ugoku Ehon: Miyoko-san no Monogatari,special,1.0
10512,Ultra B: Black Hole kara no Dokusaisha BB!!,movie,1.0
12516,Ultra Nyan 2: The Great Happy Operation,movie,1.0
11355,Ultra Nyan: Hoshizora kara Maiorita Fushigi Neko,movie,1.0
11774,Ultraman Kids: Haha wo Tazunete 3000-man Kounen,tv,26.0
14510,Ultraman Kids: M7.8 Sei no Yukai na Nakama,movie,1.0
13551,Ultraman M78 Gekijou: Love and Peace,special,1.0
13202,Ultraman: Chou Toushi Gekiden - Suisei Senjin Tsuifon Toujou,ova,1.0
10142,Ultraviolet: Code 044,tv,12.0
8186,Ulysses: Jehanne Darc to Renkin no Kishi,tv,12.0
1767,Uma Musume: Pretty Derby,tv,13.0
6312,Uma Musume: Pretty Derby - 1st Anniversary Special Animation,special,1.0
4273,Uma Musume: Pretty Derby - BNW no Chikai,special,3.0
3065,Uma Musume: Pretty Derby - Road to the Top,ona,4.0
6503,Uma Musume: Pretty Derby PV,ona,1.0
1350,Uma Musume: Pretty Derby Season 2,tv,13.0
16222,Uma Musume: Pretty Derby Season 3,tv,
17531,Umeboshi Denka: Uchuu no Hate kara Panparopan!,movie,1.0
5373,Umi Monogatari: Anata ga Ite Kureta Koto,tv,12.0
7936,Umi Monogatari: Anata ga Ite Kureta Koto - Shinjiau Kokoro,special,1.0
11706,Umi Monogatari: Kanon to Iku Amamikoshima,ona,13.0
10469,Umi Monogatari: Marin no Kore Naani?,special,4.0
20478,Umiushi Shimai Gekijou: Tanabata-hen,movie,1.0
1930,Un-Go: Inga-ron,movie,1.0
11932,Under the Dog: Anthea-chan,ona,1.0
6027,Unico: Mahou no Shima e,movie,1.0
15569,Unko-san: Tsuiteru Hito ni Shika Mienai Yousei,tv,13.0
17209,Unko-san: Tsuiteru Hito ni Shika Mienai Yousei Junjou Ha,tv,13.0
6937,Unsweet: Netorare Ochita Onna-tachi,ova,1.0
11839,"Urawa no Usagi-chan: Natsu no Hi to, Bushitsu to, Tomodachi to",special,1.0
10234,Urban Square: Kohaku no Tsuigeki,ova,1.0
2175,Urusei Yatsura 2: Beautiful Dreamer,movie,1.0
4363,Urusei Yatsura Movie 1: Only You,movie,1.0
5156,Urusei Yatsura Movie 3: Remember My Love,movie,1.0
5985,Urusei Yatsura Movie 4: Lum The Forever,movie,1.0
3852,Urusei Yatsura Movie 5: Kanketsu-hen,movie,1.0
5965,Urusei Yatsura Movie 6: Itsudatte My Darling,movie,1.0
6875,"Urusei Yatsura: Haru da, Tobidase!",special,1.0
5583,Urusei Yatsura: The Shougaibutsu Suieitaikai,special,1.0
17189,Usahana: Yumemiru Ballerina,special,7.0
9638,Usamimi Bouken-tan: Sexual Harassment Shinagara Sekai wo Sukue,ova,4.0
5551,Ushinawareta Mirai wo Motomete: Ushinawareta Natsuyasumi wo Motomete,special,1.0
9226,Ushio to Tora: Comical Deformer Gekijou,ova,1.0
9985,Usuzumizakura: Garo,movie,1.0
21939,Uta no Sumu Ie: Maison Hatsune,music,1.0
3202,Uta no☆Prince-sama♪ Maji Love 2000%: Shining Star Xmas,special,1.0
7960,Uta no☆Prince-sama♪ Maji Love ST☆RISH Tours: Tabi no Hajimari,special,1.0
4546,Uta no☆Prince-sama♪ Movie: Maji Love Kingdom,movie,1.0
8635,Uta no☆Prince-sama♪ Movie: Maji Love ST☆RISH Tours,movie,1.0
22397,Utatte Asobou! Yukai na Ekaki Uta: Hajimete-hen,ova,1.0
22159,Utatte Asobou! Yukai na Ekaki Uta: Wakuwaku-hen,ova,1.0
2877,Utawarerumono: Futari no Hakuoro,tv,28.0
1985,Utawarerumono: Itsuwari no Kamen,tv,25.0
8047,Utawarerumono: Itsuwari no Kamen Specials,special,8.0
6334,Utawarerumono: Tusukuru-koujo no Karei Naru Hibi,ova,1.0
5455,Uta∽Kata: Shotou no Futanatsu,special,1.0
11727,Utsunomiko: Heaven Chapter,ova,13.0
11287,VERSEⁿ: Episodeⁿ - Kuusou,ona,1.0
13152,Valhait Rising: Kandou e.,ona,1.0
5920,Valkyrie Drive: Mermaid,tv,12.0
6983,Valkyrie Drive: Mermaid Specials,special,6.0
4106,Vampire Knight: Gekiai no Portrait,special,1.0
11167,Vampiyan Kids: Pilot,special,1.0
5595,Vandread: Gekitou-hen,ova,1.0
5871,Vandread: Taidou-hen,ova,1.0
1873,Vandread: The Second Stage,tv,13.0
4582,Vanitas no Karte: En Route Pour le Gévaudan,special,1.0
5802,Vanitas no Karte: Le Chemin Parcouru Depuis la Rencontre,special,1.0
8271,Vatican Kiseki Chousakan: Majo no Soup,ova,1.0
14360,Velvet Underworld: Alternative,music,1.0
16743,Velvet Underworld: Fragment Person,music,12.0
10007,Venus Blood: Brave,ova,4.0
11112,Venus Project: Climax,tv,6.0
16464,Versailles no Bara: Moetsukita Bara no Shouzou,special,1.0
7383,Versailles no Bara: Seimei Aru Kagiri Aishite,movie,1.0
3977,Vexille: 2077 Nihon Sakoku,movie,1.0
2991,Vinland Saga Season 2: Drowning in the Shadow,ona,1.0
6131,Vinland Saga Season 2: Same Old Story,ona,1.0
15605,Violence Gekiga Shin David no Hoshi: Inma Densetsu,ova,1.0
9862,Violence Jack: Harem Bomber-hen,ova,1.0
9576,Violence Jack: Hell's Wind-hen,ova,1.0
9188,Violence Jack: Jigoku Gai-hen,ova,1.0
176,Violet Evergarden Gaiden: Eien to Jidou Shuki Ningyou,movie,1.0
240,"Violet Evergarden: Kitto ""Ai"" wo Shiru Hi ga Kuru no Darou",special,1.0
2443,Violet Evergarden: Recollections,special,1.0
13177,Virtua Fighter: Costomize Clip,ova,1.0
11053,Virus: Virus Buster Serge,tv,12.0
12384,Visions of Frank: Short Films by Japan's Most Audacious Animators,ova,9.0
182,Vivy: Fluorite Eye's Song,tv,13.0
3194,Vivy: Fluorite Eye's Song - To Make Everyone Happy With My Singing,special,1.0
11114,W'z: Hand Shakers with W'z,special,1.0
15139,W-Tails Cat: A Strange Presence,ona,7.0
7420,W: Wish,tv,13.0
13099,W: Wish Omake,special,4.0
4361,Waga Seishun no Arcadia: Mugen Kidou SSX,tv,22.0
15038,Wagahai wa Inu de Aru: Don Matsugorou no Seikatsu,special,1.0
19201,Wagaya no Koutsuu Anzen: Chichi to no Yakusoku,ova,1.0
8003,Wagaya no Oinari-sama.: Kuu-chan no Omake Gekijou,special,12.0
23276,Wai Shuo Si Da Mingzhu: Wai Shuo Honglou,special,1.0
4771,Wakaba*Girl: Onsen Tsukaritai,special,1.0
3875,Wakakusa Monogatari: Nan to Jo-sensei,tv,40.0
12632,Wakakusa Monogatari: Nan to Jo-sensei Specials,special,2.0
14585,Wake Up! Aria: Majokko Virgin Kiki Ippatsu,ova,1.0
9471,"Wake Up, Girls! Deai no Kiroku: A Brief Recording",ova,1.0
13795,Wakusei Robo Danguard Ace: Uchuu Daikaisen,movie,1.0
7338,Wana: Hakudaku Mamire no Houkago,ova,2.0
11072,Wangu Xian Qiong III: Eren Gu Pian,ona,13.0
13936,Wangu Xian Qiong IV: Yin Yue Cheng Pian,ona,12.0
20010,Warabigami: Ten no Komoriuta,music,1.0
15392,Wares: Beyond,ona,1.0
21179,Washimo Special: Chikyuu no Mirai wo Sukue! Washimo vs Washija,special,1.0
2760,"Watashi ga Motenai no wa Dou Kangaetemo Omaera ga Warui!: Motenaishi, Nazomeite Miru",ova,1.0
17779,"Watashi no Na wa Outafukuko: Chiisana Shiawase wo, Chikyuu no Shiawase ni.",ona,3.0
16210,Watashi no Shiawase na Kekkon: Watashi no Shiawase na Katachi,ova,1.0
8265,Watashi to Watashi: Futari no Lotte,tv,29.0
18189,Wazaguu! vs. Dangerous Jiisan Ja: Houfukuzettou! Anime Quiz,ova,1.0
10578,We are Bulletproof: The Eternal,music,1.0
24797,Wei Wei Hou: Qingchun Fangxian,tv,26.0
23741,Weiba Menghuan Qu: Baike 150 Wen,tv,75.0
13075,Wellber no Monogatari: Kanashimi no Senshi Galahad no Banka,ova,1.0
6636,Wellber no Monogatari: Sisters of Wellber,tv,13.0
6844,Wellber no Monogatari: Sisters of Wellber Zwei,tv,13.0
6157,Wild Arms: Twilight Venom,tv,22.0
10420,Wind: A Breath of Heart,ova,1.0
8507,Wind: A Breath of Heart (TV),tv,13.0
9377,Wind: A Breath of Heart OVA,ova,3.0
9945,Wind: A Breath of Heart Specials,special,4.0
4034,Witch Craft Works: Takamiya-kun to Imouto no Warudakumi,ova,1.0
13414,Witch Hat: Majo to Boushi no Waltz,music,1.0
13614,With You: Mitsumeteitai,ova,2.0
6095,Wizard Barristers: Benmashi Cecil,tv,12.0
21883,Wo De San Ti: Zhang Bei Hai Zhuan,ona,9.0
18145,Wo Jia Da Shixiong Naozi You Keng: Tebie Pian,ona,52.0
20965,Wo Jiao MT: Guilai,ona,10.0
23597,Wo Jiao MT: Shankou Shan Zhan Ji,movie,1.0
22090,Wo Shi Da Xiongmao: Xiongmao Da Xia,movie,1.0
23196,Wo Shi Lang: Huolong Shanda Maoxian,movie,1.0
16615,Wo Wei Ge Kuang: Xuanlu Chongqi,ona,12.0
7988,Wonder Egg Priority: Watashi no Priority,special,1.0
15254,Wonder Gravity: Pino To Juuryoku Tsukai,ona,1.0
19337,Wonderful World: Ganmen Shintaisou,music,1.0
6437,Wooser no Sono Higurashi: Kakusei-hen,tv,12.0
9570,Wooser no Sono Higurashi: Ken to Pants to Wooser to,special,1.0
7071,Wooser no Sono Higurashi: Mugen-hen,tv,13.0
3302,World Destruction: Sekai Bokumetsu no Rokunin,tv,13.0
3081,Wu Liuqi: Anying Suming,ona,10.0
930,Wu Liuqi: Xuanwu Guo Pian,ona,10.0
844,Wu Liuqi: Zui Qiang Fa Xing Shi,ona,10.0
23183,Wu Long Xiao Zi: Yong Chuang Le Huo Dao,tv,26.0
16233,Wu Shan Wu Xing (2020): Xichuan Huan Zi Lin,ona,4.0
23780,Wudi Xiaolu: Anquan Chengzhang,ona,144.0
23572,Wulongyuan: Huobao Chuanqi,tv,52.0
24065,Wulongyuan: Huobao Chuanqi 2nd Season,tv,52.0
23606,Wuzi Pao: Yuanziya Baowei Zhan,special,3.0
17309,X Maiden: Izakaya Tamaki,ona,7.0
22255,Xi Bai Po 2: Yingxiong Wang Er Xiao,movie,1.0
22799,Xi Ge Xi Mei: Kaixin Leyuan,tv,25.0
23973,Xi Hang Zongdongyuan: Loulan Chuanqi,tv,26.0
18125,Xi Xing Ji: Anying Mo Cheng,ona,1.0
9976,Xi Xing Ji: Chongsheng Pian,ona,12.0
8159,Xi Xing Ji: Jijie Pian,ona,22.0
17621,Xi Xing Ji: Qiong Qi Didong,ona,1.0
9887,Xi Xing Ji: Suming Pian,ona,20.0
9722,Xi Xing Ji: Zaijian Wu Kong,ona,1.0
19941,Xi Yangyang Yu Hui Tai Lang: Qi Si Miao Xiang Xi Yangyang,tv,60.0
20277,Xi Yangyang Yu Hui Tailang: Faming Da Zuozhan,tv,60.0
14356,Xi Yangyang Yu Hui Tailang: Fei Ma Qi Yu Ji,movie,1.0
19885,Xi Yangyang Yu Hui Tailang: Gei Kuaile Jiayou,tv,100.0
14285,Xi Yangyang Yu Hui Tailang: Hu Hu Sheng Wei,movie,1.0
20166,Xi Yangyang Yu Hui Tailang: Jingji Da Lianmeng,tv,60.0
17280,Xi Yangyang Yu Hui Tailang: Juezhan Ci Shidai,tv,60.0
14319,Xi Yangyang Yu Hui Tailang: Kaixin Chuang Long Nian,movie,1.0
20092,Xi Yangyang Yu Hui Tailang: Kaixin Fangshenshi,tv,60.0
20110,Xi Yangyang Yu Hui Tailang: Kaixin Riji,tv,60.0
20227,Xi Yangyang Yu Hui Tailang: Kua Shikong Jiu Bing,tv,60.0
18902,Xi Yangyang Yu Hui Tailang: Kuang Chu Shengli,tv,60.0
20151,Xi Yangyang Yu Hui Tailang: Kuang Chu Weilai,movie,1.0
20131,Xi Yangyang Yu Hui Tailang: Lan Yangyang Dang Dachu,tv,52.0
20206,Xi Yangyang Yu Hui Tailang: Mama Le Fengkuang,tv,60.0
20353,Xi Yangyang Yu Hui Tailang: Man Jing Tou,tv,60.0
13255,Xi Yangyang Yu Hui Tailang: Niu Qi Chong Tian,movie,1.0
20193,Xi Yangyang Yu Hui Tailang: Qihuan Tiankong Dao,tv,60.0
20194,Xi Yangyang Yu Hui Tailang: Qiqu Waixing Ke,tv,60.0
20226,Xi Yangyang Yu Hui Tailang: Shenhai Lixian Ji,tv,60.0
14408,Xi Yangyang Yu Hui Tailang: Tu Nian Ding Gua Gua,movie,1.0
14748,Xi Yangyang Yu Hui Tailang: Xi Qi Yangyang Guo She Nian,movie,1.0
19826,Xi Yangyang Yu Hui Tailang: Xi yangyang You Shibo,ona,20.0
20276,Xi Yangyang Yu Hui Tailang: Xiha Chuang Shijie,tv,60.0
20054,Xi Yangyang Yu Hui Tailang: Yang Cun Shouhuzhe,tv,60.0
14399,Xi Yangyang Yu Hui Tailang: Yang Nian Xi Yangyang,movie,1.0
19867,Xi Yangyang Yu Hui Tailang: Yangyang Deyi Xi Yangyang,ona,365.0
19538,Xi Yangyang Yu Hui Tailang: Yangyang Kuaile De Yi Nian,tv,100.0
20145,Xi Yangyang Yu Hui Tailang: Yangyang Xiao Xinyuan,tv,60.0
20167,Xi Yangyang Yu Hui Tailang: Yangyang Xiao Zhentan,tv,60.0
19140,Xi Yangyang Yu Hui Tailang: Yangyang Yundonghui,tv,60.0
20192,Xi Yangyang Yu Hui Tailang: Yichu Da Maoxian,tv,60.0
19298,Xi Yangyang Yu Hui Tailang: Yiguo Da Yingjiu,tv,60.0
20314,Xi Yangyang Yu Hui Tailang: Yuanshi Shijie Lixian Ji,tv,60.0
22403,Xi You Ji: Qi Shi Er Bian,movie,1.0
16835,Xian Jian Qi Xia Zhuan: Huan Li Jing,ona,2.0
24601,Xianggu Teqin Dui: Gangtie Xingqiu de Mimi,tv,26.0
24599,Xianggu Teqin Dui: Guoshu Xiao Yingxiong,tv,42.0
22954,Xianggu Teqin Dui: Huluobo Ruqin,tv,42.0
24600,Xianggu Teqin Dui: Ni Xi Xianggu Zhen,tv,42.0
24602,Xianggu Teqin Dui: Yingxiong Guilai,tv,42.0
12704,Xianjing Chuanshuo RO: Shouhu Yongheng de Ai,ona,1.0
24010,Xiao Fuzi: Qi Yu Da Maoxian,tv,26.0
22923,Xiao Heshang: You Fang Seng,movie,1.0
18027,Xiao Hua Xian 3rd Season: Shou Hu Tian Shi,tv,40.0
19028,Xiao Hua Xian 4th Season: Shou Hu Tian Shi 2,ona,40.0
19104,Xiao Hua Xian 5th Season: Si Shi Huayu - Chun Xia,ona,26.0
23341,Xiao Ji Bu Hao Re: Xian Dan Si,tv,78.0
21273,Xiao Konglong: Xungen Lixian Ji,tv,52.0
23402,Xiao Laba: Tanxian Qiyu,tv,26.0
23683,Xiao Liangmao 2: Mofa Liangmao,tv,26.0
23682,Xiao Liangmao: Bailu Guilai,tv,26.0
21545,Xiao Ma Fei Li: Binfen Xianjing,tv,26.0
21923,Xiao Ma Fei Li: Binfen Xianjing 2nd Season,tv,26.0
23103,Xiao Mayi: Huanqiu Da Maoxian,movie,1.0
23188,Xiao Po Hai: You Neihan,tv,30.0
24580,Xiao Rui Yu Da Mowang: Da Mowang De Yinmou,tv,30.0
24579,Xiao Rui Yu Da Mowang: Jiazu Shiming,tv,52.0
24830,Xiao Rui Yu Da Mowang: Kuai Yue Jiazu,tv,26.0
24719,Xiao Rui Yu Da Mowang: Kuaile Leitai,tv,52.0
24123,Xiao Rui Yu Da Mowang: Shenqi de Mo Pan,tv,60.0
24862,Xiao Shiye Ketang: Wenming Pian,ona,48.0
24861,Xiao Shiye Ketang: Yangsheng Pian,ona,26.0
22878,Xiao Shu Ping Ping: Chengyu Dadian,tv,52.0
20745,Xiao Ta Lixian Ji: Jiyi Senlin,movie,1.0
24525,Xiao Tu Bandy: Fanhang Zongdongyuan,tv,26.0
24524,Xiao Tu Bandy: Haidao Tanxian Ji,tv,26.0
24657,Xiao Tu Bandy: Xingji Qi Lu,tv,52.0
21198,Xiao Tu Tao Tao De Gushi: Bu Pa Leng De Da Yi,movie,1.0
23962,Xiao Tu Xia: Kung Fu Xuexiao,tv,104.0
24247,Xiao Tu Xia: Kung Fu Xuexiao 2nd Season,tv,104.0
24552,Xiao Xiao Jiqiren: Zhanshen Tuji,tv,44.0
23719,Xiao Xing Mao: Mohuan Yuezhang,tv,26.0
23721,Xiao Xing Mao: Mohuan Yuezhang 2nd Season,tv,26.0
23190,Xiao Yingtao: Wu Gang Chuanqi,tv,26.0
23189,Xiao Yingtao: Youmo Baodian,tv,52.0
24682,Xiao Zhihui Guoxue Ketang: Zhonghua Mingren Gushi,tv,60.0
23268,"Xiao Zhu Banna Da Dianying: Mengxiang Da ""Mao"" Xian",movie,1.0
21203,Xiao Zhuren: Zhengyi Lianmeng,tv,52.0
21349,Xiao Zhuren: Zhengyi Lianmeng 2nd Season,tv,52.0
22148,Xiaodou Pai Pai: Qingshang Pei You,tv,53.0
24372,Xiaodou Pai Pai: Wenzi Wangguo Lixian Ji,ona,78.0
23855,Xiaolong Da Kung Fu: Shenlong Zhandui,tv,52.0
23145,Xiaolong Wan Di: Huanle Xiaoyuan,tv,26.0
23932,Xiaolu Xingren Er: Nuan Meng Xiao Juchang,ona,109.0
21597,Xiaopin Yijia Ren: Baoxiao Xiaoyuan Pian,tv,24.0
24787,Xiaotong Mao: Miao Xing Laike,tv,52.0
24715,Xiaoxiong Ni Ao: Huanqiu Luxing,tv,26.0
24714,Xiaoxiong Ni Ao: Mengjing Xiao Zhen,tv,52.0
6061,Xie Wang Zhui Qi 3: Shen Nu Guilai,ona,16.0
4438,Xie Wang Zhui Qi: Yishi Qingcheng,ona,12.0
23925,Xin Chenglong Lixian Ji: Mengjing Shouhu Zhe,tv,52.0
22069,Xin Datou Er Zi He Xiao Tou Baba 2: Yi Ri Chengcai,movie,1.0
22122,Xin Datou Er Zi He Xiao Tou Baba 3: Eluosi Qiyu Ji,movie,1.0
22195,Xin Datou Er Zi He Xiao Tou Baba: Caoyuan Qiyu,special,1.0
22424,Xin Datou Er Zi He Xiao Tou Baba: Chao Neng Baba,special,1.0
22426,Xin Datou Er Zi He Xiao Tou Baba: Chuanqi Doudou,special,1.0
22546,Xin Datou Er Zi He Xiao Tou Baba: Chuxi - Baiye Cheng,special,1.0
21960,Xin Datou Er Zi He Xiao Tou Baba: Fu Shu Song Ji,special,1.0
22123,Xin Datou Er Zi He Xiao Tou Baba: Ma Nian Xin Yuan,special,1.0
22425,Xin Datou Er Zi He Xiao Tou Baba: Menghuan Leyuan Qiyu Ji,special,1.0
21959,Xin Datou Er Zi He Xiao Tou Baba: Mimi Jihua,movie,1.0
22358,Xin Datou Er Zi He Xiao Tou Baba: Nian De Weidao,special,1.0
22018,Xin Didao Zhan 2: Fuzi Qibing,movie,1.0
23354,Xin Dilei Zhan: Shenyong Xiaozi,movie,1.0
24225,Xin Qi Bao Long Zhan Che 2: Ji Jia Zhan Long,tv,32.0
24385,Xin Qi Bao Long Zhan Che 3: Tuoluo Zhan Che,tv,36.0
24386,Xin Qi Bao Long Zhan Che: Bao Long Chuji,tv,16.0
24384,Xin Qi Bao Long Zhan Che: Xun Long Doushi,tv,26.0
4670,Xin Shen Bang: Nezha Chongsheng,movie,1.0
8106,Xin Shen Bang: Yang Jian,movie,1.0
24185,Xing Da Donghua Xilie: Shuguo Leyuan,tv,26.0
21431,Xing Da Xing Donghua Xilie: Taikong Chuan,tv,26.0
10912,Xing Hai Qishi: Xia Ban Ji,ona,7.0
11933,Xing Hai Qishi: Xinghuo Chongran,special,1.0
23361,Xing Mao Lixian Ji: Diqiu Da Maoxian,tv,83.0
23530,Xing Mao Lixian Ji: Gucheng Da Maoxian,tv,52.0
23610,Xing Mao Lixian Ji: Guohua Pian,tv,26.0
23608,Xing Mao Lixian Ji: Meishi Pian,tv,26.0
23455,Xing Mao Lixian Ji: Shenhua Pian,tv,26.0
23971,Xing Mao Lixian Ji: Shufa Pian,tv,26.0
23529,Xing Mao Lixian Ji: Xingkong Da Maoxian,tv,36.0
23456,Xing Mao Man Youji: San Jincun,tv,22.0
23535,Xing Mao Wenhua Da Jiangtang: Mingzhu Gushi,tv,35.0
23534,Xing Mao Wenhua Da Jiangtang: Minjian Chuanqi,tv,27.0
24162,Xing Mao Wenhua Da Jiangtang: Wenhua Gushi,tv,26.0
23607,Xing Mao: Da Xiao Xiyou,tv,50.0
23454,Xing Mao: Sunzi Bingfa Pian,tv,13.0
23609,Xing Mao: Xiyu Mi Zong,tv,50.0
23851,Xing Xueyuan 2: Yue Ling Shou Huan,tv,26.0
23467,Xing Xueyuan 3: Pandora Mijing,tv,26.0
16750,Xing You Ji: Fengbao Famila,ona,1.0
17902,Xing You Ji: Fengbao Famila 2,ona,1.0
5437,Xingchen Bian: Po Tian Mi Ju,ona,16.0
5836,Xingchen Bian: Xingchen Yao Hai,ona,12.0
5227,Xingchen Bian: Yu Li Cang Hai,ona,12.0
24754,Xingfu Zai Shenbian: Dangdai Leifeng Guomingyi De Gushi,tv,26.0
21972,Xingji Jiazu: Anquan Shaonian Tuan,ona,52.0
24650,Xingji Paobing Tuan: Hu Hua Shizhe,tv,52.0
24651,Xingji Paobing Tuan: Zhengjiu Secai,tv,52.0
24518,Xingji Xiao Mayi: Gongyi Dashi,ona,30.0
24251,Xingji Xiao Mayi: Gongyi Pian,tv,48.0
23709,Xingji Xiao Mayi: Huanqiu Zhui Meng,tv,50.0
23819,Xingji Xiao Mayi: Wuhang Guilai,tv,25.0
24189,Xingxing Muchang: Ban Ni Chengzhang,tv,52.0
24190,Xingxing Muchang: Mengxiang de Liliang,tv,52.0
24191,Xingxing Muchang: Xingfu Jiayuan,tv,52.0
24188,Xingxing Muchang: Xingxing de Haizi,tv,52.0
24211,Xingyuan Xiao Bao 2: Shenyong V5 Dui,tv,52.0
24894,Xinnian Lai La: Baicao Jie Yao,tv,26.0
23199,Xinnian Lai La: Da Nao Chuxi,movie,1.0
24420,Xinnian Lai La: Ju Men Zaixian,tv,26.0
24114,Xinnian Lai La: Ku Duo La,tv,26.0
24891,Xinnian Lai La: Shenmi Baozang,tv,26.0
24893,Xinnian Lai La: Shenqi Wugong,tv,26.0
24915,Xinnian Lai La: Wenzi Da Jienan,tv,26.0
24825,Xinnian Lai La: Yimingjingren,tv,26.0
24892,Xinnian Lai La: Yong Chuang Mo Shan,tv,26.0
18360,Xiong Bing Lian 3: Leiting Wan Jun,ona,27.0
17327,Xiong Bing Lian: Zhu Tian Jianglin,ona,26.0
18991,Xiong Chumo: Bian Xing Ji,movie,1.0
22997,Xiong Chumo: Chong Fan Di Qiu,movie,1.0
14877,Xiong Chumo: Chunri Dui Dui Peng,tv,52.0
14986,Xiong Chumo: Conglin Zong Dong Yuan,tv,104.0
17984,Xiong Chumo: Dongri Le Fantian,tv,52.0
15200,Xiong Chumo: Duo Bao Xiong Bing,movie,1.0
18331,Xiong Chumo: Guonian,special,1.0
14558,Xiong Chumo: Huanqiu Da Maoxian,tv,104.0
19886,Xiong Chumo: Kuang Ye Dalu,movie,1.0
18342,Xiong Chumo: Nianhuo,special,1.0
18165,Xiong Chumo: Qihuan Kongjian,movie,1.0
18266,Xiong Chumo: Qiu Ri Tuantuanzhuan,tv,52.0
21761,Xiong Chumo: Quaishou Jihua,tv,52.0
18011,Xiong Chumo: Tanxian Riji,tv,52.0
21634,Xiong Chumo: Tanxian Riji 2,tv,52.0
18175,Xiong Chumo: Xiari Lianlian Kan,tv,52.0
18142,Xiong Chumo: Xiong Zin Guilai,movie,1.0
21701,Xiong Chumo: Xiongxiong Huanle Song,tv,13.0
17967,Xiong Chumo: Xiongxiong Leyuan,tv,52.0
21429,Xiong Chumo: Xiongxiong Leyuan 2,tv,52.0
21829,Xiong Chumo: Xiongxiong Leyuan 3,tv,52.0
14147,Xiong Chumo: Xue Ling Xiong Feng,movie,1.0
18912,Xiong Chumo: Yuanshi Shidai,movie,1.0
24447,Xiong Zi: Fei Xiong Buke,tv,52.0
24445,Xiong Zi: Xiongxin Zhuangzhi,tv,52.0
23981,Xiong Zi: Xun Lu Zhan Ji,tv,52.0
24446,Xiong Zi: Zhengyi Shouhu,tv,52.0
21777,Xiongmao Sanbao: Meng Chong Weishi,tv,26.0
22464,Xiongmao Sanbao: Meng Chong Weishi 2nd Season,tv,26.0
23193,Xiyou Chaoji Fen 2: Zhenxin Hua Da Maoxian,movie,1.0
7942,Xiyou Ji: Dasheng Guilai,movie,1.0
21631,Xiyou Ji: Wu Jian Baobei,movie,1.0
10601,Xiyou Ji: Zai Shi Yao Wang,movie,1.0
23262,Xiyou Xin Chuan: Qingshaonian Ziwo Fanghu,tv,100.0
23574,Xuan Ji Yongzhe: Xuan Ji Zhan Ka,tv,30.0
24015,Xue Hai Zi: Zhengjiu Jiayuan,tv,26.0
21285,Xue Yu Huo: Xin Zhongguo Shi Zheyang Lian Cheng De,ona,30.0
7278,X²: Double X,music,1.0
1954,"Yahari Ore no Seishun Love Comedy wa Machigatteiru. Kan: Dakara, Shishunki wa Owarazu ni, Seishun wa Tsuzuiteiku.",ova,1.0
6307,Yakata: Kannou Kitan,ova,2.0
4751,Yaku nara Mug Cup mo: Niban Gama,tv,12.0
13536,"Yakushiji Ryouko no Kaiki Jikenbo: Hamachou, Voice & Fiction",special,1.0
9127,Yakusoku no Neverland: Michishirube,special,1.0
18555,Yakusoku: Africa Mizu to Midori,ova,1.0
13613,Yakyuukyou no Uta: Kita no Ookami Minami no Tora,movie,1.0
17989,Yama ni Kagayaku: Guide-ken Heiji Gou,special,1.0
4496,Yama no Susume: Kabe tte Kowakunai no?,special,1.0
2764,Yama no Susume: Next Summit,tv,12.0
3175,Yama no Susume: Omoide Present,ova,1.0
1564,Yamada-kun to 7-nin no Majo: Mou Hitotsu no Suzaku-sai,ova,2.0
11327,Yamato Takeru: After War,ova,2.0
16377,"Yamato yo, Towa ni: Rebel 3199",,
18997,Yamete! Lighter Asobi: Doubutsu Mura no Shouboutai Shutsu Dou,ova,1.0
11531,Yami Shibai: Furuido,ona,1.0
11696,Yami no Teio: Kyuuketsuki Dracula,special,1.0
7542,Yamitsuki Mura: Melty Limit The Animation,ova,2.0
16660,Yan Wang: Guai Hualang,ona,12.0
23985,Yang Jia Jiang: Jin Shatan,tv,42.0
23733,Yang Jia Jiang: Pan Yang An,tv,41.0
23734,Yang Jia Jiang: Zhan Pengcheng,tv,26.0
20384,Yasai no Yousei: N.Y. Salad Special,special,1.0
19771,Yasai no Yousei: N.Y. Salad The Movie,movie,1.0
16891,Yasai no Yousei: N.Y.Salad,tv,26.0
17468,Yasai no Yousei: N.Y.Salad 2nd Series,tv,26.0
17884,Yasai no Yousei: Quiz Gekijou,movie,1.0
14875,Yasuji no Pornorama: Yacchimae!!,movie,1.0
11322,Yatterman the Movie: Shin Yattermecha Osu Gou! Omocha no Kuni de Dai Ketsudan da Koron,movie,1.0
6126,Yawara!: Zutto Kimi no Koto ga...,special,1.0
4975,Yes! Precure 5 GoGo! Movie: Okashi no Kuni no Happy Birthday,movie,1.0
4594,Yes! Precure 5 Movie: Kagami no Kuni no Miracle Daibouken!,movie,1.0
5047,Yesterday wo Utatte: Haishin-ban Episode,ona,6.0
21259,Yi Fei Chong Tian: Tianji Zhang Qi,tv,52.0
4894,Yi Nian Yong Heng: Chuan Cheng Pian,ona,54.0
4540,Yi Ren Zhi Xia 3: Rushi Pian,ona,8.0
7605,Yi Ren Zhi Xia: Fanwai Pian,ona,2.0
21140,Yi Tang Juchang: Sanguo Yanyi,tv,108.0
24160,Yi Tang Juchang: Shuihu Zhuan,tv,108.0
21548,Yin Cha: Guan Ai Shengming,tv,52.0
10049,Yin Yang Shi: Ping An Wu Yu,ona,12.0
11979,Yin Yang Shi: Ping An Wu Yu 2nd Season,ona,12.0
16952,Yin Yang Shi: Ping An Wu Yu 3rd Season,ona,12.0
23200,Ying Huo Qibing 2: Xiao Chong Bu Hao Re,movie,1.0
22320,Yingxiong Jangar: Xunbao Ji,movie,1.0
23785,Yiqian Ling Yi Ye: Zhengjiu Huangjin Cheng,tv,52.0
3176,Yoake Mae yori Ruriiro na: Crescent Love,tv,12.0
15082,Yogen-sha Ikusei Gakuen: Fortune Tellers Academy,ona,1.0
12144,Yoiko no Rekishi Anime: Ookina Kabu (Kabu),movie,1.0
3611,Yokohama Kaidashi Kikou: Quiet Country Cafe,ova,2.0
14358,Yokohama Meibutsu: Otoko Katayama-gumi!,ova,2.0
5175,Yokorenbo: Immoral Mother,ova,2.0
6364,Yoku Wakaru Gendai Mahou: Cruncha Cruncha Cruncha,special,1.0
3613,Yomigaeru Sora: Rescue Wings,tv,12.0
6386,Yomigaeru Sora: Rescue Wings - Saigo no Shigoto,special,1.0
16780,Yong Sheng: Shi Nian Zhi Yue,ona,12.0
24172,Yongchun Baihe Quan: Wuse Yu Chuanqi,tv,26.0
17879,Yoshida Katsuko no Yabai wa! SDGs: Araburu! Trouble! Sustainable!,tv,13.0
5171,"Yosuga no Sora: In Solitude, Where We Are Least Alone.",tv,12.0
20686,You Yao Qi Guanggao Pian: Gao Neng Qi Chuang Zhuang Tai Jia,special,1.0
10635,Youchien Senshi: Hanamaru Girls,special,3.0
4722,Youjo Senki Movie: Manner Eizou,movie,1.0
1845,Youjo Senki: Sabaku no Pasta Daisakusen,ona,1.0
4401,Youjo Senki: Senkyou Houkoku,special,1.0
14514,Youkai Ningen Bem: Part II,special,2.0
10467,Youkai Watch Jam: Youkai Gakuen Y - N to no Souguu,tv,63.0
5035,Youkai Watch Movie 1: Tanjou no Himitsu da Nyan!,movie,1.0
7422,Youkai Watch Movie 2: Enma Daiou to Itsutsu no Monogatari da Nyan!,movie,1.0
10128,Youkai Watch Movie 3: Soratobu Kujira to Double Sekai no Daibouken da Nyan!,movie,1.0
7543,Youkai Watch Movie 4: Shadow Side - Oni-ou no Fukkatsu,movie,1.0
8845,Youkai Watch Movie 5: Forever Friends,movie,1.0
11827,Youkai Watch Movie 6: Youkai Gakuen Y - Neko wa Hero ni Nareru ka,movie,1.0
17438,"Youkai Watch ♪ Movie 7: Keita to Orecchi no Deai Hen da Nyan ♪ Wa, Watakushi mo ♪♪",movie,1.0
18662,Youkai Watch ♪ Movie 8: Jibanyan vs. Komasan - Monge Daikessen da Nyan,movie,1.0
20326,Youkai Watch ♪ Planetarium: Koma-san kara no SOS! Black Hole e Let's Go da Nyaa ♪,movie,1.0
13307,Youkai Watch: Best 10,special,1.0
20753,Youkai Watch: Planetarium wa Hoshi to Youkai ga Ippai!,movie,1.0
7976,Youkai Watch: Shadow Side,tv,49.0
17887,Young Alive!: iPS Saibou ga Hiraku Mirai,movie,1.0
15421,Youshi Kei: Mou Hitotsu no Nijiiro Toshi,movie,1.0
18369,Youtai Nuhai Zai Shanghai 2: Xianglian Mima,movie,1.0
1600,Yowamushi Pedal: Glory Line,tv,25.0
606,Yowamushi Pedal: Grande Road,tv,24.0
3099,Yowamushi Pedal: Limit Break,tv,25.0
1278,Yowamushi Pedal: New Generation,tv,25.0
6048,Yowamushi Pedal: Re:Generation,movie,1.0
3538,Yowamushi Pedal: Re:Ride,movie,1.0
3500,Yowamushi Pedal: Re:Road,movie,1.0
3436,Yowamushi Pedal: Spare Bike,movie,1.0
2890,Yowamushi Pedal: Special Ride,ova,1.0
1611,Yozakura Quartet: Hana no Uta,tv,13.0
2423,Yozakura Quartet: Hoshi no Umi,ova,3.0
2553,Yozakura Quartet: Tsuki ni Naku,ova,3.0
12664,Ys IV: The Dawn of Ys,special,1.0
7006,Ys: Tenkuu no Shinden - Adol Christine no Bouken,ova,4.0
21172,Yu Qi Lin: Xian Ling Qi Yu,tv,52.0
21971,Yu Qilin Gushi Hui: Jingdian Gushi Zong Dong Yuan,tv,104.0
22629,Yu Shen Chuan: Wangzhe Shaonian,movie,1.0
22278,Yu Shen Chuan: Xun Zhao Shen Li,movie,1.0
22944,Yuan Chuang Shijie: Xiong Hai Zi Buluo,movie,1.0
20865,Yuan Shi Qi Zhuan Qianzhuan: Gloria,ona,2.0
5497,Yuanshen: Hai Dengjie CM Duanpian - Ming Xiao Huanmeng,ona,1.0
7381,Yubisaki kara Honki no Netsujou 2: Koibito wa Shouboushi,ona,8.0
6693,Yubisaki kara Honki no Netsujou: Osananajimi wa Shouboushi,ona,8.0
20649,Yuki Terai Bonus Track: My Dearest You,music,1.0
13207,Yume Kakeru Kougen: Kiyosato no Chichi Paul Rusch,movie,1.0
6075,Yume Kui: Tsurumiku Shiki Game Seisaku,ova,2.0
17272,"Yume Miru, Anime: on-chan",tv,26.0
10843,Yume Oukoku to Nemureru 100-nin no Oujisama: Short Stories,ona,10.0
4119,Yume-iro Pâtissière: Mune Kyun Tropical Island!,special,1.0
14772,Yumehito: Yumejin,music,1.0
18644,Yumi-chan no Hikkoshi: Sayonara Tsutomu-kun,music,1.0
21771,Yunlong Chuanqi: Jiulong Zhan Ji,tv,26.0
16064,Yuri!!! on Ice The Movie: Ice Adolescence,movie,1.0
1043,Yuri!!! on Ice: Yuri Plisetsky GPF in Barcelona EX - Welcome to The Madness,special,1.0
5855,"Yuru Yuri: Doushite, Tomaranai, Tokimeki, Dokidoki, Paradox, Eternal",special,1.0
10845,Yurumates 3D Plus: Natsuyasumi Maison du Wish Report,ova,1.0
13526,Yuugen Kaisha: Jiken File 00 - Hajimari wa Ayashiku mo Hanayaka ni,special,1.0
4753,Yuugo: Koushounin,tv,13.0
10945,Yuuguu Settai: Kotou no Gokuraku e Youkoso,ova,2.0
19532,Yuukai Boushi Animation Eiga: Akazukin-chan Chanto Check,ova,1.0
3248,Yuuki Yuuna wa Yuusha de Aru: Dai Mankai no Shou,tv,12.0
4846,Yuuki Yuuna wa Yuusha de Aru: Hidamari,special,1.0
1822,Yuuki Yuuna wa Yuusha de Aru: Washio Sumi no Shou,tv,6.0
3030,Yuuki Yuuna wa Yuusha de Aru: Washio Sumi no Shou 1 - Tomodachi,movie,1.0
2683,Yuuki Yuuna wa Yuusha de Aru: Washio Sumi no Shou 2 - Tamashii,movie,1.0
2515,Yuuki Yuuna wa Yuusha de Aru: Washio Sumi no Shou 3 - Yakusoku,movie,1.0
1865,Yuuki Yuuna wa Yuusha de Aru: Yuusha no Shou,tv,6.0
18071,Yuuki no Hana ga Hiraku Toki: Yanase Takashi to Anpanman no Monogatari,special,1.0
21239,Yuusha Ou GaoGaiGar: Project Z,special,1.0
12162,Yuusha Shirei Dagwon: Suishou no Hitomi no Shounen,ova,2.0
5293,"Yuusha, Yamemasu: Kenshuu Ryokou wa Mokuteki wo Miushinau na",special,2.0
20710,Yuusha-Ou GaoGaiGar: Blockaded Numbers,special,2.0
16443,Yuusha-kei ni Shosu: Choubatsu Yuusha 9004-tai Keimu Kiroku,,
11370,Yuuwaku Countdown: Akira,ova,3.0
3848,Yuu☆Yuu☆Hakusho: Eizou Hakusho - Ankoku Bujutsukai no Shou,ova,2.0
7896,Yuu☆Yuu☆Hakusho: Eizou Hakusho - Opening Ending Encyclopedia,special,1.0
3720,Yuu☆Yuu☆Hakusho: Eizou Hakusho II,ova,4.0
3067,Yuu☆Yuu☆Hakusho: Meikai Shitou-hen - Honoo no Kizuna,movie,1.0
6419,Yuu☆Yuu☆Hakusho: Mu Mu Hakusho - Nightmare Hakusho,ova,4.0
2927,Yuu☆Yuu☆Hakusho: Two Shots/Noru ka Soru ka,special,2.0
3526,"Yuyushiki: Komarasetari, Komarasaretari",ova,1.0
6871,Yuyushiki: Nyanyashiki,special,6.0
4796,Yu☆Gi☆Oh! 5D's: Shinkasuru Kettou! Stardust vs. Red Demon's,special,1.0
3644,Yu☆Gi☆Oh! Duel Monsters: Battle City Special,special,1.0
2641,Yu☆Gi☆Oh! Movie: Chou Yuugou! Toki wo Koeta Kizuna,movie,1.0
6970,Yu☆Gi☆Oh! The Dark Side of Dimensions Special: Eien no Rival - Yuugi to Kaiba!,special,1.0
9094,Yu☆Gi☆Oh! Zexal Second: Iza! Saishuu Kessen e!! Special,special,1.0
8584,Yu☆Gi☆Oh! Zexal Second: Midokoro Tenkomori Special,special,1.0
3915,Yu☆Gi☆Oh!: Hikari no Pyramid,movie,1.0
9077,Z/X: Code Reunion,tv,12.0
5102,Z/X: Ignition,tv,12.0
17196,ZIP! x Peeping Life TV: Cool Japan Saizensen,ona,5.0
16603,Zatsu Tabi: That's Journey,,
11215,Zekkyou Gakkyuu: Tensei,special,2.0
8593,Zen: Grogu to Makkuro Kurosuke,ona,1.0
10973,Zeno: Kagirinaki Ai ni,movie,1.0
11616,Zeonic Front: Kidou Senshi Gundam 0079 - Zeon no Hifun,special,1.0
16321,Zero Seiki Movie 1: Emeraldas,movie,1.0
16371,Zero Seiki Movie 2: Herlock,movie,1.0
16390,Zero Seiki Movie 3: Maetel,movie,1.0
12524,Zero Sum Game: Sex Crime,ova,1.0
12901,Zero Tester: Chikyuu wo Mamore!,tv,28.0
865,Zero no Tsukaima: Futatsuki no Kishi,tv,12.0
1069,Zero no Tsukaima: Princesses no Rondo,tv,12.0
1972,Zero no Tsukaima: Princesses no Rondo - Yuuwaku no Sunahama,special,1.0
3417,Zero no Tsukaima: Princesses no Rondo Picture Drama,special,7.0
7004,Zetsumetsu Kigu Shoujo: Amazing Twins,ova,2.0
10981,Zettai Bouei Leviathan: Mini Takibi Gekijou,special,13.0
4847,Zettai Karen Children OVA: Aitazousei! Ubawareta Mirai?,ova,1.0
7622,Zettai Karen Children: Gentei Kaikin!! OVA Chou Sakidori Special!!,ova,1.0
8946,Zettai Karen Children: Oobanburumai! Natsuko to Hotaru no B.A.B.E.L. Tsuushin,special,1.0
1306,Zettai Karen Children: The Unlimited - Hyoubu Kyousuke,tv,12.0
10166,Zettai Shougeki: Platonic Heart,ova,5.0
14261,Zettai Shougeki: Platonic Heart Picture Drama,special,4.0
18241,Zhandou Wang Zhi Jufeng Zhan Hun 5: Heti Fanwai Pian,tv,10.0
11983,Zhen Dao Ge: Chenshi Hang,ona,1.0
18361,Zhen Dao Ge: Tebie Pian,ona,2.0
21642,Zhen Gongfu: Aoyun Zai Wojia,movie,1.0
6373,Zhen Hun Jie: Bei Luo Shi Men Pian Part 1,ona,5.0
7389,Zhen Hun Jie: Bei Luo Shi Men Pian Part 2,ona,7.0
22019,Zheng He 1405: Mo Hai Xun Zong,movie,1.0
23400,Zheng Zai Jiang Gush: Shi Er Shengxiao,ona,26.0
24053,Zhezhi Zongdongyuan: Zhi Bao Qibing,tv,52.0
23177,Zhi Duoduo: Jieri Jianianhua,ona,10.0
20260,Zhiqu Yang Xuetang: Diqiu Jianianhua,ona,26.0
19958,Zhiqu Yang Xuetang: Dong Zhi Wu Pian Pian,ona,26.0
20372,Zhiqu Yang Xuetang: Qihuan Chengyu Shu,ona,26.0
20168,Zhiqu Yang Xuetang: Yangyang Lai Yunbao,ona,26.0
20026,Zhiqu Yang Xuetang: Yangyang Qu Maoxian,ona,26.0
20000,Zhiqu Yang Xuetang: Yangyang You Shijie,ona,26.0
20041,Zhiqu Yang Xuetang: Yundong Pian,ona,26.0
24781,Zhongguo Huiben Jingdian Mingzhu Xilie: Shouhui Sanguo,ona,20.0
24783,Zhongguo Huiben Jingdian Mingzhu Xilie: Shouhui Shuihu,ona,20.0
24782,Zhongguo Huiben Jingdian Mingzhu Xilie: Shouhui Xiyou,ona,20.0
23182,Zhongguo Nanhai: Hong Zhanhui,tv,12.0
24367,Zhongguo Qiao Guniang: Huangdao Po,tv,13.0
24427,Zhonghua Meide Gushi: Chengxin Pian,tv,50.0
21835,Zhongkui Chuanqi: Sui Han Sanyou,movie,1.0
23690,Zhou Zhou Lu Zhi Meng: Jiayuan Shouhu,tv,26.0
23966,Zhu Dike: Caihong Jiejie Jiang Gushi,tv,10.0
23450,Zhu Dike: Guguai Dao Da Maoxian I,tv,26.0
23526,Zhu Dike: Guguai Dao Da Maoxian II,tv,26.0
20584,Zhu Dike: Lanhai Gi Yuan,movie,1.0
23821,Zhu Dike: Mengxiang Xunlian Ying,tv,26.0
18178,Zhu Zhu Xia: Bai Bian Lian Meng,tv,52.0
18509,Zhu Zhu Xia: Bian Shen Xiao Ying Xiong,tv,52.0
18370,Zhu Zhu Xia: Bian Shen Zhandu,tv,52.0
18594,Zhu Zhu Xia: Bukesiyi de Shijie,movie,1.0
18166,Zhu Zhu Xia: Chao Xing Meng Chong,tv,124.0
18617,Zhu Zhu Xia: Da Nao Huang Gong,tv,4.0
18646,Zhu Zhu Xia: Fan Wai - Pin Zhuang Tegong Dui,ona,26.0
18634,Zhu Zhu Xia: Fan Wai - Zhi Huanqiu Riji,ona,26.0
18268,Zhu Zhu Xia: Guang Ming Shou Wei Zhe,tv,52.0
18333,Zhu Zhu Xia: Jimu Shijie de Tonghua,tv,52.0
17858,Zhu Zhu Xia: Jing Qiu Xiao Yingxiong,tv,104.0
18388,Zhu Zhu Xia: Jing Su Xiao Yingxiong,tv,104.0
18618,Zhu Zhu Xia: Jiong Jiong Wei Ji,movie,1.0
23565,Zhu Zhu Xia: Kele Ba,ona,100.0
18038,Zhu Zhu Xia: Konglong Riji,tv,104.0
18196,Zhu Zhu Xia: Meng Xiang Shou Wei Zhe,tv,52.0
18267,Zhu Zhu Xia: Mo Huan Zhu Luo Ji,tv,20.0
20841,Zhu Zhu Xia: Shenhai Xiao Yingxiong,tv,104.0
18261,Zhu Zhu Xia: Wu Ling Shou Wei Zhe,tv,52.0
18332,Zhu Zhu Xia: Wu Xia 2008,tv,20.0
18449,Zhu Zhu Xia: Xingfu Jiuyuan Dui,tv,52.0
18670,Zhu Zhu Xia: Ying Xiong Zhu Shao Nian,movie,1.0
18606,Zhu Zhu Xia: Yong Chuang Juren Dao,movie,1.0
18355,Zhu Zhu Xia: Yong Chuang Weilai Cheng,tv,40.0
18707,Zhu Zhu Xia: Zhong Ji Jue Zhan,movie,1.0
18356,Zhu Zhu Xia: Zhong Ji Jue Zhan - Qian Ye Pian,tv,52.0
21594,Zhuanzhan Chao Xuan Doushi: Chao Xuan Juexing,ona,
17175,Zi Chuan: Yincang Hudong Ju,ona,9.0
13417,Ziggy: Soreyuke! R&R Band,movie,1.0
10915,Zoku Natsume Yuujinchou: 3D Nyanko-sensei Gekijou,special,5.0
11804,Zoku Oujo & Onna Kishi W Do Gehin Roshutsu: Chijoku no Misemono Dorei,ova,2.0
18648,Zoku Sayonara Zetsubou Sensei: Shuukan Zetsubou Sensei Hihyou,special,4.0
3174,Zoku Touken Ranbu: Hanamaru,tv,12.0
19351,Zoku Zou no Senaka: Baton Touch,ova,1.0
712,Zom 100: Zombie ni Naru made ni Shitai 100 no Koto,tv,12.0
5135,Zone of the Enders: 2167 Idolo,ova,1.0
5000,"Zone of the Enders: Dolores, I",tv,26.0
15848,Zone: Intro,music,1.0
13961,Zonmi-chan: Halloween☆Special Movie!,ona,1.0
12115,Zonmi-chan: Meat Pie of the Dead,special,1.0
10465,Zoo: Hidamari no Shi,movie,1.0
12236,Zou no Senaka: Tabidatsu Hi,ova,2.0
7106,Zton Jingai Animation: A Beautiful Greed Nulu Nulu,ova,1.0
14040,Zukkoke Knight: Don De La Mancha,tv,23.0
18123,Zukkoke Sannin-gumi: Kusunoki Yashiki no Guruguru-sama,special,1.0
17338,Zukkoke Sannin-gumi: Zukkoke Jikuu Bouken,ova,1.0
3499,Zutto Mae kara Suki deshita. Kokuhaku Jikkou Iinkai: Kinyoubi no Ohayou,special,1.0
7785,eX-Driver: Nina & Rei Danger Zone,movie,1.0
687,ef: A Tale of Melodies.,tv,12.0
3369,ef: A Tale of Melodies. - Prologue,special,1.0
586,ef: A Tale of Memories.,tv,12.0
3490,ef: A Tale of Memories. - Prologue,special,1.0
3960,ef: A Tale of Memories. - Recollections,special,1.0
10765,gdgd Fairies Movie: tte Iu Eiga wa Dou kana...?,movie,1.0
18812,i☆Ris the Movie: Full Energy!!,movie,1.0
6812,s.CRY.ed Alteration I: Tao,movie,1.0
7227,s.CRY.ed Alteration II: Quan,movie,1.0
1090,xxxHOLiC Movie: Manatsu no Yoru no Yume,movie,1.0
